Climate ID,Station Name,Province,Latitude,Longitude,DLY First Year,DLY Last Year
USW00025704,ADAK AIRPORT,US-AK,51.88333,-176.65,1942,2025
USC00500201,ALEKNAGIK,US-AK,59.28333,-158.56667,1958,1973
USC00500230,ALLAKAKET,US-AK,66.56528,-152.6425,1907,1998
USC00500243,ALYESKA,US-AK,60.9583,-149.1108,1963,2025
USC00500260,AMBLER WEST,US-AK,67.08333,-157.86667,1981,1992
USW00045702,AMCHITKA ISLAND,US-AK,51.38333,179.25,1949,1965
USC00500270,ANAKTUVUK PASS,US-AK,68.16667,-151.76667,1953,2023
USW00026401,ANCHORAGE ELMENDORF AFB,US-AK,61.25306,-149.79361,1947,1997
USW00026491,ANCHORAGE LAKE HOOD SEA PLANE BASE,US-AK,61.1786,-149.96509,1998,2025
USW00026409,ANCHORAGE MERRILL FIELD,US-AK,61.2163,-149.85724,1916,2025
USC00500284,ANCHORAGE RABBIT CREEK NUMBER 2,US-AK,61.0882,-149.7561,2006,2021
USW00026451,ANCHORAGE TED STEVENS INTERNATIONAL AIRPORT,US-AK,61.16916,-150.02771,1952,2025
USC00500281,ANCHORAGE UPPER DEARMOUN,US-AK,61.1025,-149.7169,2005,2025
USC00500310,ANGOON,US-AK,57.49889,-134.58639,1932,2011
USW00026516,ANIAK AIRPORT,US-AK,61.58159,-159.54304,1920,2025
USW00025308,ANNETTE AIRPORT,US-AK,55.0389,-131.5787,1941,2019
USC00500363,ANNEX CREEK,US-AK,58.3183,-134.1003,1917,2025
USC00500433,ATKA,US-AK,52.21667,-174.2,1916,2025
USC00500452,ATTU,US-AK,52.83333,173.18333,1917,1993
USW00045709,ATTU NS,US-AK,52.8,173.16667,1947,1958
USC00500464,AUKE BAY,US-AK,58.3814,-134.645,1963,2025
USC00500490,AURORA,US-AK,64.8552,-147.7216,2004,2025
USC00500522,BARANOF,US-AK,57.08333,-134.83333,1936,1966
USW00027502,BARROW AIRPORT,US-AK,71.28703,-156.73938,1901,2025
USW00027401,BARTER ISLAND WEATHER SERVICE OFFICE AIRPORT,US-AK,70.13389,-143.57694,1947,2025
USC00500657,BEAVER FALLS,US-AK,55.3574,-131.69691,1948,2016
USW00026615,BETHEL AIRPORT,US-AK,60.78497,-161.82931,1923,2025
USW00026533,BETTLES AIRPORT,US-AK,66.91764,-151.51892,1945,2025
USW00026415,BIG DELTA AIRPORT,US-AK,63.99312,-145.72134,1917,2025
USC00500788,BIG RIVER LAKES,US-AK,60.81417,-152.29694,1978,2010
USC00500832,BLASHKE ISLAND,US-AK,56.1172,-132.9016,2001,2013
USC00500986,BROOKS LAKE,US-AK,58.55,-155.81667,1951,1972
USC00501017,BROOKS RIVER,US-AK,58.55,-155.78333,1967,1990
USC00501228,CAMP TOGOWOODS,US-AK,61.495,-149.75722,2001,2007
USC00501220,CAMPBELL CREEK SCIENCE CENTER,US-AK,61.1638,-149.7777,2000,2025
USC00501240,CANNERY CREEK,US-AK,61.0183,-147.5147,1979,2025
USC00501243,CANTWELL 2 E,US-AK,63.3952,-148.895,1983,2011
USC00501254,CANYON VILLAGE,US-AK,67.15,-141.75,1963,1968
USW00025602,CAPE AFB FORT GLENN,US-AK,53.38333,-167.9,1944,1969
USC00501269,CAPE DECISION,US-AK,56.00202,-134.13516,1940,1974
USC00501308,CAPE HINCHINBROOK,US-AK,60.23734,-146.64665,1944,1974
USC00501312,CAPE LISBURNE,US-AK,68.86667,-166.11667,1954,1984
USC00501314,CAPE NEWENHAM,US-AK,58.63333,-162.06666,1953,1984
USW00025623,CAPE NEWENHAM AFS,US-AK,58.65,-162.06667,1953,1970
USC00501318,CAPE ROMANZOF,US-AK,61.76667,-166.05,1953,1985
USW00026633,CAPE ROMANZOF AFS,US-AK,61.78333,-166.03333,1953,1970
USC00501325,CAPE SARICHEF,US-AK,54.9824,-164.9276,1952,1980
USC00501334,CAPE SPENCER,US-AK,58.19891,-136.64018,1936,1974
USC00501321,CAPE ST ELIAS,US-AK,59.8,-144.6,1936,1974
USC00501447,CASWELL,US-AK,61.96667,-149.9,1949,1958
USC00501458,CENTRAL NUMBER 2,US-AK,65.58333,-144.8,1905,1954
USC00501466,CENTRAL NUMBER 2,US-AK,65.5667,-144.7653,1962,2011
USC00501475,CHALKYITSIK,US-AK,66.63333,-143.71667,1962,1972
USC00501492,CHANDALAR LAKE,US-AK,67.5111,-148.4925,1968,2011
USC00501557,CHENA RIDGE,US-AK,64.83,-147.8525,1999,2013
USC00501641,CHICHAGOF,US-AK,57.66667,-136.08333,1951,1957
USC00501684,CHICKEN,US-AK,64.0917,-141.9211,1911,2025
USC00501716,CHIGNIK,US-AK,56.3,-158.4,1927,1978
USC00501824,CHITINA,US-AK,61.5223,-144.4407,1917,2012
USC00501977,CIRCLE CITY,US-AK,65.83333,-144.06667,1900,1999
USC00501987,CIRCLE HOT SPRINGS,US-AK,65.4939,-144.6422,1935,2025
USW00025624,COLD BAY AIRPORT,US-AK,55.22068,-162.7323,1942,2025
USW00025603,COLD BAY THORNBROUGH AFB,US-AK,55.2,-162.71667,1942,1954
USC00502112,COLLEGE 5 NW,US-AK,64.925,-147.88028,1976,2013
USC00502107,COLLEGE OBSERVATORY,US-AK,64.8603,-147.8484,1948,2025
USC00502144,COOPER LAKE PROJECT,US-AK,60.3925,-149.66611,1958,2004
USC00502149,COOPER LANDING 5 W,US-AK,60.4875,-149.9681,1975,2014
USC00502147,COOPER LANDING KENAI R,US-AK,60.49222,-149.80889,1941,1956
USC00502156,COPPER CENTER,US-AK,61.96667,-145.31667,1902,1982
USC00502161,COPPER VALLEY SCHOOL,US-AK,62.08333,-145.3,1962,1971
USW00026410,CORDOVA AIRPORT,US-AK,60.48604,-145.4445,1909,2025
USC00502173,CORDOVA NORTH,US-AK,60.5561,-145.753,1955,2019
USC00502227,CRAIG,US-AK,55.4772,-133.1408,1936,2025
USC00502247,CROOKED CREEK,US-AK,61.86667,-158.1,1911,1974
USW00027406,DEADHORSE,US-AK,70.19146,-148.48005,1999,2025
USW00026643,DEERING AIRPORT,US-AK,66.06957,-162.76142,1998,2025
USC00502457,DILLINGHAM AIRPORT,US-AK,59.05,-158.51667,1919,2025
USC00502568,DRY CREEK,US-AK,63.67459,-144.60409,1996,2025
USC00502587,DUTCH HARBOR,US-AK,53.895,-166.5433,1915,2025
USC00502607,EAGLE,US-AK,64.7856,-141.2036,1901,2025
USW00026422,EAGLE AIRPORT,US-AK,64.77611,-141.16351,1998,2025
USC00502656,EAGLE RIVER 5 SE,US-AK,61.2968,-149.4399,1989,2025
USC00502645,EAGLE RIVER GAKONA CIRCLE,US-AK,61.3193,-149.5435,2003,2025
USC00502642,EAGLE RIVER NATURE CENTER,US-AK,61.23446,-149.27091,1981,2025
USC00502665,EDGEMIRE LAKES,US-AK,62.53333,-150.28333,1971,1981
USC00502707,EIELSON FIELD,US-AK,64.66667,-147.1,1946,2011
USW00026407,EIELSON FIELD,US-AK,64.68333,-147.08333,1949,1970
USC00502717,EKLUTNA,US-AK,61.45,-149.33333,1941,1955
USC00502725,EKLUTNA LAKE,US-AK,61.4,-149.15,1946,1976
USC00502730,EKLUTNA PROJECT,US-AK,61.46667,-149.16667,1952,1998
USC00502770,ELDRED ROCK,US-AK,58.97096,-135.22026,1941,1973
USC00502785,ELFIN COVE,US-AK,58.1916,-136.3435,1975,2025
USW00026452,ELMENDORF 2 AFB,US-AK,61.25,-149.8,1953,1956
USC00502825,EMMONAK,US-AK,62.78333,-164.48333,1977,2025
USC00502870,ESTER,US-AK,64.8464,-148.0256,2003,2021
USC00502871,ESTER 5 NE,US-AK,64.911,-147.9242,1997,2025
USC00502952,EUREKA,US-AK,61.95,-147.16667,1953,1968
USW00026411,FAIRBANKS INTERNATIONAL AIRPORT,US-AK,64.80309,-147.87606,1929,2025
USC00502970,FAIRBANKS MIDTOWN,US-AK,64.83417,-147.79111,1996,2013
USW00026519,FAREWELL FAA AIRPORT,US-AK,62.51667,-153.88333,1941,1981
USC00503072,FIVE FINGER LIGHT ST,US-AK,57.2704,-133.6315,1941,1984
USC00503085,FLAT,US-AK,62.45,-158.0,1932,1961
USC00503160,FORT KNOX MINE,US-AK,65.0033,-147.3408,1997,2025
USW00026413,FORT YUKON,US-AK,66.56667,-145.26667,1899,2025
USC00503181,FOX 2 SE,US-AK,64.9591,-147.6261,1996,2022
USC00503212,GALENA,US-AK,64.7408,-156.8755,1996,2025
USW00026501,GALENA AIRPORT,US-AK,64.73667,-156.93444,1953,2025
USW00026509,GALENA AIRPORT,US-AK,64.71667,-156.9,1948,1953
USW00026703,GAMBELL AIRPORT,US-AK,63.76667,-171.73278,1901,1997
USC00503275,GILMORE CREEK,US-AK,64.9766,-147.5211,1962,2025
USC00503283,GIRDWOOD,US-AK,60.93333,-149.16667,1921,1978
USC00503294,GLACIER BAY,US-AK,58.4561,-135.8692,1966,2025
USC00503304,GLENNALLEN KCAM,US-AK,62.1086,-145.5331,1965,2025
USC00503454,GUARD ISLAND LIGHT STATION,US-AK,55.44599,-131.88116,1940,1969
USW00026425,GULKANA AIRPORT,US-AK,62.15914,-145.45885,1907,2025
USC00503470,GULL COVE,US-AK,58.2,-136.15,1940,1952
USW00025322,GUSTAVUS,US-AK,58.4111,-135.7089,1923,2025
USW00025323,HAINES AIRPORT,US-AK,59.24287,-135.51139,1911,2025
USC00505898,HAINES HIGHWAY MILE,US-AK,59.4,-135.9,1946,1958
USC00503585,HEALY,US-AK,63.8674,-148.9943,1976,2017
USC00503605,HIDDEN FALLS HATCHERY,US-AK,57.2177,-134.8769,1992,2025
USC00503650,HOLLIS,US-AK,55.4909,-132.6222,1949,2017
USC00503655,HOLY CROSS,US-AK,62.18333,-159.76667,1892,1975
USC00503672,HOMER 8 NW,US-AK,59.7444,-151.6347,1977,2021
USW00025507,HOMER AIRPORT,US-AK,59.64196,-151.49098,1932,2025
USC00503695,HOONAH,US-AK,58.1071,-135.4277,1941,2025
USC00503765,HUGHES,US-AK,66.06667,-154.23333,1941,1970
USW00025506,ILIAMNA AIRPORT,US-AK,59.74922,-154.90902,1920,2025
USC00503908,ILLINOIS CREEK,US-AK,64.05,-157.83333,1991,2004
USW00026535,INDIAN MOUNTAIN AFS,US-AK,66.0,-153.7,1951,1970
USC00503925,INISKIN,US-AK,59.75,-153.23333,1954,1962
USW00025309,JUNEAU AIRPORT,US-AK,58.354,-134.55606,1936,2025
USC00504094,JUNEAU DOWNTOWN,US-AK,58.2988,-134.4111,1965,2021
USW00026502,KALTAG AIRPORT,US-AK,64.3208,-158.7326,1998,2025
USC00504329,KARLUK LAKE 2,US-AK,57.36667,-154.03333,1937,1953
USC00504425,KASILOF 3 NW,US-AK,60.36516,-151.37398,1925,1997
USC00504429,KASITSNA BAY,US-AK,59.46667,-151.55,1967,1978
USC00504550,KENAI 9 N,US-AK,60.66917,-151.32278,1983,2007
USW00026523,KENAI AIRPORT,US-AK,60.57909,-151.24152,1899,2025
USC00504594,KETCHIKAN 10 N,US-AK,55.4519,-131.8183,2011,2025
USW00025325,KETCHIKAN AIRPORT,US-AK,55.3586,-131.72196,1910,2025
USC00504621,KEYSTONE RIDGE,US-AK,64.9156,-148.2711,1996,2025
USW00025503,KING SALMON AIRPORT,US-AK,58.68294,-156.65634,1942,2025
USC00504812,KITOI BAY,US-AK,58.1913,-152.3722,1954,2025
USW00026642,KIVALINA AIRPORT,US-AK,67.7306,-164.54788,1998,2025
USW00025367,KLAWOCK AIRPORT,US-AK,55.58191,-133.07468,1997,2025
USW00025501,KODIAK AIRPORT,US-AK,57.75071,-152.4881,1945,2025
USW00026616,KOTZEBUE AIRPORT,US-AK,66.88569,-162.6068,1897,2025
USW00026403,LADD AAB,US-AK,64.85,-147.58333,1946,1960
USC00505346,LAKE ALEKNAGIK,US-AK,59.45,-158.9,1950,1954
USC00505374,LAKE NERKA,US-AK,59.56667,-159.03333,1952,1965
USC00505425,LARSEN BAY,US-AK,57.53333,-153.96667,1939,1993
USC00505454,LATOUCHE,US-AK,60.05,-147.9,1917,1959
USC00505499,LINCOLN ROCK LIGHT S,US-AK,56.05676,-132.69746,1942,1968
USC00505506,LINGER LONGER,US-AK,59.43333,-136.28333,1959,1982
USC00505519,LITTLE PORT WALTER,US-AK,56.383,-134.6497,1936,2025
USC00505534,LIVENGOOD DOT,US-AK,65.5225,-148.5497,1933,2006
USC00505604,MAIN BAY,US-AK,60.5181,-148.0931,1982,2025
USC00505607,MANKOMEN LAKE,US-AK,62.98611,-144.47917,1965,2008
USC00505644,MANLEY HOT SPRINGS,US-AK,64.9988,-150.638,1908,2014
USC00505733,MATANUSKA EXPERIMENTAL FARM,US-AK,61.5663,-149.2541,1917,2025
USC00505731,MATANUSKA VALLEY 12,US-AK,61.61667,-149.1,1941,1954
USC00505734,MATANUSKA VALLEY 15,US-AK,61.61667,-149.21667,1942,1952
USC00505728,MATANUSKA VALLEY 9,US-AK,61.65,-149.2,1941,1954
USC00506875,MATANUSKA VALLEY 9,US-AK,61.65,-149.2,1954,1963
USW00026510,MCGRATH AIRPORT,US-AK,62.9574,-155.61009,1939,2025
USC00505778,MCKINLEY PARK,US-AK,63.7175,-148.9692,1923,2025
USW00025402,MIDDLETON ISLAND,US-AK,59.43333,-146.33333,1942,2025
USC00505880,MILE 42 STEESE,US-AK,65.22222,-147.16667,1996,2013
USC00505881,MINCHUMINA,US-AK,63.9033,-152.2816,1945,2025
USW00026620,MOSES POINT,US-AK,64.7,-162.05,1943,1967
USC00506078,MOUNTAIN VILLAGE,US-AK,62.11667,-163.71667,1946,1963
USC00506078,MOUNTAIN VILLAGE,US-AK,62.11667,-163.71667,1946,1963
USW00026435,NENANA MUNICIPAL AIRPORT,US-AK,64.54725,-149.08713,1916,2025
USC00506403,NIKISKI TERMINAL,US-AK,60.68333,-151.38333,1967,1978
USW00026617,NOME AIRPORT,US-AK,64.51112,-165.44002,1900,2025
USW00026436,NORTH DUTCH ISLAND CAA,US-AK,60.76667,-147.8,1943,1957
USC00506581,NORTH POLE,US-AK,64.7581,-147.3253,1968,2025
USC00509891,NORTH POLE 1 N,US-AK,64.76,-147.34,1996,2025
USW00026632,NORTHEAST CAPE,US-AK,63.31667,-168.96667,1953,1969
USW00026412,NORTHWAY AIRPORT,US-AK,62.96148,-141.93834,1942,2025
USW00027515,NUIQSUT AIRPORT,US-AK,70.21262,-150.99441,1998,2025
USC00506656,NULATO,US-AK,64.71861,-158.10222,1917,2004
USC00506727,NUNIVAK ISLAND,US-AK,60.38333,-166.2,1923,1973
USC00506760,NYAC,US-AK,61.0,-159.98333,1926,1963
USC00506777,OLD EDGERTON,US-AK,61.8,-144.98333,1970,1996
USC00506873,PALMER 4 SE,US-AK,61.53333,-149.08333,1956,1960
USC00505721,PALMER 4 SSE,US-AK,61.53333,-149.08333,1941,1953
USW00025331,PALMER AIRPORT,US-AK,61.59505,-149.09175,1997,2025
USC00506870,PALMER JOB CORPS,US-AK,61.5888,-149.0992,1948,2025
USC00507141,PELICAN,US-AK,57.9577,-136.2213,1967,2025
USW00025329,PETERSBURG 1,US-AK,56.8055,-132.9372,1924,2025
USC00507352,PLANT MATERIALS CNTR,US-AK,61.53333,-149.08333,1975,1994
USC00507365,PLATINUM,US-AK,59.01667,-161.78333,1939,2025
USC00507421,POINT BAKER,US-AK,56.3511,-133.6263,2003,2020
USC00507431,POINT HOPE,US-AK,68.35,-166.8,1924,2025
USC00507442,POINT LAY,US-AK,69.73288,-163.00533,1941,2025
USC00507444,POINT MACKENZIE,US-AK,61.41694,-150.08194,1980,2010
USC00507451,POINT RETREAT,US-AK,58.41147,-134.95502,1945,1973
USC00507513,PORT ALCAN,US-AK,62.6211,-141.006,1985,2025
USC00507557,PORT ALEXANDER,US-AK,56.2472,-134.6447,1949,2017
USC00507557,PORT ALEXANDER,US-AK,56.2472,-134.6447,1949,2017
USC00507570,PORT ALSWORTH,US-AK,60.2036,-154.3163,1960,2025
USC00507669,PORT CLARENCE,US-AK,65.25,-166.86667,1895,1995
USW00025508,PORT HEIDEN AIRPORT,US-AK,56.95917,-158.63167,1942,1988
USC00507738,PORT SAN JUAN,US-AK,60.0502,-148.0672,1980,2025
USW00026492,PORTAGE GLACIER VISITOR CENTER,US-AK,60.78351,-148.84839,1998,2025
USC00507783,PUNTILLA,US-AK,62.0911,-152.7349,1942,2025
USC00507900,RAMPART 2,US-AK,65.5,-150.13333,1963,1978
USC00507989,RIKAS LANDING,US-AK,64.15,-145.85,1969,1982
USW00025713,SAINT PAUL ISLAND AIRPORT,US-AK,57.15505,-170.22272,1915,2025
USC00508140,SALCHA,US-AK,64.49417,-146.97667,1919,2010
USC00508140,SALCHA,US-AK,64.49417,-146.97667,1919,2010
USC00508183,SAND POINT,US-AK,55.31667,-160.51667,1941,2025
USC00508183,SAND POINT,US-AK,55.31667,-160.51667,1941,2025
USC00508239,SAVOONGA,US-AK,63.69361,-170.48083,1929,1989
USW00025516,SELDOVIA AIRPORT,US-AK,59.44597,-151.70653,1997,2025
USC00508375,SEWARD 8 NW,US-AK,60.1883,-149.6274,1983,2016
USW00026438,SEWARD AIRPORT,US-AK,60.12927,-149.41849,1908,2025
USC00508400,SHEARWATER BAY,US-AK,57.35,-152.91667,1951,1964
USC00508400,SHEARWATER BAY,US-AK,57.35,-152.91667,1951,1964
USW00026439,SHEEP MOUNTAIN AIRPORT,US-AK,61.81194,-147.50694,1943,1966
USW00045715,SHEMYA AFB,US-AK,52.71667,174.1,1943,1995
USW00045708,SHEMYA ISLAND,US-AK,52.71667,174.1,1949,1955
USW00025333,SITKA AIRPORT,US-AK,57.04746,-135.36703,1944,2025
USC00508512,SITKINAK,US-AK,56.55,-154.13333,1960,1981
USC00508525,SKAGWAY,US-AK,59.4547,-135.3136,1898,2025
USW00025335,SKAGWAY AIRPORT,US-AK,59.45383,-135.32769,1996,2025
USW00026514,SKWENTNA,US-AK,61.9772,-151.2169,1939,2016
USC00508547,SLANA,US-AK,62.7089,-143.9808,1957,2007
USC00508554,SLEETMUTE,US-AK,61.7,-157.18333,1924,1963
USC00508594,SNOWSHOE LAKE,US-AK,62.0302,-146.693,1963,2011
USC00508625,SOURDOUGH 1 N,US-AK,62.53333,-145.51667,1971,1996
USC00508666,SPARREVOHN,US-AK,61.1,-155.55,1953,1985
USW00026534,SPARREVOHN MOUNTAIN AFS,US-AK,61.1,-155.58333,1951,1970
USW00025628,ST GEORGE ISLAND AIRPORT,US-AK,56.57484,-169.66265,1996,2025
USC00508727,STERLING,US-AK,60.53333,-150.75,1954,1968
USW00026414,SUMMIT AIRPORT,US-AK,63.33139,-149.12722,1905,1976
USC00508815,SUMMIT NIKE SITE,US-AK,61.25,-149.55,1961,1971
USW00026528,TALKEETNA AIRPORT,US-AK,62.31978,-150.09744,1918,2025
USW00026440,TANACROSS CAA AIRPORT,US-AK,63.38333,-143.33333,1904,2003
USW00026529,TANANA AIRPORT,US-AK,65.173,-152.10676,1901,2025
USW00026536,TATLINA AIRPORT,US-AK,62.89417,-155.97639,1952,1985
USC00509102,TELLER,US-AK,65.26083,-166.35944,1925,1997
USC00509139,THE GRACIOUS HOUSE,US-AK,63.13333,-147.53333,1958,1978
USC00503670,THE TICES,US-AK,59.68333,-151.63333,1952,1973
USW00026634,TIN CITY,US-AK,65.56306,-167.92139,1953,1985
USC00509313,TOK,US-AK,63.3337,-143.0372,1954,2017
USC00509313,TOK,US-AK,63.3337,-143.0372,1954,2017
USC00509385,TONSINA,US-AK,61.651,-145.1702,1907,2014
USC00509398,TRAPPER CREEK 7 SW,US-AK,62.26222,-150.42278,1997,2008
USC00509399,TREE POINT LIGHT STATION,US-AK,54.80277,-130.93388,1929,1970
USC00509410,TRIMS CAMP,US-AK,63.43333,-145.76667,1953,1979
USC00509460,TUTKA BAY LAGOON,US-AK,59.43556,-151.41361,1979,2003
USC00509489,TWO RIVERS,US-AK,64.86556,-146.95417,1992,2009
USC00509511,UGANIK BAY,US-AK,57.71667,-153.31667,1951,1965
USW00026508,UMIAT AIRPORT,US-AK,69.36944,-152.14,1945,2001
USW00026627,UNALAKLEET FIELD,US-AK,63.88333,-160.8,1941,1998
USC00509641,UNIVERSITY EXPERIMENTAL STATION,US-AK,64.8569,-147.861,1904,2025
USC00509648,UNUK RIVER,US-AK,56.06667,-131.1,1953,1956
USW00026442,VALDEZ WEATHER SERVICE OFFICE,US-AK,61.1303,-146.3517,1917,2014
USC00509694,VENETIE,US-AK,67.0,-146.56667,1962,1966
USC00509699,VENTA,US-AK,59.83333,-150.96667,1958,1967
USW00027503,WAINWRIGHT AIRPORT,US-AK,70.63678,-160.01314,1935,2024
USW00026618,WALES,US-AK,65.61667,-168.05,1925,1995
USC00509759,WASILLA 3 S,US-AK,61.53333,-149.43333,1944,1999
USC00509790,WHITES CROSSING,US-AK,61.7066,-149.9977,1971,2009
USC00509793,WHITESTONE FARMS,US-AK,64.1539,-145.8894,1996,2025
USC00509829,WHITTIER,US-AK,60.77639,-148.68583,1942,2011
USC00509858,WILD LAKE,US-AK,67.48333,-151.6,1955,1960
USC00509859,WILD LAKE 2,US-AK,67.55,-151.55,1963,1976
USC00509864,WILLOW HIGHWAY CAMP,US-AK,61.76667,-150.05,1977,1989
USC00509861,WILLOW WEST,US-AK,61.748,-150.0541,1960,2011
USC00509869,WISEMAN,US-AK,67.40822,-150.10958,1918,2025
USC00509919,WRANGELL AIRPORT,US-AK,56.4732,-132.3874,1917,2025
USW00026445,YAKATAGA AIRPORT,US-AK,60.08333,-142.5,1943,1983
USW00025339,YAKUTAT AIRPORT,US-AK,59.51211,-139.67103,1917,2025
USW00053864,ALABASTER SHELBY CO AIRPORT ASOS,US-AL,33.17835,-86.78178,1995,2025
USC00010148,ALBERTVILLE,US-AL,34.23333,-86.16667,1908,1977
USC00010163,ALEXANDER CITY 6 NE,US-AL,32.98333,-85.86667,1942,1969
USC00010252,ANDALUSIA 3 W,US-AL,31.3071,-86.5226,1912,2018
USW00013871,ANNISTON METROPOLITAN AIRPORT,US-AL,33.59043,-85.84788,1903,2025
USC00010422,AUBURN,US-AL,32.6,-85.5,1893,1970
USC00010430,AUBURN AGRONOMY FARM,US-AL,32.6,-85.5,1976,1996
USW00003892,AUBURN OPELIKA AIRPORT,US-AL,32.61611,-85.43333,2011,2025
USC00010583,BAY MINETTE,US-AL,30.884,-87.7852,1913,2025
USC00010655,BELLE MINA 2 N,US-AL,34.6891,-86.8819,1950,2025
USW00013876,BIRMINGHAM AIRPORT,US-AL,33.56545,-86.7449,1930,2025
USC00011080,BREWTON 3 ENE,US-AL,31.1413,-87.0486,1977,2025
USC00011099,BRIDGEPORT 5 NW,US-AL,34.9809,-85.81012,1896,2022
USW00003850,CAIRNS FIELD FORT RUCKER,US-AL,31.26667,-85.71667,1954,1970
USC00011288,CALERA,US-AL,33.0944,-86.7455,1900,2025
USC00011324,CAMP HILL 2 NW,US-AL,32.8236,-85.6561,1900,2013
USC00011377,CARBON HILL 4 SE,US-AL,33.8463,-87.4871,1938,2014
USC00011512,CENTRE 4 SW,US-AL,34.11667,-85.73333,1956,1984
USW00003881,CENTREVILLE 2.9 SW,US-AL,32.929,-87.1898,1974,2021
USC00011566,CHATOM,US-AL,31.4715,-88.2504,1949,2019
USC00011685,CITRONELLE,US-AL,31.08333,-88.23333,1889,1966
USC00011694,CLANTON,US-AL,32.81597,-86.60447,1893,2025
USC00011725,CLAYTON,US-AL,31.8709,-85.4501,1928,2025
USC00011807,COFFEE SPRINGS,US-AL,31.18333,-85.93333,1923,1983
USC00011849,COLLINSVILLE,US-AL,34.25,-85.88333,1938,1977
USC00011940,CORDOVA,US-AL,33.75,-87.15,1901,1991
USW00013850,CRAIG FIELD,US-AL,32.34394,-86.9878,1949,1970
USC00012096,CULLMAN 1.5SE KRESS FARMS,US-AL,34.20667,-86.79989,1994,2025
USC00012188,DAYTON,US-AL,32.36667,-87.65,1940,1982
USC00012207,DECATUR,US-AL,34.58333,-86.96667,1880,1969
USW00053852,DECATUR PRYOR FIELD,US-AL,34.65798,-86.94343,1996,2025
USC00012240,DEMOPOLIS LOCK 4,US-AL,32.51667,-87.85,1892,1954
USC00012245,DEMOPOLIS LOCK AND DAM,US-AL,32.51936,-87.87945,1951,2025
USW00093843,DOTHAN,US-AL,31.23333,-85.43333,1949,1969
USW00013839,DOTHAN REGIONAL AIRPORT,US-AL,31.31767,-85.44324,1970,2025
USC00012727,EUFAULA,US-AL,31.86667,-85.15,1892,1967
USC00012758,EVERGREEN,US-AL,31.4449,-86.9532,1890,2018
USW00053820,EVERGREEN MIDDLETON FIELD,US-AL,31.41912,-87.04844,1997,2025
USC00012813,FAIRHOPE 2 NE,US-AL,30.5468,-87.8807,1917,2025
USC00012883,FAYETTE,US-AL,33.67955,-87.82993,1892,2025
USC00012971,FLORENCE,US-AL,34.8,-87.68333,1893,1977
USC00013024,FORT DEPOSIT,US-AL,31.98333,-86.58333,1891,1969
USC00013043,FORT PAYNE,US-AL,34.4406,-85.7236,1935,2025
USC00013105,FRISCO CITY 3 SSW,US-AL,31.38944,-87.42028,1930,2000
USC00013151,GADSDEN,US-AL,34.01667,-86.0,1893,1968
USW00003896,GADSDEN MUNICIPAL AIRPORT,US-AL,33.96667,-86.08333,2011,2025
USC00013399,GOODWATER,US-AL,33.06667,-86.05,1895,1954
USC00013430,GORGAS,US-AL,33.66667,-87.18333,1937,1994
USC00013519,GREENVILLE,US-AL,31.7901,-86.6087,1900,2025
USC00013573,GUNTERSVILLE,US-AL,34.3344,-86.3297,1904,2025
USC00013620,HALEYVILLE,US-AL,34.2314,-87.6352,1902,2025
USC00013644,HAMILTON,US-AL,34.13333,-87.98333,1930,1961
USC00013761,HEADLAND,US-AL,31.38307,-85.36779,1950,2025
USC00013816,HIGHLAND HOME,US-AL,31.8814,-86.2503,1892,2012
USC00013899,HODGES,US-AL,34.36056,-87.92833,1938,2000
USW00003856,HUNTSVILLE INTNL AIRPORT,US-AL,34.64406,-86.78615,1958,2025
USC00014225,JASPER,US-AL,33.83333,-87.28333,1891,1960
USC00014502,LAFAYETTE 2 W,US-AL,32.9069,-85.4336,1944,2025
USC00014619,LEEDS,US-AL,33.52319,-86.58011,1917,2025
USC00014845,LINCOLN LOCK 4,US-AL,33.63333,-86.18333,1896,1949
USC00014798,LIVINGSTON,US-AL,32.5811,-88.1897,1891,2014
USC00014976,MADISON,US-AL,34.7,-86.75,1894,1974
USC00015108,MARION,US-AL,32.63333,-87.3,1893,1967
USC00015121,MARION JUNCTION 2 NE,US-AL,32.4718,-87.23097,1950,2025
USW00013821,MAXWELL AFB,US-AL,32.38333,-86.35,1948,1970
USC00015439,MILSTEAD,US-AL,32.4419,-85.8889,1902,2016
USW00013838,MOBILE DOWNTOWN AIRPORT,US-AL,30.61465,-88.06301,1948,2025
USW00013894,MOBILE REGIONAL AIRPORT,US-AL,30.68819,-88.24598,1948,2025
USW00013895,MONTGOMERY AIRPORT,US-AL,32.2997,-86.40745,1948,2025
USC00015555,MONTGOMERY WEATHER BUREAU OFFICE,US-AL,32.38333,-86.3,1872,1954
USC00015635,MOULTON 2,US-AL,34.4884,-87.299,1957,2025
USW00013896,MUSCLE SHOALS AIRPORT,US-AL,34.74388,-87.59971,1940,2025
USC00016121,ONEONTA,US-AL,33.92633,-86.42123,1894,2025
USC00016218,OZARK 6 NNW,US-AL,31.53333,-85.68333,1902,1986
USC00016246,PALMERDALE,US-AL,33.7449,-86.6418,1948,2016
USC00016501,PITTSVIEW,US-AL,32.18333,-85.16667,1968,1985
USC00016640,PRATTVILLE,US-AL,32.48333,-86.48333,1899,1977
USC00016719,PUSHMATAHA,US-AL,32.2,-88.35,1891,1964
USC00016988,ROBERTSDALE,US-AL,30.5654,-87.7018,1912,2020
USC00017025,ROCK MILLS,US-AL,33.15822,-85.29071,1938,2025
USC00017157,SAINT BERNARD,US-AL,34.17444,-86.81056,1907,2025
USC00017207,SAND MOUNT SUBSTATION,US-AL,34.2877,-85.968,1949,2025
USC00017304,SCOTTSBORO,US-AL,34.6736,-86.0536,1891,2025
USC00017328,SEALE,US-AL,32.3,-85.16667,1925,1965
USC00017366,SELMA,US-AL,32.411,-87.0144,1895,2025
USC00017999,SYLACAUGA 4 NE,US-AL,33.20537,-86.19497,1950,2025
USC00018024,TALLADEGA,US-AL,33.41729,-86.13432,1888,2025
USC00018178,THOMASVILLE,US-AL,31.91722,-87.73472,1891,2014
USC00018209,THORSBY EXPERIMENTAL STATION,US-AL,32.9205,-86.6708,1957,2025
USC00018323,TROY,US-AL,31.8075,-85.9722,1908,2025
USW00003878,TROY MUNICIPAL AIRPORT,US-AL,31.85742,-86.01025,1969,2025
USW00093806,TUSCALOOSA AIRPORT ASOS,US-AL,33.21217,-87.61552,1948,2025
USC00018398,TUSKEGEE,US-AL,32.43333,-85.7,1899,1954
USC00018438,UNION SPRINGS 9 S,US-AL,32.0142,-85.7464,1892,2016
USC00018469,VALLEY HEAD,US-AL,34.5686,-85.6063,1893,2025
USC00018517,VERNON,US-AL,33.74175,-88.12505,1938,2025
USC00015140,WALNUT HILL 3 W,US-AL,32.66667,-85.91667,1925,1992
USC00018686,WATERLOO,US-AL,34.91667,-88.06667,1922,1976
USC00018859,WETUMPKA,US-AL,32.5937,-86.1664,1893,2025
USC00018867,WHATLEY,US-AL,31.6508,-87.7097,1940,2007
USC00018998,WINFIELD 2 SW,US-AL,33.9107,-87.8469,1923,2025
USC00030006,ABBOTT,US-AR,35.0237,-94.1594,1941,2025
USC00030064,ALICIA 2 NNE,US-AR,35.93068,-91.05428,1905,2025
USC00030130,ALUM FORK,US-AR,34.7961,-92.8417,1937,2025
USC00030178,ANTOINE 1 SW,US-AR,34.0275,-93.4332,1940,2025
USC00030220,ARKADELPHIA 2 N,US-AR,34.1433,-93.0589,1891,2025
USC00030234,ARKANSAS CITY,US-AR,33.63778,-91.21194,1885,2019
USC00030240,ARKANSAS POST,US-AR,34.025,-91.3444,1963,2025
USC00030286,ASHDOWN 4 SSE,US-AR,33.6195,-94.0994,1893,2025
USC00030326,AUGUSTA,US-AR,35.2894,-91.3533,1943,2025
USC00030460,BATESVILLE LOCK AND DAM 1,US-AR,35.7595,-91.6384,1904,2025
USC00030458,BATESVILLE LVSTK,US-AR,35.8306,-91.7944,1941,2025
USW00053934,BATESVILLE REGIONAL AIRPORT,US-AR,35.72611,-91.64722,2011,2025
USC00030512,BEATY LAKE,US-AR,35.08333,-90.71667,1941,1960
USC00030518,BEAVER 1 SE,US-AR,36.46667,-93.76667,1945,1959
USC00030528,BEE BRANCH,US-AR,35.45,-92.4,1892,1952
USC00030534,BEECH GROVE,US-AR,36.18333,-90.63333,1941,1975
USC00030536,BEEDEVILLE 4 NE,US-AR,35.45858,-91.05664,1940,2025
USC00030582,BENTON,US-AR,34.56801,-92.60053,1907,2025
USC00030586,BENTONVILLE 4 S,US-AR,36.32194,-94.215,1943,2007
USC00030616,BERRYVILLE 6 NW,US-AR,36.413,-93.6462,1946,2023
USC00030644,BETHESDA,US-AR,35.81667,-91.78333,1940,1949
USC00030664,BIG FORK 1 SSE,US-AR,34.4619,-93.9983,1944,2025
USC00030746,BLACK ROCK,US-AR,36.1307,-91.11714,1892,2025
USC00030764,BLAKELY MOUNTAIN DAM,US-AR,34.57036,-93.19435,1950,2025
USC00030798,BLUE MOUNTAIN DAM,US-AR,35.10931,-93.65018,1939,2025
USC00030800,BLUFF CITY 3 SW,US-AR,33.6919,-93.1622,1941,2012
USC00030806,BLYTHEVILLE,US-AR,35.9239,-89.9044,1926,2012
USW00013814,BLYTHEVILLE AFB,US-AR,35.96667,-89.95,1955,1970
USW00053869,BLYTHEVILLE MUNICIPAL AIRPORT,US-AR,35.93778,-89.83318,1998,2025
USC00030830,BOONEVILLE,US-AR,35.15,-93.91667,1948,1977
USC00030828,BOONEVILLE 3 W,US-AR,35.15,-93.96667,1906,1949
USC00030848,BOUGHTON,US-AR,33.86667,-93.33333,1935,1982
USC00030872,BRADFORD,US-AR,35.41667,-91.46667,1945,1960
USC00030936,BRINKLEY,US-AR,34.8822,-91.2152,1883,2017
USC00031010,BUFFALO TOWER,US-AR,35.86667,-93.5,1948,1987
USC00031102,CABOT,US-AR,34.98174,-92.06366,1918,2025
USC00031132,CALICO ROCK 2 WSW,US-AR,36.10919,-92.16417,1904,2025
USC00034934,CALION LOCK AND DAM,US-AR,33.31667,-92.45,1940,1985
USC00031152,CAMDEN 1,US-AR,33.59,-92.8236,1886,2025
USC00031172,CAMP CHAFFEE,US-AR,35.3,-94.3,1941,1959
USC00031224,CARLISLE,US-AR,34.78333,-91.75,1940,1975
USC00031442,CLARENDON,US-AR,34.6986,-91.30355,1904,2018
USC00031492,CLINTON 6 SE,US-AR,35.5836,-92.4511,1921,2020
USC00031520,COLD SPRINGS GUARD STATION,US-AR,34.96667,-93.9,1927,1958
USC00031596,CONWAY,US-AR,35.1034,-92.4903,1890,2025
USC00031632,CORNING,US-AR,36.40832,-90.59167,1893,2025
USC00031640,COTTER,US-AR,36.28333,-92.51667,1927,1956
USC00031730,CROSSETT 2 SSE,US-AR,33.1111,-91.948,1915,2023
USC00031750,CRYSTAL VALLEY,US-AR,34.68848,-92.44938,1941,2024
USC00031768,CUMMINS FARM,US-AR,34.06667,-91.58333,1944,1965
USC00031834,DANVILLE,US-AR,35.0375,-93.3947,1916,2025
USC00031838,DARDANELLE,US-AR,35.2342,-93.1675,1886,2025
USW00053925,DE QUEEN SEVIER CO AIRPORT,US-AR,34.04799,-94.40157,2003,2025
USC00031948,DEQUEEN,US-AR,34.0463,-94.348,1902,2025
USC00031960,DERMOTT,US-AR,33.51667,-91.43333,1940,1966
USC00031968,DES ARC,US-AR,34.9772,-91.4978,1903,2025
USC00031982,DEVILS KNOB,US-AR,35.71667,-93.4,1937,1969
USW00000428,DEXTER B FLORENCE MEMORIAL FIELD AIRPORT,US-AR,34.0998,-93.066,2014,2025
USC00032148,DUMAS,US-AR,33.88519,-91.53156,1912,2019
USC00032204,EAGLE GAP,US-AR,34.71667,-94.31667,1927,1956
USW00093992,EL DORADO GOODWIN FIELD,US-AR,33.22072,-92.81404,1892,2025
USC00032355,EUDORA,US-AR,33.1144,-91.2627,1962,2024
USC00032356,EUREKA SPRINGS 3 WNW,US-AR,36.4163,-93.7916,1902,2012
USC00032366,EVENING SHADE 1 NNE,US-AR,36.08085,-91.61323,1923,2025
USC00032442,FAYETTEVILLE,US-AR,36.08333,-94.16667,1892,1960
USW00093993,FAYETTEVILLE DRAKE FIELD,US-AR,36.01027,-94.16824,1949,2025
USC00032444,FAYETTEVILLE EXPERIMENTAL STATION,US-AR,36.10104,-94.17365,1890,2025
USW00053922,FAYETTEVILLE SPRINGDALE NW AR REGL AIRPORT,US-AR,36.28975,-94.31152,1999,2025
USW00003918,FLIPPIN MARION CO REGIONAL AIRPORT,US-AR,36.29083,-92.59,1951,2025
USC00032540,FORDYCE,US-AR,33.82276,-92.39906,1911,2025
USC00032544,FOREMAN,US-AR,33.7222,-94.3975,1917,2025
USC00032556,FORESTER,US-AR,34.78333,-93.88333,1941,1956
USC00032564,FORREST CITY,US-AR,35.03333,-90.8,1892,1979
USW00013964,FORT SMITH REGIONAL AIRPORT,US-AR,35.33346,-94.36526,1945,2025
USC00032578,FORT SMITH WATER PLANT,US-AR,35.65,-94.15,1938,1985
USC00032670,FULTON,US-AR,33.6128,-93.8136,1892,2004
USC00032760,GEORGETOWN,US-AR,35.12433,-91.45089,1912,2025
USC00032794,GILBERT,US-AR,35.9885,-92.7161,1924,2025
USC00032908,GRANNIS,US-AR,34.25,-94.33333,1919,1957
USC00032922,GRAVELLY,US-AR,34.8869,-93.6847,1940,2024
USC00032930,GRAVETTE,US-AR,36.4261,-94.448,1898,2025
USC00032946,GREEN FOREST,US-AR,36.33917,-93.42778,1940,2006
USC00032952,GREEN MOUNTAIN,US-AR,36.03333,-92.2,1937,1956
USC00032962,GREENBRIER,US-AR,35.24139,-92.36361,1940,2020
USC00032976,GREENWOOD,US-AR,35.2169,-94.2597,1939,2012
USC00033088,HAMBURG,US-AR,33.22778,-91.79389,1893,2004
USC00033132,HARDY,US-AR,36.2747,-91.5056,1897,2025
USW00000373,HARRELL FIELD AIRPORT,US-AR,33.617,-92.767,2018,2025
USC00033164,HARRISON,US-AR,36.1955,-93.1061,1891,2025
USW00013971,HARRISON BOONE CO AIRPORT,US-AR,36.26727,-93.15657,1948,2025
USC00033235,HECTOR 4 SE,US-AR,35.44194,-92.90083,1948,2019
USC00033242,HELENA,US-AR,34.52093,-90.59037,1892,2025
USC00033258,HENDERSON 2 W,US-AR,36.36667,-92.26667,1941,1960
USC00033428,HOPE 3 NE,US-AR,33.7092,-93.5563,1892,2025
USC00033442,HORATIO,US-AR,33.9354,-94.3598,1946,2013
USC00033466,HOT SPRINGS 1 NNE,US-AR,34.5129,-93.0487,1875,2025
USW00003962,HOT SPRINGS ASOS,US-AR,34.47551,-93.10413,1986,2025
USC00033540,HUNTSVILLE,US-AR,36.08333,-93.73333,1894,1982
USC00033600,JASPER,US-AR,36.00559,-93.18775,1948,2025
USC00033734,JONESBORO 3 SSE,US-AR,35.82436,-90.65499,1893,2025
USW00003953,JONESBORO MUNICIPAL AIRPORT,US-AR,35.83567,-90.64424,1998,2025
USC00033761,JUDD HILL,US-AR,35.6,-90.51667,1973,1985
USC00033821,KEISER,US-AR,35.67432,-90.08416,1959,2025
USC00033862,KEO,US-AR,34.6033,-91.9927,1948,2025
USC00033998,LAKE CITY,US-AR,35.8,-90.45,1948,1997
USC00034106,LEAD HILL,US-AR,36.4194,-92.9158,1927,2025
USC00034134,LEOLA,US-AR,34.1743,-92.5946,1943,2014
USW00003930,LITTLE ROCK AFB,US-AR,34.91667,-92.15,1956,2025
USW00013963,LITTLE ROCK AIRPORT ADAMS FIELD,US-AR,34.72727,-92.2358,1938,2025
USC00034251,LITTLE ROCK STATE CAPITOL,US-AR,34.75,-92.28333,1874,1942
USC00034386,LURTON,US-AR,35.8,-93.06667,1948,1974
USC00034390,LUTHERVILLE,US-AR,35.48333,-93.25,1948,1952
USC00034528,MADISON 1 NW,US-AR,35.0265,-90.7347,1948,2016
USC00034548,MAGNOLIA,US-AR,33.25859,-93.18224,1948,2025
USC00034562,MALVERN,US-AR,34.3947,-92.8363,1883,2025
USC00034572,MAMMOTH SPRING,US-AR,36.4947,-91.535,1904,2025
USC00034638,MARIANNA 2 S,US-AR,34.73294,-90.76633,1899,2025
USC00034654,MARKED TREE,US-AR,35.53333,-90.41667,1930,1973
USC00034666,MARSHALL,US-AR,35.9118,-92.6564,1892,2025
USC00034711,MCCRORY,US-AR,35.25389,-91.18917,2000,2016
USC00034756,MENA,US-AR,34.5979,-94.29,1890,2025
USC00034839,MILLWOOD DAM,US-AR,33.6772,-93.9902,1995,2025
USW00053919,MONTICELLO MUNICIPAL AIRPORT,US-AR,33.63602,-91.7555,1876,2025
USC00034938,MORRILTON,US-AR,35.158,-92.7672,1919,2025
USW00053921,MOUNT IDA,US-AR,34.5467,-93.578,1999,2025
USC00035010,MOUNT MAGAZINE,US-AR,35.16667,-93.68333,1948,1966
USC00035036,MOUNTAIN HOME 1 NNW,US-AR,36.3458,-92.3939,1902,2025
USW00053918,MOUNTAIN HOME BAXTER CO REGIONAL AIRPORT,US-AR,36.37056,-92.47194,1998,2025
USC00035038,MOUNTAIN HOME C OF E,US-AR,36.33333,-92.38333,1953,1987
USC00035046,MOUNTAIN VIEW,US-AR,35.8445,-92.0979,1924,2025
USC00035056,MOUNTAINBURG,US-AR,35.6,-94.2,1937,1954
USC00035072,MULBERRY,US-AR,35.56667,-94.01667,1939,1984
USC00035110,NARROWS DAM,US-AR,34.1452,-93.7138,1950,1970
USC00035112,NASHVILLE,US-AR,33.9293,-93.8507,1899,2025
USC00035186,NEWPORT,US-AR,35.60427,-91.27479,1884,2025
USC00035189,NEWPORT ARMY AIR FIELD,US-AR,35.63333,-91.16667,2012,2025
USC00035200,NIMROD DAM,US-AR,34.95375,-93.15988,1939,2025
USC00035228,NORFORK DAM,US-AR,36.24919,-92.23933,1947,2025
USW00003952,NORTH LITTLE ROCK WEATHER FORECAST OFFICE,US-AR,34.8353,-92.2596,1976,2025
USC00035354,ODELL,US-AR,35.7802,-94.4161,1939,2014
USC00035358,ODEN,US-AR,34.6008,-93.7667,1927,2022
USC00035376,OKAY,US-AR,33.76667,-93.91667,1915,1992
USC00035480,OSCEOLA,US-AR,35.71667,-89.98333,1892,1975
USC00035498,OWENSVILLE 3 E,US-AR,34.6133,-92.7742,1944,2007
USC00035508,OZARK,US-AR,35.48333,-93.81667,1892,1994
USC00035514,OZONE,US-AR,35.6464,-93.4347,1890,2024
USC00035562,PARAGOULD,US-AR,36.0327,-90.4913,1892,1979
USC00035694,PERRY,US-AR,35.0,-92.81667,1902,1964
USC00035754,PINE BLUFF,US-AR,34.2255,-92.0185,1884,2025
USW00093988,PINE BLUFF GRIDER FIELD,US-AR,34.17981,-91.93444,1948,2025
USC00035820,POCAHONTAS 1,US-AR,36.2641,-90.9682,1871,2025
USC00035866,PORTLAND,US-AR,33.2511,-91.5058,1909,2025
USC00035908,PRESCOTT 2 NNW,US-AR,33.8204,-93.3879,1890,2025
USC00036008,RATCLIFF,US-AR,35.3051,-93.8766,1944,2025
USC00036174,RISON,US-AR,33.9539,-92.2019,1893,2020
USC00036214,ROCKHOUSE,US-AR,36.28333,-93.66667,1947,1951
USC00036248,ROGERS,US-AR,36.36667,-94.1,1892,1975
USC00036253,ROHWER 2 NNE,US-AR,33.81026,-91.26942,1959,2025
USC00036352,RUSSELLVILLE,US-AR,35.28333,-93.1,1882,1979
USW00053920,RUSSELLVILLE MUNICIPAL AIRPORT,US-AR,35.25733,-93.095,1999,2025
USC00036376,SAINT CHARLES,US-AR,34.37033,-91.12419,1930,2025
USC00036380,SAINT FRANCIS,US-AR,36.45338,-90.14649,1927,2025
USC00036506,SEARCY,US-AR,35.2679,-91.7168,1892,2025
USW00053985,SEARCY MUNICIPAL AIRPORT,US-AR,35.21194,-91.73694,2011,2025
USC00036566,SHERIDAN TOWER,US-AR,34.45,-92.35,1941,1977
USC00036586,SHIRLEY,US-AR,35.65,-92.31667,1939,1988
USC00036624,SILOAM SPRINGS,US-AR,36.16667,-94.53333,1942,1987
USC00036768,SPARKMAN,US-AR,33.9153,-92.8267,1940,2020
USC00036804,STAMPS,US-AR,33.36667,-93.48333,1897,1987
USC00036820,STAR CITY 2 S,US-AR,33.9,-91.85,1943,1964
USC00036890,STORY,US-AR,34.7,-93.51667,1925,1970
USC00036918,STUTTGART,US-AR,34.4763,-91.538,1888,2020
USC00036920,STUTTGART 9 ESE,US-AR,34.4744,-91.4172,1936,2025
USW00013925,STUTTGART MUNICIPAL AIRPORT,US-AR,34.60028,-91.57444,2011,2025
USC00036928,SUBIACO,US-AR,35.3028,-93.6369,1897,2025
USC00036940,SUGAR GROVE,US-AR,35.06667,-93.8,1941,1956
USC00037038,TAYLOR,US-AR,33.09861,-93.46472,1943,2001
USW00013977,TEXARKANA WEBB FIELD,US-AR,33.45606,-93.98777,1892,2025
USC00037262,TURNPIKE,US-AR,35.66667,-93.08333,1925,1960
USC00037488,WALDRON,US-AR,34.9229,-94.0944,1919,2025
USC00037524,WALNUT GROVE,US-AR,35.85,-91.35,1941,1961
USW00093991,WALNUT RIDGE MUNICIPAL AIRPORT,US-AR,36.12528,-90.92444,1949,2025
USC00037582,WARREN 2 ENE,US-AR,33.6212,-92.03397,1893,2025
USW00053959,WEST MEMPHIS MUNICIPAL AIRPORT,US-AR,35.14013,-90.23591,2002,2025
USC00037812,WHITE CLIFFS,US-AR,33.8,-94.06667,1904,1961
USC00037772,WHITE ROCK,US-AR,35.68333,-93.95,1937,1969
USC00038052,WYNNE,US-AR,35.25463,-90.79648,1908,2025
USC00038084,YELLVILLE 4 N,US-AR,36.29361,-92.68778,1944,2019
USC00020060,AGUILA,US-AZ,33.9433,-113.1875,1924,2019
USC00020080,AJO,US-AZ,32.3698,-112.8599,1914,2025
USC00020088,AJO WELL,US-AZ,32.45,-112.83333,1940,1975
USC00020159,ALPINE,US-AZ,33.8492,-109.1469,1904,2025
USC00020287,ANVIL RANCH,US-AZ,31.9793,-111.3837,1942,2025
USC00020309,APACHE POWDER COMPNY,US-AZ,31.9,-110.25,1923,1990
USC00020380,ARIVACA,US-AZ,31.57669,-111.31709,1899,2025
USC00021161,ARIZONA FALLS 1 WNW,US-AZ,33.48333,-111.96667,1920,1963
USC00028805,ARIZONA SONORA DST M,US-AZ,32.25,-111.16667,1943,1954
USC00020482,ASH FORK 6 N,US-AZ,35.3,-112.48333,1902,1987
USC00020586,BAGDAD,US-AZ,34.5975,-113.1745,1925,2025
USC00020590,BAGDAD 8 NE,US-AZ,34.65,-113.08333,1950,1975
USC00020632,BARTLETT DAM,US-AZ,33.8097,-111.6497,1939,2025
USC00020660,BEARDSLEY,US-AZ,33.66667,-112.38333,1950,1978
USC00020670,BEAVER CREEK,US-AZ,34.6416,-111.783,1915,2007
USC00020672,BEAVER DAM,US-AZ,36.9139,-113.9423,1956,2020
USC00020678,BELLEMONT WEATHER FORECAST OFFICE,US-AZ,35.2302,-111.8221,1999,2025
USC00020680,BENSON,US-AZ,31.96667,-110.3,1894,1975
USC00020750,BETATAKIN,US-AZ,36.6778,-110.5411,1939,2025
USC00020768,BISBEE,US-AZ,31.43333,-109.91667,1892,1985
USC00020773,BISBEE 2,US-AZ,31.42694,-109.895,1961,1997
USC00020800,BLACK MOUNTAIN MISSION,US-AZ,36.11667,-109.86667,1952,1965
USC00020808,BLACK RIVER PUMPS,US-AZ,33.4783,-109.7516,1948,2025
USC00020855,BLUE,US-AZ,33.58333,-109.16667,1903,1989
USC00020871,BLUE RIDGE RANGER STATION,US-AZ,34.6108,-111.1922,1967,2025
USC00020923,BOSLEY RANCH,US-AZ,32.56667,-110.2,1941,1966
USC00020958,BOWIE,US-AZ,32.3249,-109.4917,1899,2012
USC00021001,BRIGHT ANGEL RANGER STATION,US-AZ,36.2147,-112.0619,1925,2025
USC00021026,BUCKEYE,US-AZ,33.37611,-112.58278,1893,2003
USC00021101,BURRUS RANCH,US-AZ,35.26667,-111.53333,1943,1968
USC00021169,CAMERON 1 NNE,US-AZ,35.88333,-111.4,1962,1992
USC00021216,CAMP WOOD,US-AZ,34.8,-112.86667,1948,1979
USC00021231,CANELO 1 NW,US-AZ,31.5588,-110.5294,1910,2012
USC00021306,CASA GRANDE,US-AZ,32.88751,-111.71475,1898,2025
USC00021314,CASA GRANDE NATIONAL MONUMENT,US-AZ,32.9947,-111.5367,1906,2025
USC00021353,CASTLE HOT SPRINGS,US-AZ,33.9826,-112.3628,1916,2018
USC00021361,CAVE CREEK,US-AZ,33.83333,-111.95,1907,1961
USC00021511,CHANDLER,US-AZ,33.3,-111.83333,1912,1980
USC00021514,CHANDLER HEIGHTS,US-AZ,33.20583,-111.68194,1941,2007
USC00021574,CHEVELON RANGER STATION,US-AZ,34.5397,-110.9155,1959,2005
USC00021614,CHILDS,US-AZ,34.34944,-111.69806,1915,2005
USC00021634,CHINLE,US-AZ,36.15,-109.53333,1908,1970
USC00021654,CHINO VALLEY,US-AZ,34.7569,-112.4567,1941,2019
USC00021664,CHIRICAHUA NATIONAL MONUMENT,US-AZ,32.0061,-109.3572,1909,2025
USC00021749,CIBECUE,US-AZ,34.0375,-110.4876,1927,1979
USC00021849,CLIFTON,US-AZ,33.0561,-109.3072,1893,2012
USC00021870,COCHISE 4 SSE,US-AZ,32.0588,-109.8908,1899,1954
USC00021874,COCHISE STRONGHOLD,US-AZ,31.95,-109.95,1925,1948
USC00021920,COLORADO CITY,US-AZ,36.9935,-112.9719,1963,2012
USC00022099,COPPER MINE TRADING,US-AZ,36.63333,-111.41667,1939,1976
USC00022109,CORDES,US-AZ,34.305,-112.165,1925,2025
USC00022140,CORONADO NATIONAL MEMORIAL,US-AZ,31.3455,-110.2541,1960,2025
USC00022159,CORTARO 3 SW,US-AZ,32.33333,-111.11667,1945,1976
USC00022329,CROWN KING,US-AZ,34.20509,-112.34193,1914,1995
USC00022430,DATELAND,US-AZ,32.8,-113.53333,1952,1968
USC00022440,DAVIS DAM NUMBER 2,US-AZ,35.18333,-114.56667,1948,1961
USW00023109,DAVIS MONTHAN AFB,US-AZ,32.16667,-110.88333,1949,1970
USC00022525,DIAMOND BAR RANCH,US-AZ,35.88333,-114.0,1952,1956
USC00022527,DIAMOND M. RANCH,US-AZ,35.2947,-113.3666,1998,2020
USC00022545,DINNEHOTSO,US-AZ,36.85,-109.85,1950,1974
USC00022659,DOUGLAS,US-AZ,31.345,-109.5394,1948,2022
USW00093026,DOUGLAS BISBEE INTERNATIONAL AIRPORT,US-AZ,31.4583,-109.6061,1948,2025
USC00022669,DOUGLAS SMELTER,US-AZ,31.35,-109.58333,1903,1973
USC00021419,DRAKE R S,US-AZ,34.96667,-112.38333,1915,1954
USC00028391,DUGAS 2 SE,US-AZ,34.35,-111.96667,1919,1959
USC00022779,EAGLE CREEK,US-AZ,33.4,-109.48333,1928,1973
USC00022807,ELOY 4 NE,US-AZ,32.78194,-111.51861,1951,2005
USC00022902,FAIRBANK 1 S,US-AZ,31.71667,-110.18333,1909,1973
USC00022927,FALCON FIELD,US-AZ,33.43333,-111.75,1940,1976
USW00003103,FLAGSTAFF AIRPORT,US-AZ,35.14427,-111.66637,1893,2025
USW00023166,FLAGSTAFF WEATHER BUREAU CITY,US-AZ,35.2,-111.66667,1943,1951
USC00023027,FLORENCE,US-AZ,33.0363,-111.388,1892,2009
USC00023071,FLYING H RANCH,US-AZ,31.4,-110.23333,1948,1958
USC00023082,FORESTDALE,US-AZ,34.15,-110.1,1947,1971
USC00023102,FORT DEFIANCE,US-AZ,35.75,-109.08333,1897,1949
USC00023110,FORT GRANT,US-AZ,32.623,-109.9427,1900,2014
USW00053146,FORT HUACHUCA PIONEER AIRFIELD,US-AZ,31.60563,-110.42809,2008,2025
USW00003124,FORT HUACHUCA SIERRA VISTA MUNICIPAL AIRPORT,US-AZ,31.58833,-110.34417,1900,2016
USC00023144,FORT THOMAS,US-AZ,33.03333,-109.95,1958,1966
USC00023160,FORT VALLEY,US-AZ,35.27194,-111.73,1909,2025
USC00023250,FREDONIA,US-AZ,36.9415,-112.5259,1906,2011
USC00023258,FRITZ RANCH,US-AZ,33.33333,-109.18333,1948,1980
USC00023303,GANADO,US-AZ,35.7088,-109.5539,1929,2016
USC00023393,GILA BEND 2 SE,US-AZ,32.93803,-112.68109,1892,2025
USC00023448,GISELA,US-AZ,34.1111,-111.2758,1895,2025
USC00023498,GLOBE,US-AZ,33.38333,-110.78333,1894,1975
USC00023591,GRAND CANYON HEADQUARTERS,US-AZ,36.05,-112.13333,1903,1957
USC00023595,GRAND CANYON NATIONAL PARK,US-AZ,36.05,-112.13333,1957,1977
USC00023596,GRAND CANYON NATIONAL PARK 2,US-AZ,36.0527,-112.1502,1976,2012
USW00003195,GRAND CANYON NATIONAL PARK AIRPORT,US-AZ,35.94581,-112.15536,1996,2025
USC00023621,GRANITE REEF DAM,US-AZ,33.51667,-111.7,1893,1979
USC00023635,GRANVILLE,US-AZ,33.2,-109.38333,1955,1975
USC00023683,GREER,US-AZ,34.0219,-109.4519,1904,2011
USC00023697,GREYS PEAK MNTC YD,US-AZ,33.25,-109.38333,1950,1954
USC00023698,GREYS PEAK MNTC YD,US-AZ,33.25,-109.38333,1975,1981
USC00023713,GROOM CREEK,US-AZ,34.48333,-112.45,1917,1976
USC00023828,HAPPY JACK RANGER STATION,US-AZ,34.74245,-111.4094,1969,2025
USC00023926,HAWLEY LAKE,US-AZ,33.98333,-109.75,1967,1988
USC00023961,HEBER BLACK MESA RANGER STATION,US-AZ,34.3925,-110.558,1950,2025
USC00023973,HELMET PEAK,US-AZ,31.95,-111.05,1940,1954
USC00023975,HELMET PEAK RUBY STATION,US-AZ,31.91667,-111.08333,1948,1950
USC00023981,HELVETIA SANTA RITA,US-AZ,31.86667,-110.78333,1916,1950
USC00024049,HILLSIDE,US-AZ,34.41667,-112.91667,1940,1954
USC00024089,HOLBROOK,US-AZ,34.9094,-110.1544,1893,2010
USC00024418,JACOB LAKE,US-AZ,36.73333,-112.21667,1916,1987
USC00024438,JEDDITO,US-AZ,35.76667,-110.13333,1931,1955
USC00024453,JEROME,US-AZ,34.7538,-112.11152,1897,2025
USC00024578,KAYENTA,US-AZ,36.73333,-110.28333,1915,1978
USC00024586,KEAMS CANYON,US-AZ,35.8109,-110.1932,1894,2016
USC00024594,KELVIN,US-AZ,33.1,-110.96667,1917,1983
USC00024639,KINGMAN,US-AZ,35.183333,-114.05,1901,1967
USW00093167,KINGMAN AIRPORT,US-AZ,35.25745,-113.93405,1996,2025
USC00024675,KITT PEAK,US-AZ,31.96018,-111.59787,1960,2025
USC00024683,KLAGETOH,US-AZ,35.5,-109.53333,1950,1959
USC00024686,KLAGETOH 12 WNW,US-AZ,35.55,-109.7,1959,1993
USC00024702,KOFA MINE,US-AZ,33.2742,-113.9653,1952,2017
USC00024779,LAKESIDE R S,US-AZ,34.16667,-109.98333,1911,1975
USC00024829,LAVEEN 3 SSE,US-AZ,33.3371,-112.147,1948,2018
USC00024849,LEES FERRY,US-AZ,36.8644,-111.6022,1916,2012
USC00024872,LEUPP,US-AZ,35.28333,-110.96667,1914,1981
USC00024977,LITCHFIELD PARK,US-AZ,33.4991,-112.363,1917,2025
USC00024999,LITTLEFIELD 25 SSW,US-AZ,36.53333,-114.03333,1946,1950
USC00025129,LUKACHUKAI,US-AZ,36.4191,-109.2269,1914,2010
USC00025156,LUPTON,US-AZ,35.35,-109.05,1958,1960
USC00025204,MANY FARMS SCHOOL,US-AZ,36.36667,-109.61667,1951,1975
USC00025274,MARICOPA 9 SSW,US-AZ,32.91667,-112.1,1898,1958
USC00025282,MARINETTE,US-AZ,33.63333,-112.3,1913,1964
USC00025312,MAVERICK,US-AZ,33.75,-109.55,1948,1967
USC00024864,MC NEAL,US-AZ,31.6,-109.56667,1916,1960
USC00025412,MCNARY 2 N,US-AZ,34.11336,-109.86002,1920,2025
USC00025467,MESA,US-AZ,33.4114,-111.8183,1896,2017
USW00003185,MESA FALCON FIELD,US-AZ,33.46588,-111.72121,2018,2025
USC00025494,METEOR CRATER,US-AZ,35.0364,-111.0231,1962,2025
USC00025512,MIAMI,US-AZ,33.4044,-110.87,1914,2017
USC00025627,MOHAWK,US-AZ,32.73333,-113.76667,1900,1951
USC00025635,MONTEZUMA CASTLE NATIONAL MONUMENT,US-AZ,34.6106,-111.8382,1938,2025
USC00025700,MORMON FLAT,US-AZ,33.55364,-111.44536,1923,2025
USC00025708,MORMON LAKE R S,US-AZ,34.91667,-111.45,1916,1968
USC00025729,MOUNT FAGAN RANCH,US-AZ,31.93333,-110.76667,1956,1967
USC00025733,MOUNT LEMMON,US-AZ,32.41667,-110.71667,1950,1956
USC00025732,MOUNT LEMMON FIRE DEPARTMENT,US-AZ,32.4487,-110.75454,1958,2024
USC00025744,MOUNT TRUMBULL,US-AZ,36.41667,-113.35,1919,1977
USC00025780,MUND S PARK,US-AZ,34.9364,-111.6392,1986,2012
USC00025825,NATURAL BRIDGE,US-AZ,34.322,-111.4532,1893,2025
USC00025837,NAVAJO,US-AZ,35.13333,-109.53333,1892,1976
USC00025921,NOGALES,US-AZ,31.35,-110.91667,1892,1983
USC00025924,NOGALES 6 N,US-AZ,31.4554,-110.968,1952,2025
USW00003196,NOGALES INTERNATIONAL AIRPORT,US-AZ,31.42076,-110.84655,1999,2025
USC00024508,OAK CREEK CANYON,US-AZ,34.96667,-111.75,1935,1982
USC00026116,ORACLE,US-AZ,32.6,-110.78333,1893,1949
USC00026119,ORACLE 2 SE,US-AZ,32.6025,-110.73444,1950,2011
USC00026124,ORAIBI,US-AZ,35.86667,-110.61667,1945,1965
USC00026132,ORGAN PIPE CACTUS NM,US-AZ,31.9555,-112.8002,1944,2025
USC00026180,PAGE AIRPORT,US-AZ,36.9211,-111.4488,1957,2012
USW00003162,PAGE MUNICIPAL AIRPORT,US-AZ,36.92112,-111.44874,1997,2025
USC00026190,PAINTED DESERT NATIONAL PARK,US-AZ,35.06754,-109.77994,1973,2025
USC00026242,PARADISE,US-AZ,31.9352,-109.2187,1906,2025
USC00026244,PARADISE VALLEY NUMBER 2,US-AZ,33.55,-111.96667,1955,1970
USC00026250,PARKER,US-AZ,34.1547,-114.2908,1893,2024
USW00093139,PAYSON,US-AZ,34.2326,-111.3446,1940,2025
USC00026320,PAYSON R S,US-AZ,34.23333,-111.33333,1893,1974
USC00026328,PEACH SPRINGS,US-AZ,35.5405,-113.4236,1948,2005
USC00026358,PEARCE 5 W,US-AZ,31.88333,-109.9,1922,1950
USC00026353,PEARCE SUNSITES,US-AZ,31.93723,-109.8395,1913,2025
USC00026468,PETRIFIED FOREST NATIONAL PARK,US-AZ,34.7994,-109.885,1931,2025
USW00023183,PHOENIX AIRPORT,US-AZ,33.4278,-112.00365,1933,2025
USW00093140,PHOENIX CITY,US-AZ,33.44889,-112.0825,1948,1998
USW00003184,PHOENIX DEER VALLEY MUNICIPAL AIRPORT,US-AZ,33.69021,-112.06616,1998,2025
USC00026476,PHOENIX INDIAN SCHOOL,US-AZ,33.5,-112.06667,1920,1975
USW00093105,PHOENIX LITCHFIELD PARK NAF,US-AZ,33.43333,-112.36667,1945,1966
USW00023111,PHOENIX LUKE AFB,US-AZ,33.55,-112.36667,1951,1970
USW00023104,PHOENIX WILLIAMS GATEWAY AIRPORT,US-AZ,33.3,-111.66667,1949,1970
USC00026561,PINAL RANCH,US-AZ,33.35,-110.98333,1895,1973
USC00026581,PINEDALE,US-AZ,34.3,-110.25,1912,1968
USC00026601,PINETOP 2 E,US-AZ,34.124,-109.922,1943,2021
USC00026604,PINON,US-AZ,36.1,-110.23333,1959,1974
USC00026606,PINTA,US-AZ,35.05,-109.65,1905,1960
USC00026616,PIPE SPRING NATIONAL MONUMENT,US-AZ,36.8626,-112.7374,1963,2025
USC00026630,PISINEMO,US-AZ,32.05,-112.31667,1936,1955
USC00026653,PLEASANT VALLEY,US-AZ,34.1003,-110.9659,1964,2025
USC00029622,PLEASANT VALLEY R S,US-AZ,34.1,-110.93333,1903,1964
USC00026706,PORTAL,US-AZ,31.9,-109.16667,1914,1955
USC00026186,PORTAL 4 SW,US-AZ,31.88333,-109.2,1951,1965
USC00026716,PORTAL 4 SW,US-AZ,31.8834,-109.2056,1965,2021
USC00026796,PRESCOTT,US-AZ,34.5706,-112.4322,1898,2025
USW00023184,PRESCOTT LOVE FIELD,US-AZ,34.64915,-112.42234,1948,2025
USC00026865,QUARTZSITE,US-AZ,33.66514,-114.22801,1908,2022
USC00027081,RENO RANGER STATION,US-AZ,33.86667,-111.31667,1915,1973
USC00027131,RIMROCK,US-AZ,34.65,-111.73333,1941,1962
USC00027281,ROOSEVELT 1 S,US-AZ,33.649,-111.1088,1905,2025
USC00027326,RUBY 4 NW,US-AZ,31.5,-111.28333,1895,1955
USC00027349,RYAN STATION,US-AZ,36.68333,-112.35,1920,1954
USC00027355,SABINO CANYON,US-AZ,32.3111,-110.8186,1941,1982
USC00027370,SACATON,US-AZ,33.0723,-111.7662,1908,2012
USC00027388,SAFFORD,US-AZ,32.83333,-109.71667,1898,1973
USC00027390,SAFFORD AGRICULTURAL CENTER,US-AZ,32.815,-109.6808,1948,2025
USW00093084,SAFFORD MUNICIPAL AIRPORT,US-AZ,32.85654,-109.63603,1998,2025
USC00027435,SAINT JOHNS,US-AZ,34.5181,-109.4012,1901,2025
USC00027445,SALA RANCH,US-AZ,31.86667,-109.98333,1947,1978
USC00027460,SALOME 6 SE,US-AZ,33.73333,-113.53333,1908,1957
USC00027480,SAN CARLOS RESERVOIR,US-AZ,33.1819,-110.5261,1900,2025
USC00027530,SAN MANUEL,US-AZ,32.60135,-110.62908,1954,2025
USC00027555,SAN RAFAEL RANCH SP,US-AZ,31.35333,-110.61278,1892,2009
USC00027560,SAN SIMON,US-AZ,32.29325,-109.22667,1898,2025
USC00027563,SAN SIMON 5 NW,US-AZ,32.33333,-109.26667,1898,1949
USC00027567,SAN SIMON 9 ESE,US-AZ,32.16667,-109.08333,1962,1986
USC00027488,SANDERS,US-AZ,35.2239,-109.3222,1949,2025
USC00027496,SANDERS 11 ESE,US-AZ,35.16667,-109.16667,1961,1986
USC00027593,SANTA RITA EXPERIMENTAL RANGE,US-AZ,31.7625,-110.8463,1950,2010
USC00027619,SASABE,US-AZ,31.483,-111.5436,1959,2025
USW00003192,SCOTTSDALE MUNICIPAL AIRPORT,US-AZ,33.61234,-111.92317,2001,2025
USC00027708,SEDONA,US-AZ,34.86107,-111.81982,1943,2025
USC00027716,SELIGMAN,US-AZ,35.33186,-112.87947,1904,2025
USC00027726,SELLS,US-AZ,31.9123,-111.885,1911,2009
USC00027751,SENTINEL,US-AZ,32.86667,-113.21667,1899,1960
USC00027849,SHOW LOW,US-AZ,34.26667,-110.0,1893,1965
USC00027855,SHOW LOW AIRPORT,US-AZ,34.2639,-110.0075,1965,2025
USC00027876,SIERRA ANCHA,US-AZ,33.7986,-110.9714,1913,1979
USC00027915,SILVER BELL,US-AZ,32.38333,-111.5,1906,1974
USC00028012,SNOWFLAKE,US-AZ,34.508,-110.0838,1897,2016
USC00028018,SNOWFLAKE 15 W,US-AZ,34.5,-110.33333,1965,1998
USC00028112,SOUTH PHOENIX,US-AZ,33.3814,-112.07,1961,2007
USC00028162,SPRINGERVILLE,US-AZ,34.1311,-109.275,1911,2025
USW00093027,ST JOHNS INDUSTRIAL AIR PARK,US-AZ,34.51838,-109.38006,1999,2025
USC00027440,ST MICHAELS 6 WNW,US-AZ,35.66667,-109.2,1906,1927
USC00028184,STANTON,US-AZ,34.16667,-112.73333,1944,1969
USC00028214,STEWART MOUNTAIN DAM,US-AZ,33.559,-111.53658,1939,2025
USC00028326,SUNRISE MOUNTAIN,US-AZ,33.9733,-109.563,1971,2025
USC00028329,SUNSET CRATER NATIONAL MONUMENT,US-AZ,35.3694,-111.5436,1969,2025
USC00028343,SUPAI,US-AZ,36.2,-112.7,1899,1987
USC00028348,SUPERIOR,US-AZ,33.3002,-111.0972,1920,2006
USC00028351,SUPERIOR SMELTER,US-AZ,33.3,-111.1,1948,1953
USC00028356,SUPERSTITION MOUNTAIN,US-AZ,33.36667,-111.43333,1901,1962
USC00028468,TEEC NOS POS,US-AZ,36.9233,-109.09,1962,2025
USC00028489,TEMPE 1 SE,US-AZ,33.43333,-111.93333,1926,1984
USC00028494,TEMPE 3 S,US-AZ,33.38333,-111.93333,1905,1952
USC00028499,TEMPE ASU,US-AZ,33.42544,-111.92168,1953,2025
USC00028619,TOMBSTONE,US-AZ,31.7119,-110.0686,1893,2025
USC00028649,TONTO CREEK FISH HAT,US-AZ,34.36667,-111.1,1944,1975
USC00028657,TONTO SPRINGS R S 4 W,US-AZ,34.61667,-112.75,1914,1966
USC00028778,TRUXTON CANYON,US-AZ,35.38806,-113.65944,1901,1980
USC00028792,TUBA CITY,US-AZ,36.1305,-111.2436,1897,2013
USC00028796,TUCSON CP AVE EXPERIMENTAL FM,US-AZ,32.2816,-110.9441,1893,2012
USW00023160,TUCSON INTERNATIONAL AIRPORT,US-AZ,32.13153,-110.95638,1946,2025
USC00028800,TUCSON MAGNETIC OBSERVATORY,US-AZ,32.25,-110.83333,1912,1994
USC00028817,TUCSON U OF A NUMBER 1,US-AZ,32.258,-111.0052,1982,2012
USC00028815,TUCSON WEATHER FORECAST OFFICE,US-AZ,32.22917,-110.95361,1894,2008
USC00028865,TUMACACORI NM,US-AZ,31.5677,-111.0497,1946,2025
USC00028895,TUWEEP,US-AZ,36.2861,-113.0636,1941,1985
USC00029007,VALLE AIRPORT,US-AZ,35.66667,-112.15,1947,1959
USC00029114,WAHWEAP,US-AZ,36.9953,-111.4914,1961,2012
USC00029150,WALLACE R S,US-AZ,34.53333,-110.91667,1916,1959
USC00029156,WALNUT CANYON NATIONAL MONUMENT,US-AZ,35.1721,-111.5097,1910,2025
USC00029158,WALNUT CREEK,US-AZ,34.9281,-112.8097,1915,2025
USC00029211,WELLTON,US-AZ,32.66667,-114.13333,1922,1980
USC00029271,WHITERIVER 1 SW,US-AZ,33.8215,-109.984,1900,2012
USC00029287,WICKENBURG,US-AZ,33.9792,-112.7403,1908,2015
USC00029309,WIKIEUP,US-AZ,34.7055,-113.6124,1925,2025
USC00029334,WILLCOX,US-AZ,32.2553,-109.8369,1898,2025
USC00029359,WILLIAMS,US-AZ,35.2413,-112.1929,1897,2025
USC00029367,WILLIAMS CK HATCHERY,US-AZ,34.05,-109.81667,1961,1975
USC00029382,WILLOW SPRINGS RANCH,US-AZ,32.71667,-110.86667,1943,1978
USC00029410,WINDOW ROCK 4 SW,US-AZ,35.61694,-109.12444,1937,1999
USW00003029,WINDOW ROCK AIRPORT,US-AZ,35.65708,-109.06028,1998,2025
USC00029420,WINKELMAN 6 S,US-AZ,32.91667,-110.71667,1893,1980
USW00023194,WINSLOW AIRPORT,US-AZ,35.02795,-110.72206,1898,2025
USC00029464,WITTMANN 1 SE,US-AZ,33.7776,-112.523,1923,2020
USC00029542,WUPATKI NM,US-AZ,35.51974,-111.37181,1940,2025
USC00029562,Y LIGHTNING RANCH,US-AZ,31.4516,-110.2266,1939,2015
USC00029645,YUCCA 1 NNE,US-AZ,34.8775,-114.1344,1950,2016
USC00029652,YUMA CITRUS STATION,US-AZ,32.6114,-114.635,1920,2006
USW00023195,YUMA INTERNATIONAL AIRPORT,US-AZ,32.66667,-114.6,1948,1996
USW00003145,YUMA MCAS,US-AZ,32.65,-114.61667,1982,2025
USW00003125,YUMA PROVING GROUND,US-AZ,32.8356,-114.3942,1955,2025
USC00029657,YUMA VALLEY,US-AZ,32.71667,-114.71667,1930,1992
USW00093145,YUMA WEATHER BUREAU CITY,US-AZ,32.73333,-114.61667,1893,1974
USC00040029,ADIN RANGER STATION,US-CA,41.19334,-120.94458,1894,2025
USW00023239,ALAMEDA NAS,US-CA,37.78333,-122.31667,1945,1996
USC00040064,ALAMO 1 N,US-CA,37.86667,-122.03333,1957,1975
USC00040161,ALTURAS,US-CA,41.49021,-120.54376,1905,2023
USW00094299,ALTURAS MUNICIPAL AIRPORT,US-CA,41.48362,-120.5615,1998,2025
USC00040204,ANGIOLA,US-CA,35.98333,-119.48333,1899,1982
USC00040212,ANGWIN PACIFIC UNION COLLEGE,US-CA,38.573,-122.4405,1940,2025
USC00040227,ANTIOCH FIBREBRD MIL,US-CA,38.01667,-121.76667,1915,1975
USW00024283,ARCATA EUREKA AIRPORT,US-CA,40.97844,-124.10479,1992,2025
USC00040327,ARROYO SECO RANGER STATION FC508,US-CA,34.21667,-118.16667,1916,1974
USC00040343,ASH MOUNTAIN,US-CA,36.4914,-118.8253,1927,2024
USC00040379,AUBERRY 2 NW,US-CA,37.0919,-119.5128,1915,2023
USC00040383,AUBURN,US-CA,38.9072,-121.0838,1905,2025
USC00040385,AUBURN DAM PROJECT,US-CA,38.88333,-121.06667,1972,1984
USW00023191,AVALON CATALINA AIRPORT,US-CA,33.40419,-118.41456,1948,2025
USC00040395,AVALON PLEASURE PIER,US-CA,33.35,-118.31667,1909,1988
USC00040410,AZUSA CITY PK FC 143,US-CA,34.13333,-117.9,1901,1972
USC00040418,BACKUS RANCH,US-CA,34.95,-118.18333,1936,1963
USW00023155,BAKERSFIELD AIRPORT,US-CA,35.43424,-119.05524,1937,2025
USC00040514,BARRETT DAM,US-CA,32.68333,-116.66667,1913,1980
USC00040519,BARSTOW,US-CA,34.9,-117.03333,1903,1980
USW00023161,BARSTOW DAGGETT AIRPORT,US-CA,34.85371,-116.78702,1943,2025
USW00093216,BEALE AFB,US-CA,39.13333,-121.43333,1959,1970
USW00023156,BEAUMONT NUMBER 2,US-CA,33.9255,-116.9903,1939,2001
USC00040607,BEAUMONT PUMP PLANT,US-CA,33.98333,-116.96667,1911,1975
USC00040693,BERKELEY,US-CA,37.8744,-122.2605,1893,2024
USC00040705,BERRYESSA LAKE,US-CA,38.55,-122.23333,1957,1970
USC00040738,BIG BAR 4 E,US-CA,40.7405,-123.2077,1943,2017
USC00040741,BIG BEAR LAKE,US-CA,34.243,-116.917,1960,2025
USC00040742,BIG BEAR LAKE DAM,US-CA,34.2414,-116.9751,1914,1971
USC00040755,BIG CREEK PH 1,US-CA,37.2064,-119.2419,1915,2011
USC00040790,BIG SUR STATION,US-CA,36.2472,-121.7802,1915,2025
USW00023157,BISHOP AIRPORT,US-CA,37.37114,-118.35886,1895,2025
USC00040824,BISHOP UNION CARBIDE,US-CA,37.36667,-118.71667,1957,1969
USW00023225,BLUE CANYON NYACK AIRPORT,US-CA,39.27617,-120.70927,1940,2025
USC00040924,BLYTHE,US-CA,33.61388,-114.59813,1913,2025
USW00023158,BLYTHE ASOS,US-CA,33.61876,-114.71451,1948,2025
USC00040931,BOCA,US-CA,39.3886,-120.0936,1906,2025
USC00040968,BONITA,US-CA,32.66667,-117.03333,1915,1970
USC00040986,BORREGO SPRINGS 3 NN,US-CA,33.28333,-116.35,1944,1967
USC00041018,BOWMAN DAM,US-CA,39.4539,-120.6556,1896,2025
USC00041048,BRAWLEY,US-CA,32.9544,-115.5581,1910,2007
USC00041072,BRIDGEPORT,US-CA,38.2575,-119.2286,1903,2025
USC00041075,BRIDGEPORT DAM,US-CA,38.31667,-119.21667,1925,1957
USC00041112,BROOKS FARNHAM RANCH,US-CA,38.76667,-122.15,1921,1985
USC00041130,BRUSH CREEK RANGER STATION,US-CA,39.6949,-121.3452,1937,1983
USC00041149,BUCKHORN,US-CA,40.87972,-121.93168,1948,2021
USC00041180,BULLARDS BAR PH,US-CA,39.41667,-121.15,1941,1968
USW00023152,BURBANK GLENDALE PASADENA AIRPORT,US-CA,34.19966,-118.36543,1998,2025
USC00041194,BURBANK VALLEY PUMP PLANT,US-CA,34.1866,-118.348,1939,2025
USC00041206,BURLINGAME,US-CA,37.58333,-122.35,1906,1978
USC00041214,BURNEY,US-CA,40.8802,-121.6547,1948,2015
USC00041244,BUTTONWILLOW,US-CA,35.4028,-119.47,1940,2025
USC00041253,CACHUMA LAKE,US-CA,34.58223,-119.98159,1952,2025
USC00041277,CALAVERAS BIG TREES,US-CA,38.2769,-120.3113,1929,2025
USC00041288,CALEXICO,US-CA,32.6881,-115.4644,1904,2010
USC00041312,CALISTOGA,US-CA,38.57682,-122.57811,1906,2025
USW00023136,CAMARILLO AIRPORT,US-CA,34.21142,-119.08762,1952,2025
USC00041420,CAMP LASSEN,US-CA,40.1,-121.53333,1948,1949
USC00041428,CAMP PARDEE,US-CA,38.2486,-120.8433,1926,2025
USW00003154,CAMP PENDLETON MCAS,US-CA,33.30424,-117.35508,1966,2018
USC00041424,CAMPO,US-CA,32.6263,-116.4699,1948,2025
USW00003164,CAMPO ASOS,US-CA,32.6261,-116.4681,1998,2020
USC00041462,CAMPTONVILLE R S,US-CA,39.45,-121.05,1907,1973
USC00041476,CANBY,US-CA,41.4219,-120.9016,1943,2011
USC00041475,CANBY 11 SW,US-CA,41.36667,-121.05,1959,1971
USC00041497,CANYON DAM,US-CA,40.1705,-121.0886,1914,2021
USW00003177,CARLSBAD MCCLELLAN PALOMAR AIRPORT,US-CA,33.12993,-117.27651,1998,2025
USW00023203,CASTLE AFB,US-CA,37.38333,-120.56667,1949,1970
USC00041602,CAZADERO,US-CA,38.53333,-123.13333,1939,1971
USC00041606,CECILVILLE,US-CA,41.14167,-123.13917,1954,2003
USC00041607,CECILVILLE 5 SE,US-CA,41.08333,-123.05,1950,1954
USC00041609,CEDAR GROVE,US-CA,36.78333,-118.66667,1941,1962
USC00041614,CEDARVILLE,US-CA,41.5301,-120.1791,1894,2025
USC00041624,CENTERVILLE PH,US-CA,39.78333,-121.66667,1914,1971
USC00041653,CHALLENGE R S,US-CA,39.48333,-121.21667,1937,1994
USC00041697,CHERRY VALLEY DAM,US-CA,37.9747,-119.9161,1955,2025
USC00041700,CHESTER,US-CA,40.30209,-121.24391,1909,2025
USC00041715,CHICO UNIVERSITY FARM,US-CA,39.6911,-121.8211,1906,2025
USW00093104,CHINA LAKE NAF,US-CA,35.686254,-117.690911,1944,2025
USW00003179,CHINO AIRPORT,US-CA,33.97563,-117.62487,1998,2025
USC00041758,CHULA VISTA,US-CA,32.64,-117.0858,1918,2025
USW00023196,CHULA VISTA BROWN FIELD NAAS,US-CA,32.58333,-116.98333,1945,1961
USC00041779,CLAREMONT POMONA COL,US-CA,34.1,-117.71667,1893,1980
USC00041805,CLEAR LAKE DAM,US-CA,41.93333,-121.06667,1907,1954
USC00041807,CLEARLAKE PARK,US-CA,38.98333,-122.71667,1911,1954
USC00041837,CLOVERDALE 1 S,US-CA,38.81667,-123.01667,1893,1955
USC00041912,COLFAX,US-CA,39.0901,-120.947,1905,2025
USC00041948,COLUSA 2 SSW,US-CA,39.1875,-122.0269,1948,2025
USW00023254,CONCORD BUCHANAN FIELD,US-CA,37.99165,-122.05268,1999,2025
USC00041990,COPCO NUMBER 1 DAM,US-CA,41.97983,-122.33811,1959,2023
USC00042027,CORNING HOUGHTON RANCH,US-CA,39.9,-122.35,1948,1984
USC00042031,CORONA,US-CA,33.88333,-117.55,1908,1988
USW00053175,CORONA MUNICIPAL AIRPORT,US-CA,33.89765,-117.60243,2011,2025
USC00042081,COVELO,US-CA,39.8158,-123.2444,1894,2013
USC00042084,COVELO EEL RIVER RANGER STATION,US-CA,39.8261,-123.085,1914,2022
USC00042092,COW CREEK,US-CA,36.53333,-116.88333,1934,1961
USC00042147,CRESCENT CITY,US-CA,41.7958,-124.2147,1893,2013
USW00024286,CRESCENT CITY MCNAMARA AIRPORT,US-CA,41.78361,-124.23796,1949,2025
USC00042177,CROCKETT,US-CA,38.03333,-122.21667,1918,1977
USW00023240,CROWS LANDING,US-CA,37.4,-121.13333,1945,1987
USC00042214,CULVER CITY,US-CA,34.005,-118.4139,1935,2025
USC00042218,CUMMINGS,US-CA,39.83333,-123.63333,1927,1981
USC00042236,CUYAMA,US-CA,34.93333,-119.61667,1944,1973
USC00042249,CUYAMA RANGER STATION,US-CA,34.85,-119.48333,1938,1951
USC00042239,CUYAMACA,US-CA,32.9897,-116.5872,1899,2025
USC00042294,DAVIS 2 WSW EXPERIMENTAL FARM,US-CA,38.5349,-121.7761,1893,2025
USC00042402,DE SABLA,US-CA,39.8716,-121.6108,1906,2025
USC00042319,DEATH VALLEY NATIONAL PARK,US-CA,36.46263,-116.8672,1961,2025
USC00042331,DEEP SPRINGS COLLEGE,US-CA,37.3738,-117.9802,1948,2007
USC00042338,DEER CREEK FOREBAY,US-CA,39.3,-120.83333,1969,1994
USC00042334,DEER CREEK PH,US-CA,39.3,-120.85,1907,1970
USC00042346,DELANO,US-CA,35.7683,-119.26,1906,2023
USC00042389,DENAIR 3 NNE,US-CA,37.56667,-120.78333,1899,1984
USC00042406,DESCANSO RANGER STATION,US-CA,32.85,-116.61667,1896,1998
USW00003104,DESERT RESORTS REGIONAL AIRPORT,US-CA,33.63166,-116.16412,1950,2025
USC00042458,DOBBINS COLGATE FORE,US-CA,39.33333,-121.2,1903,1970
USC00042467,DONNER MEMORIAL ST PARK,US-CA,39.3239,-120.2331,1953,2015
USW00023226,DONNER SUMMIT,US-CA,39.31667,-120.33333,1948,1951
USC00042500,DOWNIEVILLE,US-CA,39.5633,-120.8238,1908,2025
USC00042504,DOYLE,US-CA,40.0267,-120.1055,1923,2017
USC00042506,DOYLE 4 SSE,US-CA,39.9717,-120.0828,1956,2017
USC00042516,DRY CANYON RESERVOIR,US-CA,34.48333,-118.53333,1921,1990
USC00042539,DUDLEYS,US-CA,37.75,-120.1,1908,1976
USC00042568,DUNNIGAN,US-CA,38.88333,-121.96667,1906,1978
USC00042572,DUNSMUIR RANGER STATION,US-CA,41.21667,-122.26667,1906,1978
USC00042580,DUTTONS LANDING,US-CA,38.2,-122.3,1955,1977
USC00042598,EAGLE MOUNTAIN,US-CA,33.80807,-115.45138,1933,2025
USC00042640,EAST PARK RESERVOIR,US-CA,39.35917,-122.51778,1910,2003
USW00023114,EDWARDS AFB,US-CA,34.9,-117.86667,1949,1970
USC00042713,EL CENTRO 2 SSW,US-CA,32.76654,-115.56638,1932,2025
USW00023199,EL CENTRO NAF,US-CA,32.83241,-115.66377,1945,2025
USW00093101,EL TORO MCAS,US-CA,33.66667,-117.73333,1945,1998
USC00042728,ELECTRA P H,US-CA,38.33056,-120.67056,1903,1997
USC00042749,ELK VALLEY,US-CA,41.988,-123.7183,1938,2022
USC00042756,ELLERY LAKE,US-CA,37.9355,-119.2305,1924,2010
USC00042805,ELSINORE,US-CA,33.686,-117.3458,1897,2025
USC00042862,ESCONDIDO,US-CA,33.11667,-117.08333,1893,1979
USC00042871,ESCONDIDO NUMBER 2,US-CA,33.1,-117.08333,1900,1958
USW00024213,EUREKA WEATHER FORECAST OFFICE WOODLEY ISLAND,US-CA,40.8097,-124.1602,1941,2025
USC00042941,FAIRMONT,US-CA,34.705,-118.4297,1909,2025
USC00042964,FALL RIVER MILLS,US-CA,41.008,-121.435,1923,2025
USC00043030,FERNDALE 2 NW,US-CA,40.6,-124.28333,1963,1973
USC00043113,FOLSOM DAM,US-CA,38.7,-121.16667,1955,1993
USC00043130,FOREST GLEN,US-CA,40.38333,-123.33333,1930,1985
USC00043157,FORT BIDWELL,US-CA,41.8715,-120.1574,1867,2025
USC00043161,FORT BRAGG 5 N,US-CA,39.51,-123.75639,1895,2025
USC00043182,FORT JONES RANGER STATION,US-CA,41.60104,-122.84775,1936,2025
USC00043191,FORT ROSS,US-CA,38.515,-123.2447,1895,2025
USW00093193,FRESNO YOSEMITE INTERNATIONAL,US-CA,36.77999,-119.72016,1941,2025
USC00043261,FRIANT GOVERNMENT CAMP,US-CA,36.99574,-119.70691,1912,2025
USW00093217,FRITZSCHE ARMY AIR FIELD,US-CA,36.68333,-121.76667,1960,1978
USW00003166,FULLERTON MUNICIPAL AIRPORT,US-CA,33.87154,-117.98561,1998,2025
USC00043338,GARDEN VALLEY 2 S,US-CA,38.83333,-120.85,1946,1972
USC00043369,GEM LAKE,US-CA,37.7519,-119.1402,1924,2010
USC00043381,GEORGETOWN,US-CA,38.91667,-120.83333,1893,1967
USC00043384,GEORGETOWN RANGER STATION,US-CA,38.933,-120.8008,1946,2023
USC00043397,GIANT FOREST,US-CA,36.56667,-118.76667,1921,1968
USC00043468,GLENNVILLE MORROW RA,US-CA,35.7,-118.73333,1909,1951
USC00043491,GOLD RUN 4 SW,US-CA,39.15014,-120.90026,1905,2025
USC00043551,GRANT GROVE,US-CA,36.73751,-118.96197,1940,2025
USC00043571,GRASS VALLEY,US-CA,39.21667,-121.06667,1893,1966
USC00043578,GRATON,US-CA,38.4305,-122.8647,1926,2025
USC00043614,GREENVIEW,US-CA,41.5519,-122.9236,1941,2008
USC00043621,GREENVILLE,US-CA,40.1408,-120.9505,1894,2008
USC00043650,GRIZZLY ISLAND REFUGE,US-CA,38.15,-121.96667,1971,1977
USC00043672,GROVELAND R S,US-CA,37.823,-120.0983,1955,2008
USC00049065,GROVELAND R S,US-CA,37.83333,-120.1,1906,1955
USC00043710,HAIWEE,US-CA,36.1388,-117.9527,1923,2016
USC00043714,HALF MOON BAY,US-CA,37.4725,-122.4433,1939,2025
USW00023211,HAMILTON ARMY AIR FIELD,US-CA,38.067,-122.5,1934,1970
USC00043747,HANFORD 1 S,US-CA,36.3158,-119.637,1899,2025
USW00053119,HANFORD MUNICIPAL AIRPORT,US-CA,36.3114,-119.62319,1998,2025
USC00043761,HAPPY CAMP RANGER STATION,US-CA,41.79612,-123.37469,1914,2025
USC00043791,HARRISON GULCH RANGER STATION,US-CA,40.3636,-122.965,1943,2009
USC00043824,HAT CREEK,US-CA,40.9316,-121.5433,1921,2025
USW00003167,HAWTHORNE MUNICIPAL AIRPORT,US-CA,33.92353,-118.33291,1998,2025
USC00043855,HAYFIELD PUMPING PLANT,US-CA,33.7044,-115.6289,1933,2025
USC00043859,HAYFORK,US-CA,40.5524,-123.2122,1914,2006
USW00093228,HAYWARD AIR TERMINAL,US-CA,37.65886,-122.12116,1998,2025
USC00043875,HEALDSBURG,US-CA,38.62935,-122.86646,1893,2025
USC00043925,HERNANDEZ 2 NW,US-CA,36.41667,-120.91667,1943,1980
USC00043939,HETCH HETCHY,US-CA,37.9613,-119.783,1910,2025
USC00043987,HILTS SLASH DISPOSAL,US-CA,42.0,-122.63333,1939,1984
USC00044010,HOBERGS M I U,US-CA,38.85,-122.71667,1939,1974
USC00044022,HOLLISTER,US-CA,36.83333,-121.41667,1895,1974
USC00045126,HOLY CITY 3 WNW,US-CA,37.16667,-122.03333,1943,1955
USC00044176,HUNTINGTON LAKE,US-CA,37.2275,-119.22056,1915,2010
USC00044204,IDRIA,US-CA,36.41667,-120.66667,1918,1976
USC00044211,IDYLLWILD FIRE DEPARTMENT,US-CA,33.7572,-116.7066,1943,2025
USC00044223,IMPERIAL,US-CA,32.8488,-115.5666,1901,2025
USW00093115,IMPERIAL BEACH REAM FIELD NAS,US-CA,32.56797,-117.11715,1945,2025
USW00003144,IMPERIAL CO AIRPORT,US-CA,32.83464,-115.57656,1962,2025
USC00044259,INDIO FIRE STATION,US-CA,33.7086,-116.2152,1894,2025
USC00044274,INSKIP INN,US-CA,40.0,-121.53333,1907,1954
USC00044278,INYOKERN,US-CA,35.6513,-117.8213,1940,2012
USC00044288,IOWA HILL,US-CA,39.118,-120.8405,1893,2007
USC00044297,IRON MOUNTAIN,US-CA,34.1472,-115.1219,1935,2025
USC00044374,JESS VALLEY,US-CA,41.2706,-120.29845,1948,2025
USW00093218,JOLON FORT HUNTER LIGGETT,US-CA,36.0,-121.23333,1964,1971
USC00044412,JULIAN CDF,US-CA,33.0763,-116.5925,1893,2025
USC00044418,JULIAN WYNOLA,US-CA,33.1,-116.65,1949,1988
USC00044480,KELLOGG,US-CA,38.66667,-122.66667,1939,1973
USC00044488,KELSEYVILLE,US-CA,38.98333,-122.83333,1893,1975
USC00044500,KENTFIELD,US-CA,37.9566,-122.5447,1902,2025
USC00044520,KERN RIVER PH 1,US-CA,35.46667,-118.78333,1906,1991
USC00044534,KETTLEMAN CITY,US-CA,36.0067,-119.96,1955,2025
USC00044536,KETTLEMAN STATION,US-CA,36.0725,-120.08778,1941,2001
USC00044555,KING CITY,US-CA,36.2069,-121.1377,1902,2025
USC00044590,KNIGHTS FERRY 2 SE,US-CA,37.8,-120.65,1959,1977
USC00044593,KNIGHTS VALLEY,US-CA,38.61667,-122.66667,1964,1969
USC00044735,LA MESA,US-CA,32.7675,-117.0233,1899,2006
USC00044773,LA PORTE,US-CA,39.68333,-120.98333,1894,1958
USC00044647,LAGUNA BEACH,US-CA,33.5453,-117.7813,1928,2008
USC00044671,LAKE ARROWHEAD,US-CA,34.2466,-117.1883,1941,2009
USC00044675,LAKE CITY,US-CA,41.63333,-120.21667,1929,1960
USC00044679,LAKE ELEANOR,US-CA,37.96667,-119.88333,1909,1957
USC00044698,LAKE PILLSBURY 2,US-CA,39.41667,-122.98333,1964,1970
USC00044713,LAKE SPAULDING,US-CA,39.31833,-120.63917,1902,2003
USC00044701,LAKEPORT,US-CA,39.03333,-122.91667,1920,2001
USC00044709,LAKESHORE 2,US-CA,40.86667,-122.38333,1946,1972
USC00044747,LANCASTER,US-CA,34.68333,-118.11667,1917,1972
USW00003159,LANCASTER,US-CA,34.74121,-118.21255,1974,2025
USC00044812,LAS PLUMAS,US-CA,39.68333,-121.48333,1913,1967
USC00044838,LAVA BEDS NAT MON,US-CA,41.71171,-121.5067,1959,2025
USC00044884,LE GRAND,US-CA,37.23333,-120.25,1899,1980
USC00044863,LEBEC,US-CA,34.83328,-118.86497,1948,2023
USC00044881,LEE VINING,US-CA,37.9567,-119.1194,1988,2025
USC00044890,LEMON COVE,US-CA,36.3817,-119.0264,1899,2025
USW00023110,LEMOORE REEVES NAS,US-CA,36.33333,-119.95,1961,2025
USC00044957,LINDSAY,US-CA,36.2032,-119.0545,1913,2025
USC00044979,LITTLE PANOCHE DET D,US-CA,36.78333,-120.8,1968,1975
USC00044997,LIVERMORE,US-CA,37.68194,-121.75139,1903,2025
USW00023285,LIVERMORE MUNICIPAL AIRPORT,US-CA,37.69309,-121.8149,1998,2025
USC00045002,LLANO SHAWNEE HILLS,US-CA,34.46667,-117.75,1945,1965
USC00045026,LODGEPOLE,US-CA,36.6044,-118.7325,1968,2025
USC00045032,LODI,US-CA,38.1061,-121.2877,1893,2015
USC00045064,LOMPOC,US-CA,34.6538,-120.4513,1917,2025
USC00045082,LONG BEACH AQUARIUM,US-CA,33.76111,-118.19694,1906,1969
USW00023129,LONG BEACH DAUGHERTY AIRPORT,US-CA,33.81177,-118.14718,1943,2025
USW00093106,LOS ALAMITOS,US-CA,33.78333,-118.05,1945,1971
USC00045107,LOS ALAMOS,US-CA,34.7455,-120.28,1894,2008
USW00093134,LOS ANGELES DOWNTOWN USC,US-CA,34.0236,-118.2911,1906,2025
USW00023174,LOS ANGELES INTERNATIONAL AIRPORT,US-CA,33.93816,-118.3866,1944,2025
USC00045118,LOS BANOS,US-CA,37.0563,-120.8666,1906,2025
USC00045119,LOS BANOS ARBURUA RANCH,US-CA,36.8749,-120.9386,1932,2025
USC00045120,LOS BANOS DET RESV,US-CA,36.98972,-120.92972,1968,2007
USC00045123,LOS GATOS,US-CA,37.2319,-121.9592,1893,2019
USC00045147,LOS PRIETOS RANGER STATION,US-CA,34.5444,-119.7913,1943,2004
USC00045182,LUCERNE VALLEY,US-CA,34.45,-116.95,1949,1973
USC00045215,LYTLE CREEK PH,US-CA,34.2,-117.45,1906,1967
USC00045218,LYTLE CREEK RANGER STATION,US-CA,34.23833,-117.47083,1921,2001
USC00045244,MAD RIVER RANGER STATION,US-CA,40.45,-123.53333,1943,1988
USC00045231,MADELINE,US-CA,41.01667,-120.5,1908,1975
USC00045233,MADERA,US-CA,36.9539,-120.0378,1928,2023
USW00093242,MADERA MUNICIPAL AIRPORT,US-CA,36.98505,-120.11068,1998,2025
USC00045296,MANDEVILLE ISLAND,US-CA,38.03333,-121.56667,1955,1965
USC00045303,MANTECA,US-CA,37.8,-121.2,1965,1977
USC00045311,MANZANITA LAKE,US-CA,40.5411,-121.5766,1949,2025
USW00023119,MARCH AFB,US-CA,33.9,-117.25,1949,2025
USC00045338,MARICOPA,US-CA,35.08333,-119.38333,1911,1993
USC00045360,MARKLEY COVE,US-CA,38.4916,-122.1241,1970,2025
USC00045377,MARTINEZ,US-CA,38.01667,-122.13333,1906,1969
USC00045385,MARYSVILLE,US-CA,39.1458,-121.5852,1897,2007
USW00093205,MARYSVILLE AIRPORT ASOS,US-CA,39.10205,-121.56884,2000,2025
USC00045400,MATHER,US-CA,37.885,-119.8561,1947,2011
USC00045449,MCCLOUD,US-CA,41.25171,-122.13827,1909,2025
USC00045496,MEADOW LAKE,US-CA,37.08333,-119.43333,1948,1975
USC00045502,MECCA FIRE STATION,US-CA,33.5697,-116.073,1905,2025
USC00045532,MERCED,US-CA,37.2888,-120.5158,1899,2025
USW00023257,MERCED MUNICIPAL AIRPORT,US-CA,37.28597,-120.51788,1998,2025
USC00045571,MEYERS 4 SW,US-CA,38.81667,-120.01667,1961,1966
USC00045598,MIDDLETOWN,US-CA,38.74774,-122.62583,1893,2025
USC00045602,MIDDLEWATER,US-CA,35.5,-119.81667,1911,1962
USC00045629,MILL CREEK 2,US-CA,34.08333,-117.03333,1904,1967
USC00045679,MINERAL,US-CA,40.3458,-121.6091,1909,2025
USC00045721,MITCHELL CAVERNS,US-CA,34.9436,-115.5469,1958,2011
USW00023258,MODESTO AIRPORT,US-CA,37.62544,-120.95492,1906,2025
USW00023244,MOFFETT FEDERAL AIRFIELD,US-CA,37.4058,-122.0481,1945,2019
USC00045756,MOJAVE,US-CA,35.0492,-118.1619,1904,2023
USW00003129,MOJAVE MCAS,US-CA,35.05,-118.16667,1957,1958
USC00045779,MONO LAKE,US-CA,38.0,-119.15,1944,1988
USW00024259,MONTAGUE SISKIYOU AIRPORT,US-CA,41.77373,-122.46825,1948,2025
USC00045795,MONTEREY,US-CA,36.5927,-121.8555,1906,2025
USW00023245,MONTEREY NAF,US-CA,36.6,-121.86667,1945,1969
USW00023259,MONTEREY PENINSUL AIRPORT,US-CA,36.59041,-121.84881,1968,2025
USC00045818,MONTICELLO DAM,US-CA,38.5,-122.11667,1957,1970
USC00045860,MORONGO VALLEY NORTH,US-CA,34.0864,-116.5622,2009,2024
USC00045909,MOUNT DANAHER,US-CA,38.75,-120.66667,1943,1973
USC00045915,MOUNT DIABLO JUNCTION,US-CA,37.8792,-121.9303,1952,2025
USC00045933,MOUNT HAMILTON,US-CA,37.34336,-121.63473,1948,2025
USC00045941,MOUNT HEBRON RANGER STATION,US-CA,41.78339,-122.0446,1907,2024
USC00045978,MOUNT SAN JACINTO WS,US-CA,33.8,-116.63333,1969,1978
USC00045983,MOUNT SHASTA,US-CA,41.32175,-122.31725,1948,2025
USW00024215,MOUNT SHASTA,US-CA,41.314893,-122.317127,1996,2025
USC00045980,MOUNT SHASTA SKI BOW,US-CA,41.36667,-122.2,1958,1964
USC00046006,MOUNT WILSON CBS,US-CA,34.2308,-118.0711,1948,2016
USC00045890,MOUNTAIN PASS,US-CA,35.47028,-115.54361,1955,2007
USC00046056,NACIMIENTO DAM,US-CA,35.76667,-120.88333,1957,1978
USW00093227,NAPA CO AIRPORT,US-CA,38.2075,-122.28041,1998,2025
USC00046074,NAPA STATE HOSPITAL,US-CA,38.2777,-122.2647,1893,2025
USW00023179,NEEDLES AIRPORT,US-CA,34.76783,-114.61842,1940,2025
USC00046122,NEENACH,US-CA,34.8,-118.58333,1893,1963
USC00046136,NEVADA CITY,US-CA,39.2466,-121.0008,1893,2025
USC00046172,NEW MELONES DAM,US-CA,37.95,-120.53333,1979,1992
USC00046174,NEW MELONES DAM HQ,US-CA,38.0047,-120.4863,1992,2025
USC00046144,NEWARK,US-CA,37.5147,-122.0325,1906,2021
USC00046168,NEWMAN,US-CA,37.2811,-121.0177,1902,2025
USC00046175,NEWPORT BEACH HARBOR,US-CA,33.6031,-117.8836,1921,2025
USC00046252,NORTH FORK RANGER STATION,US-CA,37.2329,-119.5097,1904,2025
USC00046256,NORTH HOLLYWOOD,US-CA,34.16667,-118.38333,1936,1962
USW00093112,NORTH ISLAND NAS,US-CA,32.69219,-117.20983,1945,2025
USC00046328,OAK KNOLL W. C.,US-CA,41.8391,-122.8502,1943,2025
USC00046305,OAKDALE WOODWARD DAM,US-CA,37.86667,-120.86667,1906,1967
USC00046332,OAKLAND,US-CA,37.78333,-122.16667,1894,1958
USW00023230,OAKLAND INTERNATIONAL AIRPORT,US-CA,37.7178,-122.23301,1948,2025
USC00046370,OCCIDENTAL,US-CA,38.3858,-122.9661,1943,2021
USC00046377,OCEANSIDE MARINA,US-CA,33.2097,-117.395,1909,2025
USW00053121,OCEANSIDE MUNICIPAL AIRPORT,US-CA,33.21946,-117.34962,1999,2025
USC00046399,OJAI,US-CA,34.4477,-119.2275,1905,2025
USW00003102,ONTARIO INTERNATIONAL AIRPORT,US-CA,34.05314,-117.57689,1998,2025
USC00046465,OPIDS CAMP FC 57 B E,US-CA,34.25,-118.1,1917,1969
USC00046498,ORICK PRAIRIE,US-CA,41.3619,-124.0191,1937,2012
USC00046506,ORLAND,US-CA,39.7458,-122.1997,1903,2025
USC00046508,ORLEANS,US-CA,41.30206,-123.53851,1903,2025
USC00046522,OROVILLE 1 N,US-CA,39.51667,-121.55,1893,1953
USW00093210,OROVILLE MUNICIPAL AIRPORT,US-CA,39.4943,-121.62226,1998,2025
USC00046569,OXNARD,US-CA,34.19806,-119.17528,1923,2002
USW00093110,OXNARD VENTURA CO AIRPORT,US-CA,34.20012,-119.20417,1998,2025
USC00046597,PACIFIC HOUSE,US-CA,38.7583,-120.503,1941,2023
USC00046602,PACOIMA DAM FC33A E,US-CA,34.3294,-118.4005,1943,2025
USC00046635,PALM SPRINGS,US-CA,33.8275,-116.5097,1906,2025
USW00093138,PALM SPRINGS ASOS,US-CA,33.82216,-116.50433,1998,2025
USC00046624,PALMDALE,US-CA,34.5883,-118.0938,1903,2025
USW00023182,PALMDALE AIRPORT,US-CA,34.62944,-118.08309,1934,2025
USC00046650,PALOMA,US-CA,36.35028,-121.54,1943,1999
USC00046657,PALOMAR MOUNTAIN OBSERVATORY,US-CA,33.378,-116.84,1901,2025
USC00046677,PANOCHE CREEK,US-CA,36.68333,-120.58333,1953,1968
USC00046678,PANOCHE JUNCTION,US-CA,36.53333,-120.45,1938,1962
USC00046685,PARADISE,US-CA,39.7538,-121.6241,1957,2022
USC00046699,PARKER RESERVOIR,US-CA,34.28964,-114.17137,1934,2025
USC00046719,PASADENA,US-CA,34.1483,-118.1447,1893,2025
USC00046730,PASO ROBLES,US-CA,35.6277,-120.6855,1894,2025
USW00093209,PASO ROBLES MUNICIPAL AIRPORT,US-CA,35.66936,-120.62918,1948,2025
USC00046754,PATTIWAY,US-CA,34.93333,-119.38333,1915,1987
USC00046826,PETALUMA AIRPORT,US-CA,38.2577,-122.6077,1893,2025
USC00046926,PINNACLES NATIONAL PARK,US-CA,36.4819,-121.1822,1937,2025
USC00046960,PLACERVILLE,US-CA,38.6955,-120.8244,1900,2010
USC00046962,PLACERVILLE IFG,US-CA,38.73333,-120.73333,1955,2013
USC00047016,POINT ARGUELLO LIGHT,US-CA,34.58333,-120.65,1948,1979
USW00093111,POINT MUGU NF,US-CA,34.12407,-119.12281,1946,2025
USC00047024,POINT PIEDRAS BLANCAS,US-CA,35.66667,-121.28333,1938,1975
USC00047050,POMONA FAIRPLEX,US-CA,34.0816,-117.7658,1893,2012
USC00047077,PORTERVILLE,US-CA,36.06778,-119.02,1902,2004
USC00047085,PORTOLA,US-CA,39.8053,-120.4719,1915,2025
USC00047109,POTTER VALLEY POWERHOUSE,US-CA,39.3619,-123.1286,1937,2025
USC00047111,POWAY VALLEY,US-CA,33.01953,-117.03096,1893,2025
USC00047150,PRIEST VALLEY,US-CA,36.18833,-120.69528,1903,2011
USC00047195,QUINCY,US-CA,39.9366,-120.9475,1895,2025
USW00053120,RAMONA AIRPORT,US-CA,33.03801,-116.915979,1998,2025
USC00047253,RANDSBURG,US-CA,35.3692,-117.6525,1937,2024
USW00024216,RED BLUFF MUNICIPAL AIRPORT,US-CA,40.15186,-122.25478,1892,2025
USW00024257,REDDING AIRPORT,US-CA,40.51462,-122.29773,1986,2025
USC00047296,REDDING FIRE STATION 2,US-CA,40.58333,-122.4,1893,1979
USC00047306,REDLANDS,US-CA,34.037,-117.1948,1898,2025
USC00047370,REPRESA,US-CA,38.6944,-121.1611,1893,2012
USC00047473,RIVERSIDE CITRUS EXPERIMENTAL,US-CA,33.96694,-117.36139,1948,2009
USW00003171,RIVERSIDE MUNICIPAL AIRPORT,US-CA,33.95282,-117.43523,1998,2025
USC00047516,ROCKLIN,US-CA,38.8,-121.23333,1904,1976
USW00023271,SACRAMENTO 5 ESE,US-CA,38.5552,-121.4183,1877,2025
USW00023232,SACRAMENTO AIRPORT ASOS,US-CA,38.50659,-121.49604,1941,2025
USW00023206,SACRAMENTO MATHER AFB,US-CA,38.56667,-121.3,1949,1970
USW00023208,SACRAMENTO MCCLELLAN AFB,US-CA,38.66667,-121.4,1949,1970
USW00093225,SACRAMENTO METROPOLITAN AIRPORT,US-CA,38.70069,-121.59479,1998,2025
USC00047641,SAGEHEN CREEK,US-CA,39.43167,-120.24056,1953,2007
USC00047643,SAINT HELENA,US-CA,38.5066,-122.4713,1907,2023
USW00023233,SALINAS AIRPORT,US-CA,36.66352,-121.60928,1930,2025
USC00047689,SALT SPRINGS PH,US-CA,38.50056,-120.21889,1943,1998
USC00047698,SALYER RANGER STATION,US-CA,40.88333,-123.58333,1943,1968
USC00047711,SAN ANTONIO CN MOUTH,US-CA,34.16667,-117.66667,1917,1967
USC00047723,SAN BERNARDINO F S 226,US-CA,34.13444,-117.25389,1893,2004
USW00023122,SAN BERNARDINO INTERNATIONAL AIRPORT,US-CA,34.09528,-117.23472,1949,1970
USW00093117,SAN CLEMENTE ISLAND NAAS,US-CA,33.02333,-118.58806,1945,1989
USW00003178,SAN DIEGO BROWN FIELD,US-CA,32.57583,-116.99391,1997,2025
USW00023188,SAN DIEGO INTERNATIONAL AIRPORT,US-CA,32.7336,-117.1831,1939,2025
USW00093107,SAN DIEGO MIRAMAR NAS,US-CA,32.86667,-117.13333,1947,2024
USW00003131,SAN DIEGO MONTGOMERY FIELD,US-CA,32.81453,-117.13747,1998,2025
USC00047759,SAN FERNANDO,US-CA,34.28333,-118.46667,1906,1974
USW00023272,SAN FRANCISCO DOWNTOWN,US-CA,37.7705,-122.4269,1921,2025
USW00023234,SAN FRANCISCO INTERNATIONAL AIRPORT,US-CA,37.61962,-122.36562,1945,2025
USC00047810,SAN JACINTO,US-CA,33.78333,-116.96667,1893,1978
USC00047821,SAN JOSE,US-CA,37.34972,-121.90333,1893,2025
USW00023293,SAN JOSE,US-CA,37.35938,-121.92444,1998,2025
USC00047846,SAN LUIS DAM,US-CA,37.05333,-121.05778,1963,2007
USW00093206,SAN LUIS OBISPO MCCHESNEY FIELD,US-CA,35.23815,-120.64406,1998,2025
USC00047851,SAN LUIS OBISPO POLY,US-CA,35.3056,-120.6619,1893,2025
USC00047864,SAN MATEO,US-CA,37.53333,-122.3,1906,1978
USW00093116,SAN NICOLAS ISLAND,US-CA,33.23377,-119.45591,1933,2010
USC00047876,SAN PEDRO,US-CA,33.754167,-118.233611,1906,1964
USC00047880,SAN RAFAEL CIVIC CENTER,US-CA,37.9983,-122.5372,1894,2025
USW00023187,SANDBERG,US-CA,34.74361,-118.72528,1934,2025
USC00047734,SANDBERG PTRL STATION,US-CA,34.75,-118.71667,1949,1988
USC00047888,SANTA ANA FIRE STATION,US-CA,33.7442,-117.8667,1906,2025
USW00093184,SANTA ANA JOHN WAYNE AIRPORT,US-CA,33.67975,-117.86746,1999,2025
USC00047894,SANTA ANA RIVER PH 1,US-CA,34.13333,-117.06667,1903,1967
USC00047902,SANTA BARBARA,US-CA,34.4167,-119.6844,1893,2025
USW00023190,SANTA BARBARA MUNICIPAL AIRPORT,US-CA,34.4241,-119.84249,1941,2025
USC00047912,SANTA CLARA UNIVERSI,US-CA,37.35,-121.93333,1893,1976
USC00047916,SANTA CRUZ,US-CA,36.98785,-121.99952,1893,2022
USC00047940,SANTA MARIA,US-CA,34.95,-120.43333,1893,1959
USW00023273,SANTA MARIA PUBLIC AIRPORT,US-CA,34.89403,-120.45216,1948,2025
USC00047950,SANTA MONICA,US-CA,34.01667,-118.48333,1900,1979
USW00093197,SANTA MONICA MUNICIPAL AIRPORT,US-CA,34.02099,-118.44712,1998,2025
USC00047953,SANTA MONICA PIER,US-CA,34.0075,-118.49972,1937,2010
USC00047965,SANTA ROSA,US-CA,38.45579,-122.71335,1902,2025
USW00023213,SANTA ROSA SONOMA CO AIRPORT,US-CA,38.50369,-122.81101,1998,2025
USC00048014,SAUGUS POWER PLANT 1,US-CA,34.58998,-118.45412,1918,2025
USC00048025,SAWYERS BAR RANGER STATION,US-CA,41.30102,-123.13298,1931,2022
USC00048045,SCOTIA,US-CA,40.4833,-124.1038,1926,2025
USC00048105,SEVEN OAKS,US-CA,34.18333,-116.95,1909,1955
USC00048135,SHASTA DAM,US-CA,40.7141,-122.4161,1943,2025
USC00048207,SIERRA CITY,US-CA,39.56778,-120.62278,1910,2000
USC00048210,SIERRA MADRE HENSZEY,US-CA,34.16667,-118.05,1897,1958
USC00048218,SIERRAVILLE RANGER STATION,US-CA,39.5833,-120.3705,1909,2025
USW00023192,SILVER LAKE CAA AIRPORT,US-CA,35.33333,-116.08333,1940,1953
USC00048273,SKYLINE RIDGE PRESERVE,US-CA,37.3133,-122.185,1995,2025
USC00048380,SO ENTRANCE YOSEMITE N.P.,US-CA,37.5122,-119.6331,1941,2025
USC00048331,SODA SPRINGS,US-CA,39.31667,-120.38333,1913,1959
USC00048351,SONOMA,US-CA,38.2994,-122.4622,1893,2025
USC00048353,SONORA,US-CA,37.9672,-120.3872,1903,2025
USC00047279,SOUTH FORK CABIN,US-CA,34.05,-116.81667,1919,1959
USW00093230,SOUTH LAKE TAHOE AIRPORT,US-CA,38.89838,-119.99617,1968,2025
USC00048463,SPRINGVILLE TULE HD,US-CA,36.1933,-118.6567,1896,1955
USC00048474,SQUAW VALLEY,US-CA,39.2,-120.23333,1955,1975
USC00048476,SQUIRREL INN 1,US-CA,34.23333,-117.25,1909,1963
USC00048479,SQUIRREL INN 2,US-CA,34.23333,-117.23333,1929,1971
USC00048521,STEELE SWAMP,US-CA,41.86667,-120.95,1948,1950
USC00048544,STIRLING CITY RANGER STATION,US-CA,39.9041,-121.528,1903,1966
USW00023237,STOCKTON AIRPORT,US-CA,37.88997,-121.22637,1941,2025
USC00048560,STOCKTON FIRE STATION 4,US-CA,37.9994,-121.3177,1906,2014
USC00048562,STOCKTON MOWRY BRIDG,US-CA,37.85,-121.38333,1955,1965
USC00048587,STONY GORGE RESERVOIR,US-CA,39.5861,-122.5341,1926,2025
USC00048580,STONYFORD,US-CA,39.3752,-122.5461,1915,2008
USC00048606,STRAWBERRY VALLEY 2,US-CA,39.53194,-121.1611,1948,2025
USC00048660,SUNLAND,US-CA,34.26667,-118.3,1949,1966
USC00048702,SUSANVILLE 2 SW,US-CA,40.4167,-120.6631,1893,2025
USC00048713,SUTTER HILL CDF,US-CA,38.3772,-120.8008,1943,2025
USC00048748,TABLE MOUNTAIN,US-CA,34.38333,-117.68333,1926,1961
USC00048758,TAHOE CITY,US-CA,39.1678,-120.1428,1903,2025
USC00048826,TEHACHAPI,US-CA,35.13333,-118.45,1893,1997
USC00048829,TEHACHAPI 4 SE,US-CA,35.1011,-118.4222,1997,2025
USC00048839,TEJON RANCHO,US-CA,35.0233,-118.7497,1895,2025
USC00048873,TERMO 1 E,US-CA,40.86667,-120.43333,1927,1999
USC00048914,THREE RIVERS ED PH 2,US-CA,36.46667,-118.88333,1909,1971
USC00048928,TIGER CREEK PH,US-CA,38.44611,-120.49917,1906,1998
USW00003122,TORRANCE AIRPORT,US-CA,33.8016,-118.3419,1932,2025
USC00048999,TRACY CARBONA,US-CA,37.6819,-121.3466,1906,2025
USC00049001,TRACY PUMPING PLANT,US-CA,37.79589,-121.58319,1955,2025
USW00023202,TRAVIS FIELD AFB,US-CA,38.26667,-121.93333,1947,2025
USC00049024,TRINITY DAM VISTA PO,US-CA,40.8,-122.76667,1959,1973
USC00049026,TRINITY RIVER HATCHERY,US-CA,40.7263,-122.7947,1974,2025
USC00049035,TRONA,US-CA,35.7636,-117.3908,1920,2025
USC00049043,TRUCKEE RANGER STATION,US-CA,39.333,-120.173,1904,2009
USC00049053,TULELAKE,US-CA,41.95999,-121.47449,1932,2025
USC00049056,TULELAKE 5 WSW,US-CA,41.91667,-121.56667,1932,1957
USC00049073,TURLOCK NUMBER 2,US-CA,37.50193,-120.84566,1893,2025
USW00093114,TUSTIN MCAF,US-CA,33.7,-117.83333,1945,1998
USC00049099,TWENTYNINE PALMS,US-CA,34.128,-116.0369,1935,2025
USW00093121,TWENTYNINE PALMS MC,US-CA,34.294,-116.14722,1945,2005
USC00049105,TWIN LAKES,US-CA,38.70861,-120.04028,1919,2000
USC00049111,TWITCHELL DAM,US-CA,34.988,-120.3211,1962,2025
USC00049152,U C L A,US-CA,34.0697,-118.4427,1933,2025
USC00049122,UKIAH,US-CA,39.1466,-123.2102,1893,2013
USW00023275,UKIAH MUNICIPAL AIRPORT,US-CA,39.12781,-123.20015,1949,2025
USC00049157,UPLAND,US-CA,34.13333,-117.68333,1903,1959
USC00049173,UPPER LAKE,US-CA,39.19056,-122.89639,1893,2006
USC00049200,VACAVILLE,US-CA,38.39556,-121.96083,1893,2009
USW00093241,VACAVILLE NUT TREE AIRPORT ASOS,US-CA,38.37753,-121.95854,1998,2025
USW00023130,VAN NUYS AIRPORT,US-CA,34.21214,-118.49146,1949,2025
USW00093214,VANDENBERG AFB,US-CA,34.71667,-120.56667,1951,1970
USC00049285,VENTURA,US-CA,34.2825,-119.2919,1900,2013
USC00049325,VICTORVILLE,US-CA,34.52527,-117.29638,1917,2025
USW00023131,VICTORVILLE SOUTHERN CALIFORNIA INTERNATIONAL AIRPORT,US-CA,34.58333,-117.38333,1950,1970
USC00049351,VINTON,US-CA,39.8056,-120.1858,1950,2019
USC00049367,VISALIA,US-CA,36.32833,-119.2997,1895,2025
USC00049386,VOLLMERS,US-CA,40.95,-122.45,1937,1975
USC00049390,VOLTA PH,US-CA,40.4583,-121.8663,1926,2025
USC00049685,W. HOWARD FOREST R S,US-CA,39.35,-123.31667,1935,1955
USC00049423,WALNUT CREEK 2 ESE,US-CA,37.88333,-122.03333,1893,1974
USC00049428,WALNUT GROVE,US-CA,38.23333,-121.51667,1953,1961
USC00049440,WARM SPRINGS DAM,US-CA,38.71611,-122.9975,1973,1998
USC00049452,WASCO,US-CA,35.5892,-119.352,1901,2025
USW00023277,WATSONVILLE MUNICIPAL AIRPORT,US-CA,36.93936,-121.79001,1998,2025
USC00049490,WEAVERVILLE,US-CA,40.73529,-122.9441,1894,2020
USC00049498,WEED FIRE DEPARTMENT,US-CA,41.43333,-122.38333,1943,1957
USC00049499,WEED FIRE DEPARTMENT,US-CA,41.43333,-122.38333,1957,1989
USC00049540,WEST BRANCH,US-CA,39.93333,-121.53333,1907,1952
USC00049582,WEST POINT,US-CA,38.3775,-120.5452,1894,2025
USC00049583,WEST POINT 3 SW,US-CA,38.38333,-120.56667,1949,1969
USC00049599,WESTWOOD,US-CA,40.3,-121.0,1921,1953
USC00049612,WHEELER,US-CA,39.88333,-123.91667,1947,1959
USC00049621,WHISKEYTOWN RESERVOIR,US-CA,40.6116,-122.528,1960,2025
USC00049677,WILLIAMS,US-CA,39.15,-122.15,1906,1988
USC00049684,WILLITS 1 NE,US-CA,39.4194,-123.3425,1902,2012
USC00049694,WILLOW CREEK 1 NW,US-CA,40.9466,-123.6363,1968,2023
USC00049699,WILLOWS 6 W,US-CA,39.52316,-122.3048,1906,2025
USC00049700,WILLOWS USBR,US-CA,39.53333,-122.2,1967,1971
USC00049742,WINTERS,US-CA,38.5252,-121.9777,1906,2025
USC00049775,WOODFORDS,US-CA,38.78333,-119.8,1909,1990
USC00049781,WOODLAND 1 WNW,US-CA,38.6829,-121.794,1906,2024
USC00049785,WOODLAND HILLS PIERCE COLLEGE,US-CA,34.1819,-118.5744,1949,2025
USC00049814,WRIGHTS,US-CA,37.13333,-121.95,1906,1986
USC00049822,WRIGHTWOOD,US-CA,34.3617,-117.6386,1997,2012
USC00049847,YORBA LINDA,US-CA,33.89,-117.8188,1912,2007
USC00049855,YOSEMITE PARK HEADQUARTERS,US-CA,37.75027,-119.58972,1905,2025
USC00049866,YREKA,US-CA,41.70237,-122.64169,1893,2025
USC00049884,YUCCA MESA,US-CA,34.2182,-116.4073,2011,2025
USC00050109,AKRON 4 E,US-CO,40.15507,-103.1418,1893,2025
USW00024015,AKRON WASHINGTON CO AIRPORT,US-CO,40.174306,-103.214588,1937,2025
USC00050125,ALAMOSA,US-CO,37.46667,-105.88333,1906,1949
USC00050128,ALAMOSA 1 E,US-CO,37.4702,-105.8569,2005,2025
USW00023061,ALAMOSA BERGMAN FIELD,US-CO,37.43931,-105.8618,1948,2025
USC00050183,ALLENSPARK 2 SE,US-CO,40.188,-105.5019,1944,1993
USC00050214,ALTENBERN,US-CO,39.4992,-108.3809,1947,2025
USC00050228,AMES,US-CO,37.86667,-107.88333,1914,1986
USC00050263,ANTERO RESERVOIR,US-CO,38.99305,-105.89145,1961,2025
USC00050301,ARAPAHOE 14 N,US-CO,39.0372,-102.1675,1992,2007
USC00050307,ARBOLES,US-CO,37.01667,-107.41667,1957,1963
USC00050343,AROYA 6 NE,US-CO,38.91667,-103.08333,1940,1972
USC00050348,ARRIBA,US-CO,39.28333,-103.26667,1907,1958
USC00050370,ASPEN,US-CO,39.18333,-106.83333,1899,1979
USW00093073,ASPEN PITKIN CO AIRPORT SARDY FIELD,US-CO,39.22994,-106.87052,1998,2025
USW00023036,AURORA BUCKLEY FIELD ANGB,US-CO,39.71667,-104.75,1961,1970
USC00050437,AYER RANCH,US-CO,39.01667,-104.6,1944,1970
USC00050454,BAILEY,US-CO,39.4052,-105.4765,1901,2023
USC00050674,BERTHOUD PASS,US-CO,39.8,-105.78333,1950,1985
USC00050754,BLACK CANYON OF THE GUNNISON,US-CO,38.5547,-107.6872,2003,2025
USC00050776,BLANCA 4 NW,US-CO,37.4787,-105.5718,1909,2010
USC00050784,BLOOM,US-CO,37.68333,-103.95,1927,1954
USC00050797,BLUE MESA LAKE,US-CO,38.4666,-107.1677,1967,2025
USC00050825,BONHAM RESERVOIR,US-CO,39.1025,-107.8988,1963,2025
USC00050834,BONNY DAM 2 NE,US-CO,39.6567,-102.1193,1949,2025
USC00050848,BOULDER,US-CO,39.99282,-105.26683,1893,2025
USC00050862,BOVINA 3 NNE,US-CO,39.31667,-103.35,1940,1959
USC00050895,BRANDON,US-CO,38.45972,-102.43611,1955,1999
USC00050898,BRANSON,US-CO,37.01667,-103.88333,1918,1974
USC00050909,BRECKENRIDGE,US-CO,39.48637,-106.04314,1893,2025
USC00050945,BRIGGSDALE,US-CO,40.63398,-104.32856,1948,2025
USC00050950,BRIGHTON 3 SE,US-CO,39.9428,-104.83504,1973,2025
USC00051060,BUCKHORN MOUNTAIN 1 E,US-CO,40.6142,-105.2954,1988,2025
USC00051071,BUENA VISTA 2 S,US-CO,38.8246,-106.1276,1899,2025
USC00051121,BURLINGTON,US-CO,39.3062,-102.26085,1903,2025
USW00003026,BURLINGTON CARSON AIRPORT,US-CO,39.24148,-102.28192,1997,2025
USC00051179,BYERS 5 ENE,US-CO,39.74062,-104.12742,1893,2025
USC00051186,CABIN CREEK,US-CO,39.6552,-105.7088,1968,2025
USC00051278,CAMPO 21 E,US-CO,37.06667,-102.23333,1951,1954
USC00051268,CAMPO 7 S,US-CO,37.01029,-102.55367,1954,2025
USC00051294,CANON CITY,US-CO,38.4599,-105.2255,1893,2025
USC00051401,CASTLE ROCK,US-CO,39.38638,-104.8635,1893,2025
USC00051440,CEDAREDGE,US-CO,38.9,-107.93333,1898,1994
USC00051458,CENTER 4 SSW,US-CO,37.70667,-106.14444,1941,2009
USC00051528,CHEESMAN,US-CO,39.22017,-105.27825,1902,2025
USC00051547,CHERRY CREEK DAM,US-CO,39.6261,-104.8319,1951,2003
USC00051564,CHEYENNE WELLS 2 NE,US-CO,38.85753,-102.3329,1893,2020
USC00051609,CIMARRON,US-CO,38.4432,-107.557,1951,2025
USC00051620,CLARKVILLE 4 W,US-CO,40.39644,-102.69662,2005,2017
USC00051660,CLIMAX,US-CO,39.3671,-106.1898,1893,2025
USC00051713,COCHETOPA CREEK,US-CO,38.44313,-106.76156,1909,2025
USC00051741,COLLBRAN,US-CO,39.24021,-107.95751,1893,2025
USC00051772,COLORADO NATIONAL MONUMENT,US-CO,39.1013,-108.7338,1940,2025
USW00093037,COLORADO SPRINGS MUNICIPAL AIRPORT,US-CO,38.80949,-104.68873,1942,2025
USC00051816,CONEJOS 3 NNW,US-CO,37.13333,-106.03333,1904,1960
USC00051886,CORTEZ,US-CO,37.3444,-108.595,1911,2025
USW00093069,CORTEZ MONTEZUMA CO AIRPORT,US-CO,37.30705,-108.62646,1996,2025
USC00051928,CRAIG,US-CO,40.53333,-107.55,1894,1976
USC00051932,CRAIG 4 SW,US-CO,40.45155,-107.5906,1977,2025
USW00024046,CRAIG MOFFAT CO AIRPORT,US-CO,40.49296,-107.52399,1996,2025
USC00051959,CRESTED BUTTE,US-CO,38.8738,-106.9772,1909,2025
USC00051973,CRIPPLE CREEK,US-CO,38.74972,-105.17972,1896,2003
USC00051977,CRIPPLE CREEK 3 NNW,US-CO,38.7955,-105.2004,2005,2025
USC00051996,CROOK,US-CO,40.86,-102.803,1996,2022
USC00052048,CUMBRES,US-CO,37.01667,-106.45,1893,1951
USC00052121,DE BEQUE,US-CO,39.33333,-108.21667,1951,1954
USC00052184,DEL NORTE 3 ENE,US-CO,37.69099,-106.30791,1893,2025
USC00052178,DELHI,US-CO,37.63333,-104.01667,1923,1980
USC00052192,DELTA,US-CO,38.7531,-108.0783,1893,1999
USC00052196,DELTA 3 E,US-CO,38.7538,-108.0277,2000,2024
USW00093067,DENVER CENTENNIAL AIRPORT,US-CO,39.5599,-104.84843,1998,2025
USW00023062,DENVER CENTRAL PARK,US-CO,39.76746,-104.86948,1940,2025
USW00003017,DENVER INTERNATIONAL AIRPORT,US-CO,39.84657,-104.65623,1994,2025
USW00023012,DENVER LOWRY AFB,US-CO,39.71667,-104.9,1949,1966
USW00093032,DENVER NAS,US-CO,39.7,-104.75,1947,1952
USC00052223,DENVER WATER DEPARTMENT,US-CO,39.72944,-105.00861,1997,2025
USW00093002,DENVER WEATHER SERVICE OFFICE CITY,US-CO,39.75,-104.98333,1921,1974
USC00052281,DILLON 1 E,US-CO,39.62455,-106.03353,1893,2025
USC00052286,DINOSAUR NATIONAL MONUMENT,US-CO,40.2441,-108.9726,1965,2015
USC00052312,DOHERTY RANCH,US-CO,37.38333,-103.88333,1939,1980
USC00052326,DOLORES,US-CO,37.47528,-108.4975,1908,2004
USC00052342,DOVE CREEK,US-CO,37.7672,-108.9119,2003,2014
USC00052432,DURANGO,US-CO,37.28333,-107.88333,1894,1991
USW00093005,DURANGO LA PLATA CO AIRPORT,US-CO,37.1431,-107.76023,1996,2025
USC00052446,EADS,US-CO,38.47586,-102.77708,1907,2025
USW00023063,EAGLE CO AIRPORT,US-CO,39.65,-106.91667,1904,1994
USC00052494,EASTONVILLE 2 NNW,US-CO,39.1091,-104.5997,1956,2025
USC00052557,EDGEWATER,US-CO,39.75,-105.08333,1908,1962
USC00052631,ELIZABETH 2 NW,US-CO,39.38039,-104.62878,1996,2025
USC00052759,ESTES PARK,US-CO,40.38528,-105.49444,1896,2025
USC00052761,ESTES PARK 3 SSE,US-CO,40.34875,-105.52,1998,2021
USC00052790,EVERGREEN,US-CO,39.63793,-105.31504,1961,2025
USC00052803,EVERSOLL RANCH,US-CO,37.03333,-102.06667,1943,1966
USC00052816,FAIRPLAY S. PARK R.D.,US-CO,39.22194,-105.99357,2002,2025
USC00052932,FLAGLER 1 S,US-CO,39.28135,-103.06207,1919,2025
USC00052944,FLEMING,US-CO,40.68444,-102.83972,1894,1998
USC00052947,FLEMING 3 SW,US-CO,40.6483,-102.8594,1998,2025
USC00052955,FLORENCE,US-CO,38.38333,-105.13333,1909,1950
USC00052965,FLORISSANT FOSSIL BEDS,US-CO,38.91279,-105.28507,1988,2025
USC00052997,FORDER 8 S,US-CO,38.55,-103.68333,1932,1979
USW00094015,FORT CARSON BUTTS ARMY AIR FIELD,US-CO,38.67833,-104.75667,1966,2003
USC00053005,FORT COLLINS,US-CO,40.57629,-105.08575,1893,2025
USW00094035,FORT COLLINS LOVELAND AIRPORT,US-CO,40.45,-105.01667,2011,2025
USC00053016,FORT LEWIS,US-CO,37.2309,-108.0514,1915,2025
USC00053027,FORT LUPTON 2 SE,US-CO,40.06667,-104.78333,1910,1976
USC00053038,FORT MORGAN,US-CO,40.25694,-103.86987,1896,2025
USC00053063,FOUNTAIN,US-CO,38.67778,-104.70139,1943,1997
USC00053068,FOUNTAIN 9 NE,US-CO,38.78333,-104.61667,1931,1959
USC00053079,FOWLER 1 SE,US-CO,38.1236,-104.0084,1903,2015
USC00053116,FRASER,US-CO,39.94563,-105.81389,1989,2025
USC00053146,FRUITA,US-CO,39.14449,-108.728,1893,2025
USC00053222,GARDNER,US-CO,37.76667,-105.18333,1939,1971
USC00053246,GATEWAY 1 ENE,US-CO,38.68778,-108.9609,1947,2025
USC00053258,GENOA,US-CO,39.2771,-103.4945,1940,2025
USC00053261,GEORGETOWN,US-CO,39.7052,-105.6996,1893,2025
USC00053340,GLENDEVEY,US-CO,40.8,-105.88333,1917,1958
USC00053359,GLENWOOD SPGS NUMBER 2,US-CO,39.55563,-107.33847,1893,2023
USC00053423,GORE PASS RANCH,US-CO,40.15,-106.46667,1957,1963
USC00053446,GOULD 4 SE S.F.S.P,US-CO,40.51133,-106.01054,2000,2025
USC00053489,GRAND JUNCTION 6 ESE,US-CO,39.0422,-108.4663,1962,2025
USW00023066,GRAND JUNCTION WALKER FIELD,US-CO,39.13437,-108.54081,1900,2025
USC00053496,GRAND LAKE 1 NW,US-CO,40.2669,-105.8322,1907,2025
USC00053500,GRAND LAKE 6 SSW,US-CO,40.18185,-105.87057,1948,2025
USC00053541,GREAT SAND DUNES NATIONAL PARK AND PRESERVE,US-CO,37.7332,-105.5119,1950,2025
USC00053546,GREELEY,US-CO,40.41667,-104.68333,1893,1967
USC00053553,GREELEY UNC,US-CO,40.40233,-104.69907,1967,2025
USW00024051,GREELEY WELD CO AIRPORT,US-CO,40.43556,-104.63194,2011,2025
USC00053592,GREEN MOUNTAIN DAM,US-CO,39.8789,-106.3333,1939,2020
USC00053609,GREYSTONE,US-CO,40.61667,-108.66667,1937,1962
USC00053629,GROSS RESERVOIR,US-CO,39.9363,-105.3502,1978,2025
USC00053643,GROVER 10 W,US-CO,40.85,-104.4,1893,1970
USC00053662,GUNNISON 3 SW,US-CO,38.5254,-106.9672,1893,2025
USC00053783,HARMON RANCH,US-CO,37.48333,-102.68333,1944,1959
USC00053811,HARTSEL,US-CO,39.03333,-105.8,1909,1966
USC00053828,HASWELL,US-CO,38.4466,-103.1605,1922,2017
USC00053850,HAWTHORNE,US-CO,39.93333,-105.28333,1908,1976
USC00053867,HAYDEN,US-CO,40.4926,-107.2548,1909,2025
USC00053951,HERMIT 8 SE,US-CO,37.74933,-107.095,1920,2025
USC00053982,HIGBEE 2 SW,US-CO,37.75,-103.46667,1906,1980
USC00054054,HOHNHOLZ RANCH,US-CO,40.96829,-105.99867,1985,2020
USC00054076,HOLLY,US-CO,38.0517,-102.1316,1894,2025
USC00054082,HOLYOKE,US-CO,40.5454,-102.3412,1893,2025
USC00054129,HOT SULPHUR SPRINGS 2 SW,US-CO,40.05,-106.15,1941,1981
USC00054135,HOURGLASS RESERVOIR,US-CO,40.583,-105.632,1988,2021
USC00054172,HUGO 1 NW,US-CO,39.1438,-103.4897,1893,2019
USC00054234,IDAHO SPRINGS,US-CO,39.75,-105.51667,1893,1974
USC00054242,IDALIA,US-CO,39.7033,-102.2939,1941,2021
USC00054250,IGNACIO 1 N,US-CO,37.13639,-107.62639,1909,1993
USC00054270,INDEPENDENCE PASS 5 SW,US-CO,39.08333,-106.61667,1947,1980
USC00054380,JOES,US-CO,39.6552,-102.68043,1948,2023
USC00054388,JOHN MARTIN DAM,US-CO,38.06332,-102.92989,1941,2025
USC00054413,JULESBURG,US-CO,40.98795,-102.26527,1893,2025
USC00054444,KARVAL,US-CO,38.73293,-103.53513,1941,2025
USC00054452,KASSLER,US-CO,39.49018,-105.0954,1918,2025
USC00054460,KAUFFMAN 4 SSE,US-CO,40.85,-103.9,1936,1987
USC00054546,KIM 10 SSE,US-CO,37.115,-103.2986,1988,2025
USC00054538,KIM 15 NNE,US-CO,37.4536,-103.322,1948,2024
USC00054603,KIT CARSON,US-CO,38.76261,-102.79962,1893,2025
USC00054606,KIT CARSON 9 NNE,US-CO,38.8867,-102.7232,1996,2025
USC00054664,KREMMLING,US-CO,40.0577,-106.36965,1908,2025
USC00054724,LA JUNTA,US-CO,37.98236,-103.54397,1995,2025
USW00023067,LA JUNTA MUNICIPAL AIRPORT,US-CO,38.04948,-103.51335,1945,2025
USC00054870,LA VETA PASS,US-CO,37.46667,-105.16667,1909,1954
USC00054734,LAKE CITY,US-CO,38.0247,-107.3147,1905,2010
USC00054742,LAKE GEORGE 8 SW,US-CO,38.90706,-105.47195,1948,2025
USC00054750,LAKE MORAINE,US-CO,38.81667,-104.98333,1894,1963
USC00054762,LAKEWOOD,US-CO,39.7488,-105.1205,1962,2025
USC00054770,LAMAR,US-CO,38.0936,-102.6306,1893,2025
USW00003013,LAMAR MUNICIPAL AIRPORT,US-CO,38.07177,-102.68747,1996,2025
USC00054834,LAS ANIMAS,US-CO,38.0635,-103.2152,1893,2025
USW00093009,LEADVILLE LAKE CO AIRPORT,US-CO,39.22803,-106.31625,1948,2025
USC00054945,LEROY 5 WSW,US-CO,40.51485,-102.99077,1893,2025
USC00055001,LIME 3 SE,US-CO,38.11667,-104.58333,1940,1968
USW00093010,LIMON,US-CO,39.27332,-103.66737,1948,2025
USC00055015,LIMON 10 SSW,US-CO,39.15,-103.76667,1907,1971
USC00055025,LINDON 5 WNW,US-CO,39.7554,-103.49859,1988,2025
USC00055040,LITTLE DOLORES,US-CO,38.93333,-108.85,1942,1955
USC00055048,LITTLE HILLS,US-CO,40.0,-108.2,1946,1991
USC00055056,LITTLETON,US-CO,39.61667,-105.01667,1978,1994
USC00055116,LONGMONT 2 ESE,US-CO,40.16958,-105.0774,1893,2025
USC00055322,MANASSA,US-CO,37.1712,-105.94013,1893,2025
USC00055327,MANCOS 1 SW,US-CO,37.335,-108.3161,1898,2025
USC00055394,MARSHALL PASS,US-CO,38.4,-106.25,1899,1952
USC00055402,MARSTON FILTER PLANT,US-CO,39.63642,-105.0646,1995,2025
USC00055408,MARVINE,US-CO,40.02139,-107.55556,1948,2001
USC00055422,MASSADONA 3 E,US-CO,40.2844,-108.605,1986,2009
USC00055427,MATHESON 8 SE,US-CO,39.1288,-103.8455,1995,2010
USC00055446,MAYBELL,US-CO,40.51563,-108.09434,1958,2025
USC00055484,MEEKER,US-CO,40.0358,-107.9058,1893,2025
USC00055489,MEEKER 10 NW,US-CO,40.13333,-107.98333,1948,1953
USW00094050,MEEKER AIRPORT,US-CO,40.04437,-107.88836,1997,2025
USC00055507,MEREDITH,US-CO,39.3619,-106.7422,1963,2007
USC00055531,MESA VERDE NATIONAL PARK,US-CO,37.1996,-108.4893,1922,2025
USC00055706,MONTE VISTA 2 W,US-CO,37.58114,-106.18656,1893,2025
USC00055717,MONTROSE 1,US-CO,38.48333,-107.88333,1905,1982
USC00055722,MONTROSE NUMBER 2,US-CO,38.4858,-107.8791,1895,2025
USW00093013,MONTROSE REGIONAL AIRPORT,US-CO,38.50538,-107.89813,1996,2025
USC00055734,MONUMENT,US-CO,39.1025,-104.8675,1988,2003
USC00055730,MONUMENT 2 WSW,US-CO,39.08333,-104.93333,1911,1964
USC00055878,NEDERLAND 2 NNE,US-CO,39.98333,-105.5,1970,1988
USC00055990,NORTH LAKE,US-CO,37.21667,-105.05,1909,1980
USC00055970,NORTHDALE,US-CO,37.8123,-109.0132,1930,2025
USC00055984,NORTHGLENN,US-CO,39.89901,-105.01358,1984,2025
USC00056012,NORWOOD,US-CO,38.1316,-108.2863,1924,2008
USC00056073,OIL SHALE MINE,US-CO,39.55,-107.93333,1947,1951
USC00056136,ORDWAY 21 N,US-CO,38.5301,-103.7059,1980,2015
USC00056131,ORDWAY 4 W,US-CO,38.21342,-103.82108,1915,2025
USC00056192,OTIS 11 NE,US-CO,40.26667,-102.83333,1941,1989
USC00056203,OURAY,US-CO,38.0205,-107.6686,1893,2006
USC00056205,OURAY NUMBER 2,US-CO,38.0263,-107.6725,2004,2025
USC00056225,OVID,US-CO,40.96667,-102.38333,1941,1959
USC00056258,PAGOSA SPRINGS 1 SE,US-CO,37.2537,-106.9941,1906,2020
USC00056259,PAGOSA SPRINGS 2 W,US-CO,37.2658,-107.053,1999,2010
USC00056266,PALISADE,US-CO,39.11348,-108.35058,1911,2025
USC00056271,PALISADE LAKES 6 SSE,US-CO,37.43333,-107.15,1947,1971
USC00056280,PALMER LAKE,US-CO,39.11674,-104.91198,1899,2025
USC00056306,PAONIA 1 SW,US-CO,38.85234,-107.62249,1893,2017
USC00056307,PAONIA 1 SW,US-CO,38.86667,-107.58333,1930,1957
USC00056311,PARACHUTE,US-CO,39.45,-108.05,1981,1992
USC00056315,PARADOX 1 E,US-CO,38.36667,-108.95,1948,1977
USC00056326,PARKER 6 E,US-CO,39.52889,-104.65667,1922,1997
USC00056410,PENROSE,US-CO,38.45,-105.06667,1924,1973
USC00056524,PLACERVILLE,US-CO,37.9944,-108.0211,1947,2008
USC00056559,PLATORO,US-CO,37.35,-106.53333,1949,1991
USC00056705,PRITCHETT 5 ESE,US-CO,37.31667,-102.71667,1943,1951
USC00056767,PUEBLO 6 SSW,US-CO,38.18333,-104.65,1971,1985
USC00056743,PUEBLO CITY RESERVOIR,US-CO,38.28333,-104.65,1905,1971
USW00093058,PUEBLO MEMORIAL AIRPORT,US-CO,38.28868,-104.5057,1942,2025
USC00056765,PUEBLO RESERVOIR,US-CO,38.25971,-104.71784,1975,2025
USW00023068,PUEBLO WEATHER BUREAU AIRPORT,US-CO,38.23333,-104.63333,1872,1954
USC00056797,PYRAMID,US-CO,40.24111,-107.08639,1910,2005
USC00056820,RAND,US-CO,40.44861,-106.18444,1988,1998
USC00056832,RANGELY 1 E,US-CO,40.0889,-108.7727,1894,2025
USC00056925,RED FEATHER LAKES 2 SE,US-CO,40.78333,-105.55,1941,1990
USC00056917,REDCLIFF,US-CO,39.51667,-106.36667,1893,1951
USC00057017,RICO,US-CO,37.71306,-108.03861,1893,2001
USC00057020,RIDGWAY,US-CO,38.1499,-107.7583,1982,2025
USC00057031,RIFLE,US-CO,39.54472,-107.78528,1910,2007
USC00057033,RIFLE 3 ENE,US-CO,39.5572,-107.7261,2004,2025
USW00003016,RIFLE GARFIELD CO AIRPORT,US-CO,39.52791,-107.71965,1997,2025
USC00057167,ROCKY FORD 2 SE,US-CO,38.03846,-103.69477,1893,2025
USC00057249,ROXBOROUGH STATE PARK,US-CO,39.42995,-105.0695,1995,2025
USC00057287,RUSH 1 N,US-CO,38.8611,-104.094,1916,2014
USC00057296,RUSTIC 9 WSW,US-CO,40.70082,-105.71193,1993,2025
USC00057309,RUXTON PARK,US-CO,38.8416,-104.9742,1959,2025
USC00057315,RYE,US-CO,37.9,-104.93333,1940,1992
USC00057337,SAGUACHE,US-CO,38.09208,-106.15122,1894,2025
USC00057370,SALIDA,US-CO,38.5328,-106.0158,1897,2017
USC00057433,SAN LUIS LAKES 3 W,US-CO,37.65,-105.8,1946,1955
USC00057455,SAPINERO 8 E,US-CO,38.48333,-107.18333,1948,1965
USC00057460,SARGENTS,US-CO,38.40372,-106.42398,1899,2025
USC00057461,SARGENTS 6 W,US-CO,38.4,-106.5,1947,1958
USC00057513,SEDGWICK,US-CO,40.9383,-102.5253,1908,2006
USC00057515,SEDGWICK 5 S,US-CO,40.86568,-102.51615,1952,2025
USC00057557,SHAW 2 E,US-CO,39.55,-103.35,1948,1996
USC00057560,SHAW 4 ENE,US-CO,39.57195,-103.2924,1996,2025
USC00057572,SHEEP MOUNTAIN,US-CO,37.715,-105.2352,1988,2018
USC00057618,SHOSHONE,US-CO,39.5703,-107.2267,1910,2025
USC00057648,SILVER LAKE,US-CO,40.03278,-105.57583,1910,1955
USC00057656,SILVERTON,US-CO,37.8088,-107.6633,1899,2025
USC00057682,SKY RANCH LUTHRN CMP,US-CO,40.58333,-105.6,1985,1988
USC00057848,SPICER,US-CO,40.4725,-106.4475,1909,2003
USC00057862,SPRINGFIELD,US-CO,37.4,-102.61667,1893,1985
USC00057866,SPRINGFIELD 7 WSW,US-CO,37.36944,-102.74278,1956,2002
USC00057867,SPRINGFIELD 8 S,US-CO,37.28333,-102.61667,1948,1964
USC00057871,SPRINGFIELD 8 SW,US-CO,37.31667,-102.71667,1951,1956
USW00003028,SPRINGFIELD COMANCHE NATIONAL GRASSLAND,US-CO,37.28346,-102.613784,1998,2025
USC00057928,STATE TURKEY EXPERIMENTAL FAR,US-CO,37.21667,-107.26667,1944,1961
USC00057936,STEAMBOAT SPRINGS,US-CO,40.4883,-106.8233,1893,2025
USC00057950,STERLING,US-CO,40.6279,-103.2084,1895,2010
USC00057992,STONINGTON,US-CO,37.29306,-102.18639,1941,1999
USC00058008,STRATTON,US-CO,39.3047,-102.6002,1934,2012
USC00058064,SUGARLOAF RESERVOIR,US-CO,39.2495,-106.3713,1900,2025
USC00058154,TACOMA,US-CO,37.51667,-107.78333,1908,1987
USC00058157,TACONY 13 SE,US-CO,38.34206,-104.0566,1955,2025
USC00058184,TAYLOR PARK,US-CO,38.8183,-106.6086,1940,2024
USC00058204,TELLURIDE 4 WNW,US-CO,37.9493,-107.8736,1900,2025
USC00058212,TENNESSEE PASS,US-CO,39.33333,-106.33333,1899,1953
USC00058429,TRINIDAD,US-CO,37.1787,-104.487,1898,2025
USW00023070,TRINIDAD AIRPORT,US-CO,37.26217,-104.33185,1948,2025
USC00058436,TRINIDAD LAKE,US-CO,37.1502,-104.5568,1989,2025
USC00058454,TROUT LAKE,US-CO,37.83333,-107.88333,1914,1986
USC00058468,TROY 1 SE,US-CO,37.13333,-103.3,1941,1987
USC00058501,TWIN LAKES RESERVOIR,US-CO,39.09419,-106.35064,1949,2025
USC00058510,TWO BUTTES,US-CO,37.56667,-102.4,1900,1972
USC00058560,URAVAN,US-CO,38.3761,-108.7422,1960,2016
USC00058574,UTLEYVILLE,US-CO,37.26667,-103.03333,1920,1956
USC00058575,VAIL,US-CO,39.63949,-106.35395,1985,2025
USC00058582,VALLECITO DAM,US-CO,37.3805,-107.5812,1917,2025
USC00058690,VIRGINIA DALE 7 ENE,US-CO,40.9652,-105.2185,1995,2025
USC00058722,VONA,US-CO,39.3,-102.73333,1941,1982
USC00058742,WAGON WHEEL GAP 3 N,US-CO,37.8,-106.83333,1948,1972
USC00058756,WALDEN,US-CO,40.7404,-106.28176,1897,2025
USC00058781,WALSENBURG 1 NW,US-CO,37.63,-104.79556,1934,2025
USC00058793,WALSH 1 W,US-CO,37.3822,-102.2986,1940,2025
USC00058839,WATERDALE,US-CO,40.42594,-105.2085,1902,2025
USC00058931,WESTCLIFFE,US-CO,38.13137,-105.466,1895,2025
USC00058986,WETMORE 2 S,US-CO,38.21667,-105.1,1947,1968
USC00058995,WHEAT RIDGE 2,US-CO,39.77382,-105.11424,1981,2025
USC00059025,WIGGINS 7 SW,US-CO,40.15,-104.18333,1960,1971
USC00059147,WINDSOR,US-CO,40.46667,-104.9,1941,1990
USC00059181,WOLF CREEK PASS 1 E,US-CO,37.47444,-106.79056,1957,2001
USC00059183,WOLF CREEK PASS 4 W,US-CO,37.48333,-106.86667,1939,1971
USC00059243,WRAY,US-CO,40.08201,-102.20699,1893,2021
USC00059265,YAMPA,US-CO,40.15629,-106.91103,1909,2024
USC00059295,YUMA,US-CO,40.12367,-102.72171,1893,2025
USC00060128,ANSONIA 1 NW,US-CT,41.34924,-73.09171,1966,2025
USC00060227,BAKERSVILLE,US-CT,41.8418,-73.0085,1948,2025
USC00060299,BARKHAMSTED,US-CT,41.9211,-72.9637,1932,2025
USC00060801,BRIDGEPORT,US-CT,41.2,-73.2,1893,1951
USC00060918,BROOKLYN,US-CT,41.78333,-71.95,1950,1983
USC00060973,BURLINGTON,US-CT,41.7944,-72.932,1932,2025
USC00061488,COCKAPONSET RANGER STATION,US-CT,41.46139,-72.51972,1948,2000
USC00061499,COLCHESTER 2 W,US-CT,41.55,-72.36667,1893,1973
USC00061536,COLLINSVILLE 1 S,US-CT,41.8,-72.93333,1885,1966
USC00061689,COVENTRY,US-CT,41.8,-72.35,1957,1993
USC00061715,CREAM HILL,US-CT,41.9,-73.31667,1896,1972
USC00061762,DANBURY,US-CT,41.40016,-73.42119,1937,2025
USW00054734,DANBURY MUNICIPAL AIRPORT,US-CT,41.37215,-73.48337,1998,2025
USC00061844,DERBY SHELTON,US-CT,41.31667,-73.08333,1949,1960
USC00065125,EASTFORD,US-CT,41.88333,-72.08333,1948,1962
USC00062288,EASTON RESERVOIR,US-CT,41.23333,-73.25,1948,1975
USC00062658,FALLS VILLAGE,US-CT,41.95,-73.36667,1916,2014
USC00063137,GREENWICH,US-CT,41.08333,-73.7,1947,1953
USC00063207,GROTON,US-CT,41.35024,-72.0377,1948,2024
USW00014707,GROTON NEW LONDON AIRPORT,US-CT,41.32792,-72.04893,1999,2025
USW00014740,HARTFORD BRADLEY INTERNATIONAL AIRPORT,US-CT,41.93742,-72.68202,1942,2025
USW00014752,HARTFORD BRAINARD AIRPORT,US-CT,41.7352,-72.65115,1920,2025
USC00063583,HEMLOCKS RESERVOIR,US-CT,41.23333,-73.26667,1948,1960
USW00094702,IGOR I SIKORSKY MEMORIAL AIRPORT,US-CT,41.16424,-73.12664,1942,2025
USC00063905,KENT,US-CT,41.73333,-73.48333,1950,1957
USC00064488,MANSFIELD HOLLOW LAK,US-CT,41.75694,-72.18556,1952,2007
USW00054788,MERIDEN MARKHAM MUNICIPAL AIRPORT,US-CT,41.50969,-72.82783,1999,2025
USC00064767,MIDDLETOWN 4 W,US-CT,41.55,-72.71667,1868,1997
USC00064933,MOHAWK RANGER STATION,US-CT,41.83333,-73.3,1948,1960
USC00065077,MOUNT CARMEL,US-CT,41.40723,-72.90301,1936,2020
USC00065131,NATHAN HALE STATE FO,US-CT,41.76667,-72.35,1949,1960
USW00014758,NEW HAVEN TWEED AIRPORT,US-CT,41.259,-72.88911,1948,2025
USC00065309,NEW LONDON,US-CT,41.35,-72.1,1895,1955
USC00065445,NORFOLK 2 SW,US-CT,41.9725,-73.2208,1884,2025
USC00065757,NORTH SOMERS,US-CT,42.03333,-72.43333,1992,1994
USC00065892,NORWALK,US-CT,41.13333,-73.45,1893,1956
USC00065893,NORWALK GAS PLANT,US-CT,41.11667,-73.41667,1956,1987
USC00065904,NORWICH,US-CT,41.55,-72.08333,1948,1952
USC00065910,NORWICH PUBLIC UTILITY PLANT,US-CT,41.5268,-72.06517,1956,2025
USC00066645,PUTNAM,US-CT,41.91667,-71.91667,1934,1962
USC00066655,PUTNAM LAKE,US-CT,41.0825,-73.6386,1948,2025
USC00067002,ROUND POND,US-CT,41.3008,-73.5369,1948,2003
USC00067109,SALISBURY,US-CT,41.98333,-73.45,1933,1966
USC00067157,SAUGATUCK RESERVOIR,US-CT,41.25,-73.35,1948,2004
USC00067373,SHEPAUG DAM,US-CT,41.7167,-73.3,1948,2014
USC00067970,STAMFORD 5 N,US-CT,41.1247,-73.5475,1955,2022
USC00068065,STEVENSON DAM,US-CT,41.382,-73.1717,1893,2014
USC00068138,STORRS,US-CT,41.7951,-72.2285,1888,2025
USC00060808,TRUMBULL,US-CT,41.22764,-73.17445,2006,2022
USC00068859,WASHINGTON,US-CT,41.63333,-73.31667,1942,1953
USC00068906,WATERBURY ANACONDA,US-CT,41.55,-73.03333,1893,1954
USC00068911,WATERBURY CITY HALL,US-CT,41.56667,-73.03333,1926,1958
USC00069388,WEST THOMPSON LAKE,US-CT,41.9442,-71.9031,1965,2025
USC00069067,WESTBROOK,US-CT,41.3,-72.43333,1940,1978
USC00069568,WIGWAM RESERVOIR,US-CT,41.66667,-73.13333,1948,1997
USW00054767,WILLIMANTIC WINDHAM AIRPORT,US-CT,41.74249,-72.18246,1996,2025
USC00069775,WOODBURY,US-CT,41.5537,-73.2296,1966,2009
USC00071200,BEAR 2 SW,US-DE,39.5917,-75.7325,2003,2012
USC00071330,BRIDGEVILLE 1 NW,US-DE,38.75,-75.61667,1893,1985
USC00072625,DELAWARE CITY REEDY,US-DE,39.56667,-75.58333,1902,1954
USC00072730,DOVER,US-DE,39.1467,-75.5055,1893,2025
USW00013707,DOVER AFB,US-DE,39.13333,-75.46667,1946,1970
USC00073570,GEORGETOWN 5 SW,US-DE,38.63333,-75.45,1946,1997
USW00013764,GEORGETOWN DELAWARE COASTAL AIRPORT,US-DE,38.68974,-75.36246,1945,2025
USC00075320,LEWES,US-DE,38.7841,-75.1581,1945,2025
USC00075852,MIDDLETOWN 3 E,US-DE,39.45,-75.66667,1952,1988
USC00075915,MILFORD 2 SE,US-DE,38.8983,-75.425,1893,2004
USC00076020,MILLSBORO,US-DE,38.58333,-75.31667,1893,1954
USC00076410,NEWARK AG FARM,US-DE,39.6682,-75.74569,1894,2025
USC00078269,SELBYVILLE,US-DE,38.46667,-75.21667,1954,1970
USC00078510,SMYRNA 3 NNW,US-DE,39.35,-75.63333,1948,1952
USW00013781,WILMINGTON AIRPORT,US-DE,39.67444,-75.60566,1931,2025
USC00079600,WILMINGTON CITY HALL,US-DE,39.75,-75.55,1894,1958
USC00079605,WILMINGTON PORTER RES,US-DE,39.7739,-75.5414,1931,2025
USC00080211,APALACHICOLA AIRPORT,US-FL,29.7258,-85.0205,1931,2025
USW00012832,APALACHICOLA AIRPORT,US-FL,29.72681,-85.02481,1998,2025
USC00080228,ARCADIA,US-FL,27.21785,-81.8742,1899,2021
USC00080369,AVON PARK 2 W,US-FL,27.5947,-81.5266,1892,2022
USC00080611,BELLE GLADE,US-FL,26.69278,-80.67111,1924,2005
USC00080804,BLOUNTSTOWN 2 SE,US-FL,30.45,-85.05,1898,1982
USC00081046,BROOKSVILLE CHIN HIL,US-FL,28.6164,-82.3658,1892,2012
USW00012818,BROOKSVILLE HERNANDO CO AIRPORT,US-FL,28.47388,-82.45374,1996,2025
USC00081276,CANAL POINT USDA,US-FL,26.8639,-80.6256,1941,2025
USC00081356,CARRABELLE 1 NNW,US-FL,29.86667,-84.66667,1893,1974
USC00081432,CEDAR KEY 1 WSW,US-FL,29.13333,-83.05,1907,1976
USC00081544,CHIPLEY,US-FL,30.7806,-85.5503,1939,2025
USC00081654,CLEWISTON,US-FL,26.74222,-80.94,1948,2003
USC00081978,CRESCENT CITY,US-FL,29.425,-81.5161,1912,2020
USW00013884,CRESTVIEW FAA AP,US-FL,30.77715,-86.51938,1948,2025
USC00081984,CRESTVIEW RADIO WJSB,US-FL,30.76667,-86.58333,1959,1973
USW00012833,CROSS CITY AIRPORT,US-FL,29.63333,-83.10528,1949,2024
USW00012834,DAYTONA BEACH INTERNATIONAL AIRPORT,US-FL,29.17351,-81.07185,1937,2025
USC00082229,DELAND 1 SSE,US-FL,29.00982,-81.2985,1892,2025
USW00053853,DESTIN FORT WALTON BEACH AIRPORT,US-FL,30.39333,-86.46738,1996,2025
USC00082850,EVERGLADES,US-FL,25.8489,-81.3896,1924,2017
USC00082944,FERNANDINA BEACH,US-FL,30.6669,-81.4525,1892,2025
USC00083020,FLAMINGO RANGER STATION,US-FL,25.1422,-80.9144,1962,2025
USW00012885,FORT LAUDERDALE EXECUTIVE AIRPORT,US-FL,26.19905,-80.17764,1998,2025
USW00012849,FORT LAUDERDALE INTERNATIONAL AIRPORT,US-FL,26.07875,-80.16223,1945,2025
USW00012835,FORT MYERS PAGE FIELD AIRPORT,US-FL,26.58495,-81.86146,1892,2025
USW00012894,FORT MYERS SW FLORIDA REGIONAL AIRPORT,US-FL,26.53805,-81.75674,1998,2025
USC00083207,FORT PIERCE,US-FL,27.4419,-80.3508,1901,2025
USW00012895,FORT PIERCE ST LUCIE CO INTERNATIONAL AIRPORT,US-FL,27.49816,-80.37626,1999,2025
USC00083322,GAINESVILLE 11 WNW,US-FL,29.68139,-82.49417,1989,2000
USC00083321,GAINESVILLE 3 WSW,US-FL,29.63333,-82.36667,1953,1988
USW00012816,GAINESVILLE REGIONAL AIRPORT,US-FL,29.6917,-82.27603,1960,2025
USC00083316,GAINESVILLE UNIVERSITY OF FLORIDA,US-FL,29.65,-82.35,1890,1957
USC00083470,GLEN ST MARY 1 W,US-FL,30.2717,-82.1856,1919,2025
USC00083840,HART LAKE,US-FL,28.38333,-81.18333,1942,1979
USC00083909,HIALEAH,US-FL,25.82726,-80.28592,1940,2025
USC00083956,HIGH SPRINGS,US-FL,29.8286,-82.5972,1944,2015
USC00083978,HILLIARD,US-FL,30.7,-81.93333,1908,1956
USW00092809,HOLLYWOOD NORTH PERRY AIRPORT,US-FL,25.99956,-80.24119,1999,2025
USC00084091,HOMESTEAD EXPERIMENTAL STATION,US-FL,25.5,-80.5,1910,1988
USC00084210,IMMOKALEE,US-FL,26.46222,-81.44056,1970,2016
USC00084289,INVERNESS 3 SE,US-FL,28.80286,-82.31266,1899,2025
USC00084366,JACKSONVILLE BEACH,US-FL,30.2875,-81.3927,1944,2025
USW00093832,JACKSONVILLE CECIL FIELD NAS,US-FL,30.21667,-81.88333,1947,1998
USW00053860,JACKSONVILLE CRAIG MUNICIPAL AIRPORT,US-FL,30.33708,-81.51277,1998,2025
USW00013889,JACKSONVILLE INTERNATIONAL AIRPORT,US-FL,30.49529,-81.69374,1938,2025
USW00093837,JACKSONVILLE NAS,US-FL,30.23333,-81.66667,1945,2025
USW00012836,KEY WEST INTERNATIONAL AIRPORT,US-FL,24.55706,-81.75539,1948,2025
USW00012850,KEY WEST NAS,US-FL,24.58333,-81.68333,1945,2025
USC00084662,LA BELLE,US-FL,26.7459,-81.4265,1929,2019
USC00084707,LAKE ALFRED EXPERIMENTAL STATION,US-FL,28.10417,-81.71444,1905,2000
USC00084731,LAKE CITY 2 E,US-FL,30.1852,-82.5941,1892,2025
USC00084771,LAKE HIAWASSEE,US-FL,28.53333,-81.46667,1939,1964
USC00084845,LAKE PLACID 2 SW,US-FL,27.28333,-81.38333,1933,1968
USW00012883,LAKELAND LINDER REGIONAL AIRPORT,US-FL,28.0,-82.05,1948,2025
USW00012819,LEESBURG MUNICIPAL AIRPORT,US-FL,28.82143,-81.80963,1996,2025
USC00085076,LISBON,US-FL,28.8728,-81.7844,1958,2025
USC00085099,LIVE OAK,US-FL,30.3074,-82.99364,1898,2025
USW00012810,MACDILL AFB,US-FL,27.85,-82.51667,1949,1970
USC00085275,MADISON,US-FL,30.4653,-83.4021,1892,2017
USW00012896,MARATHON AIRPORT,US-FL,24.72624,-81.0477,1998,2025
USC00085377,MARIANNA 7 NE,US-FL,30.7341,-85.0305,2001,2025
USW00003818,MARIANNA MUNICIPAL AIRPORT,US-FL,30.83696,-85.18352,1950,2025
USC00085372,MARIANNA SCHOOL FOR,US-FL,30.76667,-85.26667,1900,1968
USC00085539,MAYO,US-FL,30.05993,-83.1719,1949,2025
USW00003853,MAYPORT PILOT STATION,US-FL,30.4,-81.41667,1959,2025
USW00012838,MELBOURNE INTERNATIONAL AIRPORT,US-FL,28.09969,-80.6356,2000,2025
USC00085612,MELBOURNE WEATHER FORECAST OFFICE,US-FL,28.1136,-80.654,1937,2025
USC00085643,MERRITT ISLAND,US-FL,28.35,-80.7,1893,1956
USW00012839,MIAMI INTERNATIONAL AIRPORT,US-FL,25.78805,-80.31694,1948,2025
USW00012888,MIAMI KENDALL TAMIAMI EXEC AIRPORT,US-FL,25.64226,-80.43467,1998,2025
USW00012882,MIAMI OPA LOCKA AIRPORT,US-FL,25.91017,-80.28283,1998,2025
USC00085719,MILES CITY TOWER,US-FL,26.18333,-81.35,1956,1969
USC00085793,MILTON EXPERIMENT ST,US-FL,30.77944,-87.14139,1948,2008
USC00085879,MONTICELLO WTP,US-FL,30.49222,-83.78333,1904,2017
USC00085895,MOORE HAVEN LOCK 1,US-FL,26.84,-81.0872,1918,2025
USC00085973,MOUNTAIN LAKE,US-FL,27.93779,-81.59928,1935,2025
USC00086065,MYAKKA RIVER ST PK,US-FL,27.24012,-82.31525,1943,2025
USW00012897,NAPLES MUNICIPAL AIRPORT,US-FL,26.15498,-81.77514,2002,2025
USC00086210,NEW SMYRNA BEACH,US-FL,29.05,-80.95,1892,1959
USC00086240,NICEVILLE,US-FL,30.5316,-86.4928,1927,2025
USW00073805,NORTHWEST FLORIDA BEACHES INTERNATIONAL AIRPORT,US-FL,30.34869,-85.78835,2010,2025
USC00086414,OCALA,US-FL,29.1638,-82.0777,1892,2025
USC00086485,OKEECHOBEE,US-FL,27.15083,-80.86528,1940,2011
USW00012841,ORLANDO EXECUTIVE AIRPORT,US-FL,28.54653,-81.33544,1892,2025
USW00012815,ORLANDO INTERNATIONAL AIRPORT,US-FL,28.41822,-81.32413,1952,2025
USW00012854,ORLANDO SANFORD AIRPORT,US-FL,28.77951,-81.24356,1945,2025
USC00086753,PALATKA,US-FL,29.64389,-81.66056,1922,2004
USW00003882,PANAMA CITY BAY CO AIRPORT,US-FL,30.21194,-85.68278,1998,2010
USW00093828,PENSACOLA CORRY FIELD NAAS,US-FL,30.4,-87.28333,1945,1958
USW00003855,PENSACOLA FOREST SHERMAN NAS,US-FL,30.35,-87.31667,1949,2025
USW00013899,PENSACOLA REGIONAL AIRPORT,US-FL,30.47612,-87.18575,1948,2025
USW00003815,PENSACOLA SAUFLEY NAS,US-FL,30.48333,-87.35,1950,1970
USC00087020,PERRINE 4 W,US-FL,25.5819,-80.4361,1958,2025
USC00087205,PLANT CITY,US-FL,28.02091,-82.13923,1892,2025
USW00092805,POMPANO BEACH AIRPARK,US-FL,26.24636,-80.11105,1998,2025
USW00012812,PUNTA GORDA CHARLOTTE CO AIRPORT,US-FL,26.91847,-81.99391,1996,2025
USC00087429,QUINCY 3 SSW,US-FL,30.54509,-84.59855,1968,2025
USC00087424,QUINCY EXPERIMENT ST,US-FL,30.58333,-84.58333,1896,1967
USC00087440,RAIFORD STATE PRISON,US-FL,30.0678,-82.1928,1902,1956
USC00087851,SAINT LEO,US-FL,28.33809,-82.26015,1895,2025
USW00012871,SARASOTA BRADENTON AIRPORT,US-FL,27.40146,-82.55863,1999,2025
USC00088094,SECOTAN,US-FL,30.2,-83.65,1948,1956
USC00087812,ST AUGUSTINE,US-FL,29.88333,-81.33333,1892,1973
USC00087867,ST MARKS 5 SSE,US-FL,30.1,-84.16667,1907,1981
USC00087886,ST PETERSBURG,US-FL,27.76846,-82.62569,1892,2015
USW00092806,ST PETERSBURG ALBERT WHITTED AIRPORT,US-FL,27.76847,-82.62568,1998,2025
USW00012873,ST PETERSBURG CLEARWATER INTERNATIONAL AIRPORT,US-FL,27.91255,-82.68555,1998,2025
USC00088620,STUART,US-FL,27.1897,-80.2397,1935,2025
USW00093805,TALLAHASSEE REGIONAL AIRPORT,US-FL,30.39354,-84.35136,1940,2025
USC00088780,TAMIAMI TRAIL 40 MI. BEND,US-FL,25.7608,-80.8241,1940,2006
USW00012842,TAMPA INTERNATIONAL AIRPORT,US-FL,27.96331,-82.54,1939,2025
USC00088824,TARPON SPGS SEWAGE PLANT,US-FL,28.15225,-82.7538,1892,2025
USW00013846,TYNDALL AFB,US-FL,30.06667,-85.58333,1949,1970
USW00013858,VALPARAISO EGLIN AFB,US-FL,30.48333,-86.51667,1940,1970
USW00003852,VALPARAISO HURLBURT FIELD,US-FL,30.41667,-86.68333,1955,1970
USC00089219,VERO BEACH 4 SE,US-FL,27.6527,-80.403,1965,2025
USW00012843,VERO BEACH INTERNATIONAL AIRPORT,US-FL,27.6553,-80.41425,1923,2025
USC00089401,WAUCHULA,US-FL,27.5477,-81.7994,1933,2025
USW00012844,WEST PALM BEACH INTERNATIONAL AIRPORT,US-FL,26.6851,-80.09918,1938,2025
USC00089566,WEWAHITCHKA,US-FL,30.1123,-85.19588,1901,2025
USW00093841,WHITING FIELD NAS,US-FL,30.71667,-87.01667,1945,2025
USC00089707,WINTER HAVEN,US-FL,28.0153,-81.7331,1941,2008
USW00012876,WINTER HAVEN GILBERT AIRPORT,US-FL,28.06137,-81.75684,1996,2025
USC00089795,WOODRUFF DAM,US-FL,30.7219,-84.8741,1956,2025
USC00090090,AILEY,US-GA,32.18333,-82.56667,1947,1994
USC00090140,ALBANY 3 SE,US-GA,31.5338,-84.1488,1891,2021
USW00013815,ALBANY NAS,US-GA,31.58333,-84.11667,1949,1974
USW00013869,ALBANY SW GEORGIA REGIONAL AIRPORT,US-GA,31.53642,-84.1958,1948,2025
USC00090181,ALLATOONA DAM 2,US-GA,34.165,-84.73,1952,2025
USW00013870,ALMA BACON CO AIRPORT,US-GA,31.54006,-82.50735,1938,2025
USC00090253,AMERICUS,US-GA,32.0306,-84.2461,1876,2025
USC00090311,APPLING 2 NW,US-GA,33.55731,-82.33683,1961,2025
USW00013873,ATHENS BEN EPPS AIRPORT,US-GA,33.94773,-83.32736,1944,2025
USC00090432,ATHENS COLLEGE OF AG,US-GA,33.91667,-83.35,1935,1971
USW00053863,ATLANTA DEKALB PEACHTREE AIRPORT,US-GA,33.87835,-84.29802,1998,2025
USW00003888,ATLANTA FULTON CO AIRPORT,US-GA,33.77759,-84.52464,1998,2025
USW00013874,ATLANTA HARTSFIELD JACKSON INTERNATIONAL AIRPORT,US-GA,33.62972,-84.44224,1930,2025
USW00093830,ATLANTA NAS,US-GA,33.86667,-84.3,1945,1958
USW00003820,AUGUSTA BUSH FIELD AIRPORT,US-GA,33.36517,-81.96353,1942,2025
USW00013837,AUGUSTA DANIEL FIELD AIRPORT,US-GA,33.4668,-82.03847,1996,2025
USC00090603,BALL GROUND,US-GA,34.3328,-84.4703,1947,2015
USC00090746,BEAVERDALE,US-GA,34.91944,-84.83222,1940,1999
USC00090946,BLACKBEARD ISLAND,US-GA,31.48333,-81.21667,1940,1974
USC00090969,BLAIRSVILLE EXPERIMENTAL STATION,US-GA,34.8544,-83.9444,1931,2025
USC00090979,BLAKELY,US-GA,31.2239,-84.5554,1889,2013
USC00091266,BROOKLET 1 W,US-GA,32.37663,-81.67388,1925,2025
USC00091340,BRUNSWICK,US-GA,31.1681,-81.5022,1895,2025
USW00093836,BRUNSWICK GLYNN CO AIRPORT,US-GA,31.25,-81.46667,1945,1974
USW00013878,BRUNSWICK MCKINNON AIRPORT,US-GA,31.1527,-81.39053,1940,2023
USC00091372,BUENA VISTA,US-GA,32.3179,-84.5204,1944,2018
USC00091425,BUTLER,US-GA,32.6524,-84.1858,1902,2004
USC00091448,BYRON EXPERIMENT STATION,US-GA,32.66944,-83.74528,1977,2000
USC00091463,CAIRO,US-GA,30.8696,-84.2174,1927,2021
USC00091474,CALHOUN EXPERIMENTAL STATION,US-GA,34.48333,-84.96667,1953,1997
USC00091585,CANTON,US-GA,34.2071,-84.5039,1891,2012
USC00091601,CARLTON BRIDGE,US-GA,34.06667,-82.98333,1899,1962
USC00091640,CARROLLTON,US-GA,33.5972,-85.0805,1904,2025
USC00091665,CARTERSVILLE,US-GA,34.2043,-84.7925,1891,2019
USW00053873,CARTERSVILLE AIRPORT,US-GA,34.11587,-84.850713,2000,2025
USC00091732,CEDARTOWN,US-GA,34.0588,-85.2338,1896,2025
USC00094941,CHICKAMAUGA 2 SW,US-GA,34.853,-85.3142,1892,2025
USC00091982,CLAYTON 1 SSW,US-GA,34.8879,-83.3966,1893,2025
USC00092006,CLEVELAND,US-GA,34.5859,-83.7658,1943,2025
USW00093842,COLUMBUS METROPOLITAN AIRPORT,US-GA,32.51625,-84.94218,1948,2025
USC00092159,COLUMBUS NUMBER 2,US-GA,32.5181,-84.9378,1996,2025
USC00092180,COMMERCE 4 NNW,US-GA,34.26228,-83.4897,1957,2025
USC00092198,CONCORD,US-GA,33.1,-84.43333,1912,1975
USC00092283,CORNELIA,US-GA,34.5181,-83.5286,1919,2025
USC00092318,COVINGTON,US-GA,33.59722,-83.84361,1893,2015
USC00092408,CUMMING 2 N,US-GA,34.2286,-84.1281,1937,2025
USC00092450,CUTHBERT,US-GA,31.76722,-84.79306,1904,2019
USC00092475,DAHLONEGA 4 WSW,US-GA,34.5069,-84.0207,1874,2025
USC00092485,DALLAS 7 NE,US-GA,33.9982,-84.751,1947,2025
USC00092493,DALTON,US-GA,34.77,-84.88722,1935,2005
USC00092578,DAWSONVILLE,US-GA,34.42056,-84.10389,1947,2003
USC00092736,DONALSONVILLE 1 S,US-GA,31.01667,-84.88333,1941,1987
USC00092839,DUBLIN,US-GA,32.5575,-82.9036,1892,2010
USC00092966,EASTMAN 1 W,US-GA,32.2003,-83.2058,1891,2025
USC00093060,ELBERTON 2 N,US-GA,34.1409,-82.8551,1891,2025
USC00093271,EXPERIMENT,US-GA,33.26306,-84.28417,1900,2004
USC00093295,FAIRMOUNT,US-GA,34.43639,-84.7,1937,2002
USC00093386,FITZGERALD,US-GA,31.71083,-83.25167,1898,2006
USC00093506,FORSYTH 6 NNW,US-GA,33.01611,-83.94167,1891,2002
USW00013829,FORT BENNING LAWSON FIELD,US-GA,32.337322,-84.991283,1939,2025
USC00093516,FORT GAINES,US-GA,31.6,-85.05,1891,1984
USC00091544,FORT STEWART,US-GA,31.86667,-81.61667,1941,1964
USW00003875,FORT STEWART WRIGHT,US-GA,31.88333,-81.56667,1967,1970
USC00093544,FORT VALLEY 2 E,US-GA,32.56667,-83.86667,1919,1975
USC00093621,GAINESVILLE,US-GA,34.3006,-83.86,1891,2025
USW00053838,GAINESVILLE LEE GILMER MEMORIAL AIRPORT,US-GA,34.27209,-83.83045,1996,2025
USC00093754,GLENNVILLE 3 NW,US-GA,31.988,-81.9522,1904,2025
USC00094133,HARTWELL,US-GA,34.35178,-82.93013,1908,2025
USC00094170,HAWKINSVILLE,US-GA,32.2963,-83.4883,1892,2025
USC00094204,HAZLEHURST,US-GA,31.8878,-82.5808,1918,2015
USC00094429,HOMERVILLE 5 N,US-GA,31.0767,-82.8003,1956,2025
USC00094648,JASPER 1 NNW,US-GA,34.4758,-84.4461,1937,2025
USC00094700,JONESBORO,US-GA,33.5312,-84.3545,1940,2025
USC00094949,LA GRANGE,US-GA,33.0537,-85.0318,1887,2015
USW00063803,LAWRENCEVILLE GWINNET CO BRISCOE FIELD AIRPORT,US-GA,33.97972,-83.96333,2017,2025
USC00095165,LEXINGTON,US-GA,33.8705,-83.1135,1952,2019
USC00095204,LINCOLNTON,US-GA,33.77637,-82.47137,1892,2025
USC00095314,LOUISVILLE 1 E,US-GA,33.0125,-82.3914,1893,2024
USC00095394,LUMPKIN 2 SE,US-GA,32.0306,-84.7754,1892,2008
USW00003813,MACON MIDDLE GA REGIONAL AIRPORT,US-GA,32.68889,-83.65296,1941,2025
USC00095492,MANOR,US-GA,31.0833,-82.5652,2008,2016
USW00063813,MARIETTA COBB CO MCCOLLUM FIELD AIRPORT,US-GA,34.01306,-84.59861,2017,2025
USW00013864,MARIETTA DOBBINS AFB,US-GA,33.91667,-84.51667,1949,1970
USC00095666,MCDONOUGH 5 ENE,US-GA,33.47686,-84.03358,1998,2025
USC00095863,MIDVILLE EXPERIMENTAL STATION,US-GA,32.8753,-82.2156,1957,2025
USC00095874,MILLEDGEVILLE,US-GA,33.0831,-83.2498,1891,2017
USC00095979,MONTEZUMA 2 NW,US-GA,32.3176,-84.065,1904,2023
USC00095988,MONTICELLO,US-GA,33.3329,-83.6975,1891,2025
USC00096038,MORGAN 1 W,US-GA,31.53333,-84.61667,1892,1986
USC00096148,MULBERRY GROVE,US-GA,32.6089,-85.0756,1997,2025
USC00096219,NAHUNTA 6 NE,US-GA,31.2738,-81.9197,1956,2025
USC00096237,NASHVILLE 5 SSE,US-GA,31.13333,-83.21667,1956,1987
USC00096335,NEWNAN 7 WNW,US-GA,33.3996,-84.915,1891,2023
USW00053819,PEACHTREE CITY FALCON FIELD,US-GA,33.35428,-84.56896,1994,2025
USC00097087,PLAINS SW GA EXPERIMENTAL STATION,US-GA,32.0467,-84.3711,1956,2025
USC00097276,QUITMAN 2 NW,US-GA,30.78361,-83.56917,1891,2010
USC00097600,ROME,US-GA,34.2413,-85.1584,1893,2025
USW00093801,ROME R B RUSSELL AIRPORT,US-GA,34.34833,-85.16155,1948,2025
USC00097808,SAPELO ISLAND,US-GA,31.39806,-81.28077,1957,2025
USC00097827,SAUTEE 3 W,US-GA,34.6646,-83.7342,1999,2025
USW00003822,SAVANNAH HILTON HEAD INTERNATIONAL AIRPORT,US-GA,32.13133,-81.2023,1948,2025
USW00013824,SAVANNAH HUNTER FIELD,US-GA,32.01667,-81.13333,1950,1970
USC00097842,SAVANNAH USDA PLANT,US-GA,32.0,-81.26667,1928,1977
USC00098223,SPARTA,US-GA,33.2725,-82.96694,1897,1999
USC00098351,STILLMORE,US-GA,32.44139,-82.21806,1901,2002
USC00098476,SURRENCY,US-GA,31.70778,-82.19694,1956,2003
USC00098496,SWAINSBORO,US-GA,32.58056,-82.38222,1905,2000
USC00098547,TALLAPOOSA 2 N,US-GA,33.76667,-85.3,1896,1974
USC00098666,THOMASVILLE 7 NE,US-GA,30.91389,-83.86111,1892,2015
USC00098703,TIFTON,US-GA,31.4461,-83.4767,1911,2025
USC00098740,TOCCOA,US-GA,34.5786,-83.3319,1891,2025
USC00098950,U OF GA PLANT SCIENCE FARM,US-GA,33.8722,-83.5358,1971,2013
USW00013857,VALDOSTA MOODY AFB,US-GA,30.96667,-83.2,1951,1970
USW00093845,VALDOSTA REGIONAL AIRPORT,US-GA,30.77629,-83.27393,1948,2025
USW00013860,WARNER ROBINS AFB,US-GA,32.63333,-83.6,1948,1970
USC00099157,WASHINGTON 2 ESE,US-GA,33.7264,-82.7059,1892,2020
USC00099186,WAYCROSS 4 NE,US-GA,31.2514,-82.3128,1892,2014
USW00013861,WAYCROSS WARE CO AIRPORT,US-GA,31.25,-82.4,1979,1994
USC00099194,WAYNESBORO 2 S,US-GA,33.07129,-82.00728,1891,2025
USC00099291,WEST POINT,US-GA,32.8861,-85.1838,1891,2023
USC00099466,WINDER 4 S,US-GA,33.9275,-83.72611,1940,2006
USC00099486,WINTERVILLE,US-GA,33.967,-83.2887,1997,2023
USC00099506,WOODBURY,US-GA,32.9783,-84.5982,1900,2020
USW00022514,BARBERS POINT NAS,US-HI,21.31667,-158.06667,1949,1998
USW00022501,BARKING SANDS,US-HI,22.03386,-159.78313,1968,2015
USC00511918,EWA BEACH USGS 702.2,US-HI,21.315,-157.9992,1962,2025
USW00022551,EWA KALAELOA AIRPORT,US-HI,21.30555,-158.06582,1999,2025
USC00511004,HALEAKALA RANGER STATION 338,US-HI,20.7603,-156.247,1939,2024
USW00021504,HILO INTERNATIONAL AIRPORT 87,US-HI,19.71909,-155.04897,1949,2025
USW00022521,HONOLULU INTERNATIONAL AIRPORT,US-HI,21.32402,-157.93946,1939,2025
USW00022516,KAHULUI AIRPORT,US-HI,20.88871,-156.43453,1905,2025
USW00021510,KAILUA KONA KE AHOLE AIRPORT,US-HI,19.73782,-156.04795,1998,2025
USC00512751,KAINALIU 73.2,US-HI,19.5341,-155.92569,1939,2022
USC00513077,KAMUELA 192.2,US-HI,20.01667,-155.66667,1950,1980
USW00022519,KANEOHE BAY MCAS,US-HI,21.45045,-157.76794,1942,2025
USC00514272,KEKAHA 944,US-HI,22.0025,-159.75472,1905,2000
USC00514778,KUALAPUU 534,US-HI,21.1539,-157.0361,1905,1978
USC00515000,KULA BRANCH STATION 324.5,US-HI,20.75868,-156.3211,1979,2025
USC00515260,LALAMILO FIELD OF 191.1,US-HI,20.013,-155.6686,1980,2023
USC00515275,LANAI AIRPORT 656,US-HI,20.7895,-156.9485,1949,2025
USW00022536,LIHUE WEATHER SERVICE OFFICE AIRPORT 1020.1,US-HI,21.98048,-159.33863,1950,2025
USC00516198,MAUNA LOA SLOPE OBS 39,US-HI,19.5362,-155.5767,1955,2025
USW00022534,MOLOKAI KAUNAKAKAI MOLOKAI AIRPORT,US-HI,21.15448,-157.09612,1949,2025
USC00130064,AFTON,US-IA,41.03333,-94.2,1894,1950
USC00130088,AKRON,US-IA,42.8258,-96.5514,1900,2022
USC00130112,ALBIA 3 NNE,US-IA,41.0655,-92.7866,1894,2024
USC00130133,ALGONA,US-IA,43.06626,-94.22216,1893,2025
USC00130157,ALLISON,US-IA,42.7536,-92.8022,1914,2025
USC00130173,ALTA,US-IA,42.66667,-95.3,1893,1959
USC00130181,ALTON,US-IA,42.998,-96.0175,1905,2009
USC00130205,AMES 3 SW,US-IA,42.0,-93.65,1893,1964
USC00130200,AMES 8 WSW,US-IA,42.02097,-93.77428,1964,2025
USW00094989,AMES MUNICIPAL AIRPORT,US-IA,41.99045,-93.61852,1996,2025
USC00130213,ANAMOSA 1 WNW,US-IA,42.1117,-91.2933,1937,2011
USC00130364,ATLANTIC 1 NE,US-IA,41.4175,-95.0041,1893,2025
USW00014930,ATLANTIC MUNICIPAL AIRPORT,US-IA,41.40722,-95.04667,1948,2025
USC00130385,AUDUBON,US-IA,41.7069,-94.9222,1893,2025
USC00130463,BANCROFT,US-IA,43.3,-94.21667,1899,1954
USC00130536,BEACONSFIELD 3 N,US-IA,40.85697,-94.04943,1951,2025
USC00130576,BEDFORD,US-IA,40.6741,-94.7244,1898,2018
USC00130600,BELLE PLAINE,US-IA,41.88136,-92.27642,1893,2025
USC00130745,BLOCKTON 1 W,US-IA,40.6188,-94.505,1893,2017
USC00130753,BLOOMFIELD,US-IA,40.7392,-92.4142,1906,2025
USC00130807,BOONE,US-IA,42.04167,-93.89088,1905,2025
USC00130923,BRITT 3 E,US-IA,43.10554,-93.74444,1897,2020
USC00131060,BURLINGTON 2 S,US-IA,40.77479,-91.11641,1964,2025
USW00014931,BURLINGTON MUNICIPAL AIRPORT,US-IA,40.77291,-91.12546,1897,2025
USC00131233,CARROLL,US-IA,42.065,-94.85,1893,2025
USC00131257,CASCADE,US-IA,42.2979,-91.0116,1947,2025
USC00131277,CASTANA EXPERIMENTAL FARM,US-IA,42.0633,-95.8363,1948,2017
USC00131300,CEDAR FALLS,US-IA,42.5377,-92.443,1893,2021
USW00014990,CEDAR RAPIDS MUNICIPAL AIRPORT,US-IA,41.882917,-91.724591,1953,2025
USC00131319,CEDAR RAPIDS NUMBER 1,US-IA,42.0496,-91.5881,1892,2025
USC00131354,CENTERVILLE,US-IA,40.7324,-92.8899,1893,2024
USC00131394,CHARITON 1 E,US-IA,41.0163,-93.2791,1895,2025
USC00131402,CHARLES CITY,US-IA,43.0604,-92.6717,1893,2025
USC00131442,CHEROKEE,US-IA,42.7572,-95.5377,1921,2025
USC00131533,CLARINDA,US-IA,40.7242,-95.01918,1893,2025
USC00131541,CLARION,US-IA,42.72,-93.7336,1944,2021
USC00131635,CLINTON NUMBER 1,US-IA,41.79493,-90.26415,1893,2025
USC00131704,CLUTIER,US-IA,42.08,-92.405,1973,2025
USC00131705,COGGON,US-IA,42.2792,-91.525,2005,2021
USC00131710,COLO,US-IA,42.0169,-93.3188,1964,2009
USC00131731,COLUMBUS JUNCTION,US-IA,41.2765,-91.35801,1900,2025
USC00131833,CORNING,US-IA,40.98833,-94.75889,1893,2025
USC00131889,COUNCIL BLUFFS 6 NE,US-IA,41.31667,-95.81667,1893,1965
USC00131954,CRESCO 1 NE,US-IA,43.3894,-92.0938,1893,2020
USC00131962,CRESTON 2 SW,US-IA,41.0372,-94.3936,1905,2025
USC00132026,CUSHING,US-IA,42.46667,-95.66667,1934,1950
USW00094982,DAVENPORT MUNICIPAL AIRPORT,US-IA,41.61334,-90.59484,1996,2025
USW00014932,DAVENPORT WEATHER BUREAU OFFICE CITY,US-IA,41.52333,-90.57333,1901,1984
USC00132110,DECORAH,US-IA,43.3043,-91.7952,1893,2025
USC00132112,DECORAH 2 S,US-IA,43.28333,-91.78333,1948,1950
USW00004916,DECORAH MUNICIPAL AIRPORT,US-IA,43.27528,-91.73917,2013,2025
USC00132136,DELAWARE 3 WSW,US-IA,42.46667,-91.41667,1893,1975
USC00132171,DENISON,US-IA,42.0363,-95.3288,1893,2025
USW00014933,DES MOINES INTERNATIONAL AIRPORT,US-IA,41.53395,-93.65313,1945,2025
USC00132209,DES MOINES WSFO JOHNSTON,US-IA,41.7366,-93.7236,1995,2025
USC00132235,DEWITT,US-IA,41.8108,-90.5405,1954,2025
USC00132299,DONNELLSON,US-IA,40.6458,-91.564,1938,2025
USC00132311,DORCHESTER,US-IA,43.4705,-91.5109,1947,2013
USC00132364,DUBUQUE LOCK AND DAM 11,US-IA,42.5399,-90.6461,1938,2025
USW00094908,DUBUQUE REGIONAL AIRPORT,US-IA,42.39834,-90.70913,1951,2025
USW00014934,DUBUQUE WEATHER BUREAU CITY,US-IA,42.5,-90.66667,1893,1952
USC00132388,DUMONT,US-IA,42.7544,-92.9763,1934,2011
USC00132396,DUNBAR 2 NE,US-IA,41.96667,-92.76667,1934,1958
USC00132541,EDDYVILLE,US-IA,41.15,-92.63333,1939,1984
USC00132573,ELDORA,US-IA,42.3652,-93.0971,1949,2023
USC00132603,ELKADER 6 SSW,US-IA,42.7754,-91.4537,1893,2025
USC00132678,EMERSON 4 ENE,US-IA,41.03333,-95.31667,1948,1971
USC00132689,EMMETSBURG,US-IA,43.1024,-94.6833,1893,2025
USC00132724,ESTHERVILLE 4 E,US-IA,43.4036,-94.7472,1893,2025
USW00094971,ESTHERVILLE MUNICIPAL AIRPORT,US-IA,43.40085,-94.74765,1996,2025
USC00132789,FAIRFIELD,US-IA,41.01805,-91.95463,1893,2025
USC00132864,FAYETTE,US-IA,42.88262,-91.83025,1893,2025
USC00132977,FOREST CITY 2 NNE,US-IA,43.2844,-93.6305,1894,2025
USC00132999,FORT DODGE 5 NNW,US-IA,42.5836,-94.2005,1899,2025
USC00133007,FORT MADISON,US-IA,40.62227,-91.33372,1893,2025
USC00133290,GLENWOOD 3 SW,US-IA,41.0097,-95.7736,1893,2017
USC00135080,GLENWOOD 5 ESE,US-IA,41.01667,-95.66667,1895,1960
USC00133438,GREENFIELD,US-IA,41.29415,-94.44564,1893,2025
USC00133473,GRINNELL 3 SW,US-IA,41.7196,-92.7502,1893,2025
USC00133487,GRUNDY CENTER,US-IA,42.3647,-92.7594,1893,2025
USC00133509,GUTHRIE CENTER,US-IA,41.6686,-94.4972,1895,2025
USC00133517,GUTTENBERG L AND D 10,US-IA,42.7858,-91.0958,1937,2025
USC00133584,HAMPTON,US-IA,42.756,-93.202,1893,2025
USC00133623,HARCOURT 2 ENE,US-IA,42.2685,-94.1459,1976,2019
USC00133632,HARLAN,US-IA,41.6452,-95.3339,1899,2016
USC00133718,HAWARDEN,US-IA,43.003,-96.485,1926,2020
USC00133909,HOLSTEIN,US-IA,42.4897,-95.5488,1951,2020
USC00132037,HUMBOLDT,US-IA,42.73333,-94.2,1939,1956
USC00133985,HUMBOLDT 3 W,US-IA,42.71806,-94.26889,1893,1997
USC00134038,IDA GROVE 5 NW,US-IA,42.3941,-95.515,1902,2007
USC00134052,INDEPENDENCE,US-IA,42.50694,-91.90139,1893,1981
USC00134049,INDEPENDENCE NUMBER 1,US-IA,42.527,-91.878,1862,2009
USC00134063,INDIANOLA 1 SW,US-IA,41.35056,-93.57333,1893,2025
USC00134087,INWOOD 2 SW,US-IA,43.3,-96.46667,1902,1973
USC00134101,IOWA CITY,US-IA,41.6093,-91.5051,1893,2025
USW00014937,IOWA CITY MUNICIPAL AIRPORT,US-IA,41.6394,-91.54455,1948,2025
USC00134142,IOWA FALLS,US-IA,42.5188,-93.2536,1893,2025
USC00134228,JEFFERSON,US-IA,42.0103,-94.39523,1893,2025
USC00134244,JEWELL,US-IA,42.3008,-93.6388,1949,2018
USC00134308,KANAWHA,US-IA,42.9311,-93.7933,1941,2025
USC00134381,KEOKUK LOCK AND DAM 19,US-IA,40.39699,-91.37488,1891,2025
USC00134389,KEOSAUQUA,US-IA,40.7468,-91.95745,1893,2025
USC00134502,KNOXVILLE,US-IA,41.3247,-93.1008,1893,2023
USC00134547,LAKE CITY,US-IA,42.26667,-94.73333,1936,1972
USC00134557,LAKE MILLS,US-IA,43.4177,-93.5347,1955,2025
USC00134561,LAKE PARK 3 SSE,US-IA,43.40347,-95.30828,1912,2025
USC00134585,LAMONI,US-IA,40.6233,-93.9343,1897,2025
USW00014993,LAMONI FAA AIRPORT,US-IA,40.65,-94.0,1949,2025
USW00094991,LAMONI MUNICIPAL AIRPORT,US-IA,40.63064,-93.90045,1998,2025
USC00134620,LANSING,US-IA,43.36333,-91.21611,1896,2003
USC00134705,LE CLAIRE LOCK AND DAM 14,US-IA,41.5747,-90.4005,1938,2025
USC00134735,LE MARS,US-IA,42.79092,-96.15097,1896,2025
USC00134758,LEON 6 ESE,US-IA,40.7244,-93.6452,1962,2012
USC00134874,LITTLE SIOUX 2 NW,US-IA,41.8263,-96.0505,2002,2025
USC00134894,LOGAN 1 WNW,US-IA,41.65,-95.806,1893,2025
USC00134963,LOWDEN,US-IA,41.86044,-90.9222,1991,2025
USC00135086,MANCHESTER NUMBER 2,US-IA,42.4732,-91.4516,1976,2025
USC00135123,MAPLETON NUMBER 2,US-IA,42.19042,-95.75691,1937,2025
USC00135131,MAQUOKETA,US-IA,42.0771,-90.6647,1897,2024
USC00135198,MARSHALLTOWN,US-IA,42.0647,-92.9244,1893,2025
USW00094988,MARSHALLTOWN MUNICIPAL AIRPORT,US-IA,42.11061,-92.91635,1996,2025
USC00135230,MASON CITY,US-IA,43.163,-93.1952,1893,2025
USW00014940,MASON CITY MUNICIPAL AIRPORT,US-IA,43.1544,-93.32611,1948,2025
USC00135418,MERRILL 4 WSW,US-IA,42.7,-96.33333,1941,1977
USC00135493,MILFORD 4 NW,US-IA,43.38031,-95.18411,1919,2025
USC00135517,MILLERTON,US-IA,40.83333,-93.3,1893,1951
USC00135584,MISSOURI VALLEY 1 NNE,US-IA,41.5736,-95.8811,1940,1956
USC00135622,MONMOUTH 4 SW,US-IA,42.05,-90.91667,1940,1953
USC00135638,MONROE,US-IA,41.51667,-93.1,1911,1948
USC00135650,MONTEZUMA 1 W,US-IA,41.58354,-92.54939,1896,2025
USC00135769,MOUNT AYR,US-IA,40.7052,-94.2427,1893,2025
USC00135796,MOUNT PLEASANT 1 SW,US-IA,40.96011,-91.5851,1893,2025
USC00135837,MUSCATINE,US-IA,41.4076,-91.0727,1935,2025
USC00135842,MUSCATINE 2,US-IA,41.23,-91.05,1892,1982
USC00135844,MUSCATINE 2 N,US-IA,41.4713,-91.0463,1999,2025
USC00135952,NEW HAMPTON,US-IA,43.0452,-92.3123,1897,2025
USC00135992,NEWTON,US-IA,41.7116,-93.0297,1893,2024
USW00014966,NORTHEAST IOWA REGIONAL AIRPORT,US-IA,43.072504,-92.610809,2013,2025
USC00136103,NORTHWOOD,US-IA,43.4386,-93.2252,1896,2025
USC00136119,NORWICH EXPERIMENTAL FARM,US-IA,40.75,-95.2,1937,1970
USC00136151,OAKLAND,US-IA,41.3044,-95.3844,1919,2025
USC00136200,OELWEIN 2 S,US-IA,42.6467,-91.9131,1923,2005
USW00004955,OELWEIN MUNICIPAL AIRPORT,US-IA,42.68083,-91.97444,2013,2025
USC00136243,ONAWA 3 NW,US-IA,42.0697,-96.1258,1899,2011
USC00136305,OSAGE,US-IA,43.27914,-92.83089,1893,2025
USC00136316,OSCEOLA,US-IA,41.0194,-93.7502,1894,2025
USC00136327,OSKALOOSA,US-IA,41.3213,-92.6466,1893,2025
USC00136386,OTTUMWA 1 WSW,US-IA,41.01667,-92.43333,1894,1949
USW00014950,OTTUMWA INDUSTRIAL AIRPORT,US-IA,41.10079,-92.44453,1948,2025
USW00014948,OTTUMWA NAS,US-IA,41.1,-92.43333,1945,1947
USC00136527,PELLA 1 S,US-IA,41.3761,-92.9202,1898,2025
USC00136566,PERRY,US-IA,41.8394,-94.1105,1900,2025
USC00136719,POCAHONTAS,US-IA,42.7291,-94.6613,1904,2025
USC00136766,POSTVILLE,US-IA,43.08998,-91.55823,1893,2025
USC00136800,PRIMGHAR,US-IA,43.08617,-95.62919,1895,2025
USC00136910,RATHBUN DAM,US-IA,40.81918,-92.90264,1970,2025
USC00136940,RED OAK,US-IA,41.0036,-95.2419,1897,2025
USC00137085,RIVERTON,US-IA,40.68333,-95.56667,1926,1960
USC00137147,ROCK RAPIDS,US-IA,43.42897,-96.16894,1893,2025
USC00137161,ROCKWELL CITY,US-IA,42.3969,-94.6291,1894,2025
USC00137312,SAC CITY,US-IA,42.4194,-94.9761,1893,2025
USC00137386,SANBORN,US-IA,43.18169,-95.66392,1914,2025
USC00137410,SARATOGA 2 E,US-IA,43.36667,-92.36667,1949,1968
USC00137594,SHELDON,US-IA,43.18031,-95.85319,1899,2025
USC00137613,SHENANDOAH,US-IA,40.77165,-95.3738,1918,2025
USC00137664,SIBLEY,US-IA,43.40231,-95.74986,1893,2025
USC00137669,SIDNEY 1 SSE,US-IA,40.736,-95.643,1895,2018
USC00137678,SIGOURNEY,US-IA,41.3371,-92.2279,1896,2025
USC00137700,SIOUX CENTER 2 SE,US-IA,43.0558,-96.1525,1899,2025
USW00014943,SIOUX CITY AIRPORT,US-IA,42.39169,-96.37948,1940,2025
USC00137726,SIOUX RAPIDS,US-IA,42.8928,-95.1469,1941,2025
USC00137844,SPENCER 1 N,US-IA,43.16522,-95.14683,1895,2025
USW00014972,SPENCER MUNICIPAL AIRPORT,US-IA,43.16822,-95.21011,1996,2025
USC00137859,SPIRIT LAKE,US-IA,43.42267,-95.139,1893,2025
USC00137925,STATE CENTER,US-IA,42.01667,-93.16667,1937,1951
USC00137979,STORM LAKE,US-IA,42.647,-95.19336,1893,2025
USC00138026,SWEA CITY 5 N,US-IA,43.45413,-94.30699,1954,2025
USC00138231,THURMAN,US-IA,40.81667,-95.75,1897,1948
USC00138255,TINGLEY,US-IA,40.85,-94.2,1924,1956
USC00138266,TIPTON,US-IA,41.7797,-91.1269,1893,2010
USC00138270,TITONKA,US-IA,43.2352,-94.0416,1949,2009
USC00138296,TOLEDO 3 N,US-IA,42.03543,-92.58046,1894,2025
USC00138307,TRACY 1 NE,US-IA,41.2819,-92.8613,1881,1966
USC00138339,TRIPOLI,US-IA,42.8125,-92.2574,1946,2021
USC00138568,VINTON,US-IA,42.1463,-92.0125,1893,2025
USC00138668,WAPELLO,US-IA,41.1805,-91.1898,1898,2016
USC00138688,WASHINGTON,US-IA,41.2824,-91.7078,1893,2025
USC00138693,WASHTA,US-IA,42.5737,-95.718,1897,2019
USC00138704,WATERLOO,US-IA,42.51667,-92.33333,1895,1950
USW00094910,WATERLOO MUNICIPAL AIRPORT,US-IA,42.55437,-92.40131,1950,2025
USC00138747,WAUKEE,US-IA,41.61667,-93.88333,1894,1953
USC00138755,WAUKON 3 NNE,US-IA,43.31553,-91.45323,1934,2025
USC00138806,WEBSTER CITY,US-IA,42.4685,-93.7974,1893,2025
USC00139067,WILLIAMSBURG 1 E,US-IA,41.6649,-91.9977,1893,2025
USC00139132,WINTERSET 4 N,US-IA,41.40248,-94.01466,1893,2025
USC00139178,WOODWARD 7 N,US-IA,41.95,-93.91667,1944,1974
USC00139750,ZEARING,US-IA,42.1669,-93.3097,1904,2025
USC00100010,ABERDEEN EXPERIMENT STATION,US-ID,42.9536,-112.8253,1914,2025
USC00100149,ALBION,US-ID,42.41667,-113.58333,1899,1953
USC00100227,AMERICAN FALLS 3 NW,US-ID,42.8571,-112.8801,1892,2008
USC00100282,ANDERSON DAM,US-ID,43.3572,-115.4523,1942,2006
USC00100347,ARBON,US-ID,42.50306,-112.57583,1962,2002
USC00100375,ARCO,US-ID,43.6356,-113.29978,1914,2025
USC00100448,ARROWROCK DAM,US-ID,43.5936,-115.9237,1911,2009
USC00100470,ASHTON 1 N,US-ID,44.0707,-111.4565,1897,2025
USC00100491,ATLANTA,US-ID,43.8,-115.13333,1955,1975
USC00100494,ATLANTA,US-ID,43.8,-115.11667,1956,1959
USC00100493,ATLANTA 1 E,US-ID,43.8,-115.11667,1894,1955
USC00100525,AVERY RANGER STATION,US-ID,47.25,-115.8,1913,1968
USC00100528,AVERY RANGER STATION NUMBER 2,US-ID,47.2532,-115.9204,1968,2015
USC00100667,BAYVIEW MODEL BASIN,US-ID,47.9804,-116.5594,1947,2025
USC00100835,BIG CREEK,US-ID,45.13333,-115.31667,1908,1970
USC00100920,BLACKFOOT DAM,US-ID,43.0,-111.71667,1909,1971
USC00100915,BLACKFOOT FIRE DEPARTMENT,US-ID,43.19172,-112.34522,1895,2025
USC00101002,BLISS,US-ID,42.95444,-115.01306,1894,2000
USC00101017,BOISE 7 N,US-ID,43.7383,-116.2022,1973,2025
USW00024131,BOISE AIR TERMINAL,US-ID,43.56705,-116.24062,1931,2025
USC00101018,BOISE LUCKY PEAK DAM,US-ID,43.5253,-116.0542,1951,2025
USC00101079,BONNERS FERRY,US-ID,48.6928,-116.3104,1907,2025
USC00101180,BROWNLEE DAM,US-ID,44.8365,-116.8981,1966,2017
USC00101195,BRUNEAU,US-ID,42.8819,-115.8017,1937,2012
USC00101217,BUHL NUMBER 2,US-ID,42.6,-114.76667,1906,1963
USC00101220,BUHL NUMBER 2,US-ID,42.6006,-114.7453,1978,2015
USC00101244,BUNGALOW RANGER STATION,US-ID,46.63333,-115.5,1923,1969
USC00101272,BURKE 2 ENE,US-ID,47.53333,-115.8,1907,1967
USC00101298,BURLEY,US-ID,42.5188,-113.8027,1925,2008
USW00024133,BURLEY MUNICIPAL AIRPORT,US-ID,42.54525,-113.7686,1948,2025
USC00101363,CABINET GORGE,US-ID,48.0863,-116.0573,1956,2025
USC00101380,CALDWELL,US-ID,43.66667,-116.68333,1904,1997
USC00101408,CAMBRIDGE,US-ID,44.5734,-116.6754,1894,2022
USC00101514,CASCADE 1 NW,US-ID,44.5228,-116.0481,1942,2025
USC00101636,CENTERVILLE COOPER DR,US-ID,43.89972,-115.90466,1949,2025
USC00101663,CHALLIS,US-ID,44.50361,-114.23972,1895,1996
USW00004114,CHALLIS AIRPORT,US-ID,44.523,-114.21612,1998,2025
USC00101671,CHILLY BARTON FLAT,US-ID,43.97775,-113.82913,1948,2025
USC00101810,CLARK FORK 1 ENE,US-ID,48.15,-116.16667,1912,1956
USC00101938,COBALT BLACKBIRD MIN,US-ID,45.11667,-114.35,1951,1960
USC00103289,COBALT BLACKBIRD MIN,US-ID,45.11667,-114.35,1948,1951
USC00101956,COEUR D ALENE,US-ID,47.6821,-116.7967,1895,2025
USW00024136,COEUR D ALENE AIR TERMINAL,US-ID,47.76667,-116.81667,1949,2025
USC00102071,CONDA,US-ID,42.71667,-111.55,1939,1978
USC00102154,COTTONWOOD,US-ID,46.01667,-116.33333,1893,1976
USC00102159,COTTONWOOD 2 WSW,US-ID,46.0336,-116.3919,1950,2025
USC00102187,COUNCIL,US-ID,44.7441,-116.4326,1911,2025
USC00102246,CRAIGMONT,US-ID,46.23333,-116.48333,1950,1996
USC00102260,CRATERS OF THE MOON,US-ID,43.46239,-113.56018,1958,2025
USC00102385,DEADWOOD DAM,US-ID,44.31667,-115.63333,1929,1975
USC00102451,DEER POINT,US-ID,43.75,-116.1,1954,1970
USC00109029,DESMET 1 S,US-ID,47.16667,-116.91667,1963,1983
USC00102575,DIXIE,US-ID,45.5525,-115.46117,1952,2025
USC00102667,DOWNEY,US-ID,42.4261,-112.1253,1895,2025
USC00102676,DRIGGS,US-ID,43.77909,-111.11116,1904,2025
USC00102707,DUBOIS EXPERIMENT STATION,US-ID,44.24364,-112.20033,1925,2025
USW00024140,DUBOIS FAA AIRPORT,US-ID,44.16667,-112.21667,1948,1962
USC00102845,DWORSHAK FISH HATCHERY,US-ID,46.5023,-116.3216,1966,2025
USC00102823,EDEN HUNT PROJECT,US-ID,42.68333,-114.25,1943,1951
USC00102875,ELK CITY 1 NE,US-ID,45.83528,-115.45999,1914,2025
USC00102892,ELK RIVER,US-ID,46.77439,-116.17623,1952,2022
USC00102942,EMMETT 2 E,US-ID,43.8544,-116.4663,1906,2025
USC00103108,FAIRFIELD RANGER STATION,US-ID,43.3428,-114.7899,1948,2025
USC00103143,FENN RANGER STATION,US-ID,46.09992,-115.54467,1939,2025
USC00103297,FORT HALL 1 NNE,US-ID,43.03315,-112.43245,1914,2025
USC00103417,GALENA,US-ID,43.87222,-114.65417,1963,1996
USC00103448,GARDEN VALLEY,US-ID,44.1011,-115.9694,1893,2020
USC00103554,GIBBONSVILLE,US-ID,45.5395,-113.9274,1895,2011
USC00103631,GLENNS FERRY,US-ID,42.9404,-115.323,1905,2025
USW00024142,GOODING MUNICIPAL AIRPORT,US-ID,42.91667,-114.76667,1909,1997
USC00103732,GRACE,US-ID,42.56306,-111.75944,1907,2025
USC00103760,GRAND VIEW 4 NW,US-ID,43.0176,-116.1772,1909,2010
USC00103771,GRANGEVILLE,US-ID,45.91961,-116.12919,1893,2025
USC00103809,GRASMERE,US-ID,42.38333,-115.88333,1953,1974
USC00103825,GRAY,US-ID,43.05,-111.36667,1897,1955
USC00103861,GRIMES PASS 6 S,US-ID,43.96667,-115.85,1909,1949
USC00103882,GROUSE,US-ID,43.71861,-113.54722,1932,2004
USC00103932,HAGERMAN 2 SW,US-ID,42.8114,-114.9239,1982,2018
USC00103942,HAILEY 3 NNW,US-ID,43.56667,-114.33333,1893,1988
USC00103964,HAMER 4 NW,US-ID,43.9663,-112.2641,1948,2025
USC00104140,HAZELTON,US-ID,42.5972,-114.1378,1917,2018
USC00104150,HEADQUARTERS,US-ID,46.6311,-115.8086,1959,2010
USC00104230,HENRY,US-ID,42.94194,-111.43611,1971,2008
USC00104268,HILL CITY 1 W,US-ID,43.29732,-115.06772,1915,2024
USC00104295,HOLLISTER,US-ID,42.3528,-114.5739,1912,2020
USC00104384,HOWE,US-ID,43.7827,-113.0033,1914,2025
USC00104442,IDAHO CITY,US-ID,43.8383,-115.832,1894,2013
USC00104450,IDAHO CITY 11 SW,US-ID,43.71667,-116.0,1948,1963
USC00104456,IDAHO FALLS 16 SE,US-ID,43.3455,-111.7847,1955,2025
USW00094143,IDAHO FALLS 46 W,US-ID,43.53252,-112.94793,1954,2025
USW00024145,IDAHO FALLS FAA AIRPORT,US-ID,43.52044,-112.06753,1948,2025
USC00104455,IDAHO FALLS KIFI,US-ID,43.514,-112.0126,1952,2025
USC00104588,IRWIN 2 SE,US-ID,43.4,-111.3,1909,1960
USC00104598,ISLAND PARK,US-ID,44.42032,-111.37099,1937,2025
USC00104670,JEROME,US-ID,42.7325,-114.5192,1915,2025
USW00004110,JEROME CO AIRPORT,US-ID,42.72735,-114.4547,1997,2025
USC00104793,KAMIAH,US-ID,46.2299,-116.0338,1913,2025
USC00104831,KELLOGG,US-ID,47.53333,-116.13333,1905,2025
USC00104845,KETCHUM RANGER STATION,US-ID,43.6841,-114.3602,1973,2025
USC00108906,KETCHUM RANGER STATION,US-ID,43.7,-114.35,1937,1972
USC00104908,KILGORE,US-ID,44.4,-111.88333,1960,1977
USC00105011,KOOSKIA,US-ID,46.15,-115.98333,1908,1987
USC00105038,KUNA,US-ID,43.48333,-116.41667,1926,1996
USC00105043,KUNA 3 E,US-ID,43.48333,-116.35,1978,1982
USC00105177,LEADORE NUMBER 2,US-ID,44.683,-113.3622,1965,2025
USW00024149,LEWISTON AIRPORT,US-ID,46.37458,-117.01529,1948,2025
USC00105236,LEWISTON WATER PLANT,US-ID,46.41667,-117.01667,1894,1955
USC00105275,LIFTON PUMPING STATION,US-ID,42.123,-111.3133,1919,2025
USC00105414,LOWMAN,US-ID,44.08278,-115.61861,1909,2008
USC00105466,MACKAY 4 NW,US-ID,43.95,-113.66667,1965,1988
USC00105462,MACKAY LOST RIVER RANGER STATION,US-ID,43.9178,-113.61517,1908,2025
USC00105544,MALAD,US-ID,42.2,-112.26667,1904,1982
USW00024151,MALAD CITY,US-ID,42.18868,-112.24863,1948,2025
USC00105567,MALTA,US-ID,42.3061,-113.3688,1984,2018
USC00105678,MASSACRE ROCKS STATE PARK,US-ID,42.668,-112.998,1973,2025
USC00105685,MAY 2 SSE,US-ID,44.5663,-113.8952,1934,2019
USC00105708,MCCALL,US-ID,44.8871,-116.1046,1905,2025
USW00094182,MCCALL AIRPORT,US-ID,44.89425,-116.09978,1997,2025
USC00105716,MCCAMMON,US-ID,42.6523,-112.1935,1949,2024
USC00105841,MERIDIAN 1 W,US-ID,43.61667,-116.41667,1911,1960
USC00105859,MESA,US-ID,44.61667,-116.43333,1910,1955
USC00105897,MIDDLE FORK LODGE,US-ID,44.7189,-115.0149,1971,2013
USC00105972,MINIDOKA 10 WNW,US-ID,42.78333,-113.66667,1895,1988
USC00105980,MINIDOKA DAM,US-ID,42.6769,-113.5021,1947,2025
USC00106053,MONTPELIER R S,US-ID,42.31667,-111.3,1914,1991
USC00106152,MOSCOW U OF I,US-ID,46.728,-116.9557,1893,2025
USC00106174,MOUNTAIN HOME,US-ID,43.1261,-115.7119,1906,2007
USW00024106,MOUNTAIN HOME AFB,US-ID,43.05,-115.86667,1949,2025
USW00094150,MULLAN PASS,US-ID,47.46667,-115.76667,1958,1971
USW00024154,MULLAN PASS VOR DME,US-ID,47.4548,-115.67108,1938,2025
USC00106250,MURPHY DESERT HOT SPRINGS,US-ID,42.0264,-115.3596,1987,2023
USC00106295,NAMPA,US-ID,43.58333,-116.56667,1893,1951
USC00106300,NAMPA 2 NW,US-ID,43.61667,-116.58333,1946,1960
USC00106388,NEW MEADOWS RANGER STATION,US-ID,44.9714,-116.2933,1905,2025
USC00106421,NEZPERCE,US-ID,46.23333,-116.23333,1948,1951
USC00106424,NEZPERCE,US-ID,46.2324,-116.243,1901,2020
USC00106542,OAKLEY,US-ID,42.23379,-113.89237,1893,2025
USC00106553,OBSIDIAN 3 SSE,US-ID,44.03333,-114.83333,1919,1962
USC00106586,OLA,US-ID,44.17705,-116.29036,1896,2025
USC00106590,OLA 4 S,US-ID,44.13333,-116.28333,1951,1988
USC00106681,OROFINO,US-ID,46.48333,-116.26667,1903,1981
USC00106764,PALISADES,US-ID,43.35,-111.21667,1947,1993
USC00106844,PARMA EXPERIMENT STATION,US-ID,43.8023,-116.9442,1922,2025
USC00106877,PAUL 1 ENE,US-ID,42.6118,-113.7628,1925,2018
USC00106891,PAYETTE,US-ID,44.0763,-116.9312,1892,2025
USC00107040,PICABO,US-ID,43.3086,-114.0668,1958,2025
USC00107046,PIERCE,US-ID,46.4922,-115.8006,1963,2025
USC00107049,PIERCE RANGER STATION,US-ID,46.5,-115.8,1913,1962
USC00107188,PLUMMER 3 WSW,US-ID,47.3111,-116.9545,1950,2023
USC00107210,POCATELLO CITY,US-ID,42.87496,-112.44686,2004,2025
USW00024156,POCATELLO REGIONAL AIRPORT,US-ID,42.91969,-112.57232,1939,2025
USC00107264,PORTHILL,US-ID,48.9994,-116.4991,1892,2021
USC00107301,POTLATCH 3 NNE,US-ID,46.9603,-116.855,1915,2025
USC00107320,POWELL,US-ID,46.50925,-114.70792,1962,2025
USC00107346,PRESTON,US-ID,42.0933,-111.8826,1964,2025
USC00107353,PRESTON SUGAR FACTOR,US-ID,42.06667,-111.85,1921,1980
USC00107357,PRICHARD 3 ESE,US-ID,47.6428,-115.9173,2011,2025
USC00107386,PRIEST RIVER EXPERIMENTAL STATION,US-ID,48.3512,-116.8354,1898,2025
USC00107644,REXBURG BYU IDAHO,US-ID,43.8083,-111.7892,1977,2025
USW00094194,REXBURG MADISON CO AIRPORT,US-ID,43.83211,-111.80751,1998,2025
USC00107673,RICHFIELD,US-ID,43.0517,-114.155,1910,2025
USC00107706,RIGGINS,US-ID,45.35419,-116.39489,1896,2025
USC00107721,RIRIE,US-ID,43.63333,-111.78333,1941,1952
USC00107858,ROLAND WEST PORTAL,US-ID,47.35,-115.66667,1921,1953
USC00107968,RUPERT 3 WSW,US-ID,42.60279,-113.72424,1906,2022
USC00108022,SAINT ANTHONY,US-ID,43.95223,-111.67852,1895,2025
USC00108062,SAINT MARIES,US-ID,47.3165,-116.5789,1897,2025
USC00108076,SALMON MUNICIPAL AIRPORT,US-ID,45.2,-113.86667,1905,2025
USC00108137,SANDPOINT EXPERIMENTAL STATION,US-ID,48.2943,-116.5627,1910,2025
USC00108380,SHOSHONE 1 WNW,US-ID,42.9383,-114.4169,1908,2025
USC00108395,SHOUP,US-ID,45.3768,-114.2774,1966,2011
USC00108412,SILVER CITY 5 W,US-ID,43.0022,-116.8316,1978,2012
USC00108535,SODA SPRINGS AIRPORT,US-ID,42.6513,-111.5833,1978,2012
USC00108604,SPENCER,US-ID,44.3605,-112.1864,1915,2013
USC00108626,SPRINGFIELD 1 SE,US-ID,43.06667,-112.68333,1909,1956
USC00108676,STANLEY,US-ID,44.22089,-114.93459,1916,2025
USC00108738,STIBNITE,US-ID,44.9,-115.33333,1949,1958
USW00024158,STREVELL,US-ID,42.01667,-113.25,1948,1986
USC00108818,SUGAR CITY,US-ID,43.8868,-111.7367,1907,2025
USC00108928,SWAN FALLS PH,US-ID,43.2436,-116.3784,1935,2025
USC00108937,SWAN VALLEY,US-ID,43.4372,-111.2791,1960,2025
USC00109059,TETONIA,US-ID,43.81667,-111.16667,1932,1952
USC00109065,TETONIA EXPERIMENT STATION,US-ID,43.8563,-111.2769,1950,2025
USC00109119,THREE CREEK,US-ID,42.08333,-115.15,1940,1987
USC00109303,TWIN FALLS,US-ID,42.5458,-114.3461,1963,2012
USC00109294,TWIN FALLS 2 NNE,US-ID,42.58333,-114.46667,1905,1974
USC00109299,TWIN FALLS 3 SE,US-ID,42.53333,-114.41667,1925,1977
USW00094178,TWIN FALLS SUN VALLEY REGIONAL AIRPORT,US-ID,42.47849,-114.47744,1997,2025
USC00109493,WALLACE,US-ID,47.46667,-115.93333,1907,1962
USC00109498,WALLACE,US-ID,47.4754,-115.9313,1941,2025
USC00109560,WARREN,US-ID,45.2658,-115.6789,1895,2011
USC00109638,WEISER,US-ID,44.2456,-116.9696,1911,2012
USC00109846,WINCHESTER,US-ID,46.2381,-116.6232,1965,2015
USC00109840,WINCHESTER 1 SE,US-ID,46.23333,-116.61667,1939,1965
USC00109950,YELLOWPINE,US-ID,44.9628,-115.496,1926,2025
USC00109951,YELLOWPINE 7 S,US-ID,44.8541,-115.5115,1970,2007
USC00112931,1 ENE FAIRFIELD,US-IL,38.39055,-88.35017,1895,2025
USC00115515,1 N MCLEANSBORO,US-IL,38.10062,-88.533,1893,2024
USC00110055,ALBION,US-IL,38.3777,-88.0569,1893,2006
USC00110072,ALEDO,US-IL,41.20693,-90.74187,1901,2025
USC00110137,ALTON MELVIN PRICE LOCK AND DAM,US-IL,38.86702,-90.14886,1892,2025
USC00110140,ALTONA,US-IL,41.1204,-90.1641,2005,2025
USC00110187,ANNA 4 N,US-IL,37.52233,-89.24849,1895,2025
USC00110195,ANNAWAN,US-IL,41.4,-89.91667,1941,1960
USC00110203,ANTIOCH,US-IL,42.4811,-88.0994,1901,2008
USC00110247,ARLINGTON HEIGTS 4 S,US-IL,42.03333,-87.96667,1940,1962
USC00110286,ASHTON,US-IL,41.85,-89.26667,1895,1909
USC00110306,ATHENS 4 SW,US-IL,39.9275,-89.7964,2000,2025
USC00110338,AURORA WATER,US-IL,41.78038,-88.30925,1893,2025
USC00110356,AVON,US-IL,40.6632,-90.4447,1950,2025
USC00110440,BARRINGTON,US-IL,42.15,-88.13333,1962,1967
USC00110442,BARRINGTON 3 SW,US-IL,42.11522,-88.16396,1962,2025
USC00110445,BARRY,US-IL,39.68333,-91.05,1941,1976
USC00110492,BEARDSTOWN,US-IL,40.0165,-90.4277,1896,2014
USC00110500,BEECHER CITY,US-IL,39.18122,-88.78266,1974,2025
USW00013802,BELLEVILLE SIU RESEARCH,US-IL,38.51839,-89.84076,1948,2025
USC00110598,BENTLEY,US-IL,40.3444,-91.1124,1948,2025
USC00110608,BENTON,US-IL,38.0336,-88.9202,1948,2009
USC00110670,BIRDS 2 E,US-IL,38.837,-87.6285,2009,2012
USW00054831,BLOOMINGTON NORMAL AIRPORT,US-IL,40.48333,-88.95,2011,2025
USC00110761,BLOOMINGTON WATERWORKS,US-IL,40.4962,-88.9994,1949,2025
USC00110781,BLUFFS,US-IL,39.75,-90.53333,1940,1986
USW00014816,BRADFORD,US-IL,41.23333,-89.61667,1948,1959
USC00110993,BROOKPORT DAM 52,US-IL,37.1275,-88.653,1928,2018
USW00003960,CAHOKIA ST LOUIS DOWNTOWN AIRPORT,US-IL,38.56402,-90.14869,1997,2025
USW00093809,CAIRO 3 N,US-IL,37.04014,-89.18422,1908,2023
USC00111250,CANTON,US-IL,40.5379,-90.0421,1940,2025
USC00111265,CARBONDALE SEWAGE PLANT,US-IL,37.7308,-89.1658,1894,2025
USW00093810,CARBONDALE SOUTHERN ILLINOIS AIRPORT,US-IL,37.78329,-89.24533,1998,2025
USC00111280,CARLINVILLE,US-IL,39.2881,-89.8697,1893,2022
USC00111288,CARLYLE,US-IL,38.6,-89.36667,1893,1964
USC00111290,CARLYLE RESERVOIR,US-IL,38.6249,-89.363,1962,2025
USC00111296,CARMI 6 NW,US-IL,38.14972,-88.22444,1911,2000
USC00111329,CASEY,US-IL,39.2975,-87.9746,1893,2025
USC00111386,CENTRALIA,US-IL,38.55556,-89.12977,1899,2025
USC00118740,CHAMPAIGN 3 S,US-IL,40.08408,-88.24039,1902,2025
USW00094870,CHAMPAIGN URBANA WILLARD AIRPORT,US-IL,40.0324,-88.27547,1997,2025
USC00111412,CHANDLERVILLE RIVER,US-IL,40.06417,-90.15111,1939,1962
USC00111420,CHANNAHON DRESDEN ISLAND,US-IL,41.3978,-88.2819,1943,2013
USC00111436,CHARLESTON,US-IL,39.4762,-88.1652,1896,2025
USC00111475,CHENOA,US-IL,40.74076,-88.71802,1948,2023
USC00111491,CHESTER,US-IL,37.90208,-89.83085,1905,2025
USW00004808,CHICAGO AURORA MUNICIPAL AIRPORT,US-IL,41.77132,-88.48148,1998,2025
USC00111497,CHICAGO BOTANIC GARDEN,US-IL,42.13987,-87.78537,1981,2019
USC00111527,CHICAGO HEIGHTS,US-IL,41.5,-87.63333,1901,1952
USW00014819,CHICAGO MIDWAY AIRPORT,US-IL,41.78412,-87.75514,1997,2025
USC00111577,CHICAGO MIDWAY AIRPORT 3 SW,US-IL,41.73727,-87.77734,1928,2025
USW00094846,CHICAGO OHARE INTERNATIONAL AIRPORT,US-IL,41.96017,-87.93164,1946,2025
USW00004838,CHICAGO PALWAUKEE AIRPORT,US-IL,42.12076,-87.90479,1996,2025
USW00014892,CHICAGO UNIVERSITY,US-IL,41.78333,-87.6,1926,1994
USW00014880,CHICAGO WAUKEGAN REGIONAL AIRPORT,US-IL,42.42546,-87.8634,1999,2025
USW00014881,CHICAGO WEATHER BUREAU CITY 2,US-IL,41.88333,-87.63333,1836,1965
USW00094892,CHICAGO WEST CHICAGO DUPAGE AIRPORT,US-IL,41.89641,-88.25119,1997,2025
USC00111627,CHILLICOTHE,US-IL,40.9152,-89.5031,1941,2010
USC00111648,CICERO,US-IL,41.85,-87.76667,1933,1959
USC00111743,CLINTON 1 SSW,US-IL,40.1375,-88.9671,1910,2025
USC00111836,CONGERVILLE 2 NW,US-IL,40.6211,-89.2415,1990,2025
USC00112048,CRYSTAL LAKE 4 NW,US-IL,42.26123,-88.39531,1991,2025
USC00112140,DANVILLE,US-IL,40.1391,-87.6479,1895,2025
USC00112145,DANVILLE SEWAGE PLANT,US-IL,40.1019,-87.5961,1948,2025
USC00112223,DE KALB,US-IL,41.93417,-88.77556,1966,2025
USW00003887,DECATUR AIRPORT,US-IL,39.83079,-88.87192,2000,2025
USC00112193,DECATUR WTP,US-IL,39.8288,-88.9505,1893,2025
USC00112353,DIXON SPRINGS AGRIC CNTR,US-IL,37.4388,-88.6678,1967,2025
USC00112348,DIXON WWTP,US-IL,41.83497,-89.51364,1893,2025
USC00112483,DU QUOIN 4 SE,US-IL,37.9877,-89.193,1893,2025
USC00112497,DWIGHT,US-IL,41.1,-88.41667,1896,1950
USC00112500,DWIGHT WWTP,US-IL,41.10673,-88.41089,1990,2025
USC00112614,EAST ST LOUIS PARKS COLLEGE,US-IL,38.56667,-90.18333,1910,1968
USC00112679,EDWARDSVILLE 2 W,US-IL,38.80934,-90.00344,1893,2025
USC00112687,EFFINGHAM,US-IL,39.1181,-88.6244,1893,2020
USC00112736,ELGIN WATER,US-IL,42.06278,-88.28617,1897,2025
USC00112745,ELIZABETH,US-IL,42.3162,-90.2269,1984,2025
USC00112750,ELIZABETHTOWN,US-IL,37.45,-88.3,1942,1968
USC00112800,ELSAH PRINCIPIA COL,US-IL,38.95,-90.35,1943,1960
USC00112993,FARMER CITY 3 W,US-IL,40.2538,-88.7075,1948,2015
USC00113109,FLORA 5 NW,US-IL,38.7103,-88.5758,1893,2009
USC00113257,FREEPORT,US-IL,42.3,-89.61667,1909,1973
USC00113262,FREEPORT WASTEWATER PLANT,US-IL,42.2972,-89.6038,1948,2025
USC00113290,FULTON LOCK AND DAM NUMBER 13,US-IL,41.8978,-90.1545,1938,2025
USC00113312,GALENA,US-IL,42.39895,-90.43996,1895,2022
USC00113320,GALESBURG,US-IL,40.9464,-90.3856,1895,2025
USC00113335,GALVA,US-IL,41.1738,-90.0351,1893,2025
USC00113369,GEBHARD WOODS ST PK,US-IL,41.35,-88.43333,1970,1995
USW00014842,GENERAL WAYNE A. DOWNING INTERNATIONAL AIRPORT,US-IL,40.66747,-89.68418,1943,2025
USC00113384,GENESEO,US-IL,41.4511,-90.1487,1895,2025
USC00113413,GIBSON CITY,US-IL,40.47306,-88.36528,1935,2008
USC00113455,GLADSTONE L D 18,US-IL,40.8821,-91.0234,1938,2025
USW00014855,GLENVIEW NAS,US-IL,42.08333,-87.83333,1945,1995
USC00113522,GOLCONDA RIVER,US-IL,37.37889,-88.48944,1893,1980
USC00113530,GOLDEN,US-IL,40.10639,-91.02222,1913,2008
USC00113595,GRAND TOWER 2 N,US-IL,37.6591,-89.5102,1940,2009
USC00113612,GRAYVILLE,US-IL,38.2758,-87.9988,1897,2013
USC00113693,GREENVILLE,US-IL,38.8649,-89.4052,1893,2019
USC00113709,GRIDLEY,US-IL,40.75,-88.88333,1940,1960
USC00113717,GRIGGSVILLE,US-IL,39.7377,-90.7086,1893,2015
USC00113879,HARRISBURG,US-IL,37.7408,-88.5244,1898,2025
USC00113884,HARRISBURG DISPOSAL,US-IL,37.75,-88.53333,1946,1986
USC00113930,HAVANA,US-IL,40.3,-90.05,1893,1966
USC00113940,HAVANA,US-IL,40.303,-90.0647,1917,2025
USC00114012,HENNEPIN,US-IL,41.2541,-89.3379,2011,2025
USC00114013,HENNEPIN POWER PLANT,US-IL,41.26472,-89.33806,1962,2009
USC00114078,HIDALGO 3 SW,US-IL,39.1396,-88.1905,2004,2014
USC00114089,HIGHLAND,US-IL,38.73082,-89.65299,1977,2025
USC00114108,HILLSBORO,US-IL,39.16103,-89.49201,1895,2025
USC00114198,HOOPESTON,US-IL,40.4664,-87.6851,1902,2025
USC00114317,HUTSONVILLE,US-IL,39.11001,-87.66572,1946,2025
USC00114355,ILLINOIS CITY DAM 16,US-IL,41.4255,-91.0094,1943,2025
USC00114363,INA,US-IL,38.15,-88.9,1972,1990
USC00114400,IUKA 12 SW,US-IL,38.49321,-88.97073,1997,2025
USC00114447,JACKSONVILLE 2,US-IL,39.7133,-90.2285,1948,2025
USC00114442,JACKSONVILLE 2 E,US-IL,39.7346,-90.1979,1895,2025
USC00114489,JERSEYVILLE 2 SW,US-IL,39.10246,-90.34315,1940,2025
USW00014834,JOLIET,US-IL,41.5,-88.16667,1893,2025
USC00114530,JOLIET BRANDON ROAD LOCK DAM,US-IL,41.50339,-88.10339,1943,2025
USC00114593,KANKAKEE 3 SW,US-IL,41.08333,-87.91667,1917,1973
USC00114603,KANKAKEE WWTP,US-IL,41.13506,-87.88564,1948,2025
USC00114655,KEITHSBURG,US-IL,41.09944,-90.93944,1895,2009
USC00114710,KEWANEE 1 E,US-IL,41.2429,-89.8997,1939,2025
USC00114823,LA HARPE,US-IL,40.58357,-90.98037,1895,2025
USC00114805,LACON,US-IL,41.0187,-89.4153,1950,2025
USC00114957,LAWRENCEVILLE 2 WSW,US-IL,38.7239,-87.7196,1962,2025
USW00013809,LAWRENCEVILLE VINCENNES INTERNATIONAL AIRPORT,US-IL,38.76046,-87.59902,1996,2025
USC00115079,LINCOLN,US-IL,40.152,-89.3387,1906,2025
USC00115110,LITTLE RED SCHOOL HOUSE,US-IL,41.70883,-87.87695,1992,2025
USC00115272,MACKINAW 3 WSW,US-IL,40.52408,-89.4207,1940,2025
USC00115280,MACOMB,US-IL,40.4786,-90.6698,1902,2025
USC00115294,MAKANDA 1 NW,US-IL,37.63333,-89.23333,1951,1976
USC00115326,MARENGO,US-IL,42.2637,-88.6079,1893,2018
USC00115342,MARION 4 NNE,US-IL,37.77483,-88.89817,1942,2025
USC00115372,MARSEILLES LOCK DAM,US-IL,41.32836,-88.75321,1941,2025
USC00115380,MARSHALL,US-IL,39.3908,-87.6967,1939,2004
USC00115405,MASCOUTAH,US-IL,38.48333,-89.8,1893,1954
USC00115413,MASON CITY 4 SE,US-IL,40.1643,-89.6511,1937,2013
USC00115430,MATTOON,US-IL,39.473,-88.3551,1893,2025
USW00053802,MATTOON CHARLESTON COLES CO AIRPORT,US-IL,39.47437,-88.27235,1998,2025
USC00115498,MC HENRY 2 S,US-IL,42.31667,-88.25,1940,1960
USC00115493,MCHENRY STRATTON LOCK DAM,US-IL,42.3098,-88.25334,1948,2025
USC00115712,MINONK,US-IL,40.91254,-89.03378,1895,2025
USW00014923,MOLINE QUAD CITY INTERNATIONAL AIRPORT,US-IL,41.44816,-90.52365,1943,2025
USC00115768,MONMOUTH,US-IL,40.9443,-90.6381,1893,2025
USC00115772,MONMOUTH 4 NW,US-IL,40.9362,-90.7197,1995,2025
USC00115791,MONTICELLO,US-IL,40.03333,-88.56667,1899,1964
USC00115825,MORRIS 1 NW,US-IL,41.37132,-88.43323,1911,2025
USC00115833,MORRISON,US-IL,41.79457,-89.96819,1895,2025
USC00115841,MORRISONVILLE,US-IL,39.4157,-89.4615,1948,2025
USC00115846,MORRISONVILLE 4 SE,US-IL,39.38333,-89.4,1895,1971
USC00115888,MOUNT CARMEL,US-IL,38.4105,-87.7577,1891,2011
USC00115893,MOUNT CARMEL 4 NW,US-IL,38.45,-87.78333,1902,1977
USC00115901,MOUNT CARROLL,US-IL,42.09726,-89.98319,1895,2025
USC00115917,MOUNT OLIVE 1 E,US-IL,39.07273,-89.70138,1940,2025
USC00115927,MOUNT PULASKI,US-IL,40.0074,-89.2829,1893,2025
USC00115935,MOUNT STERLING,US-IL,39.9841,-90.7525,1942,2018
USC00115943,MOUNT VERNON 3 NE,US-IL,38.362,-88.8598,1895,2025
USC00115950,MOWEAQUA 2 S,US-IL,39.5879,-89.0159,1963,2025
USC00116011,NASHVILLE 1 E,US-IL,38.34189,-89.35926,1895,2019
USC00116085,NEW BOSTON,US-IL,41.16667,-91.0,1948,1960
USC00116080,NEW BOSTON DAM 17,US-IL,41.19254,-91.05737,1938,2025
USC00116093,NEW BURNSIDE,US-IL,37.58333,-88.76667,1895,1964
USC00116069,NEWARK 8 E,US-IL,41.55,-88.43333,1941,1964
USC00116159,NEWTON 6 SSE,US-IL,38.91361,-88.11833,1911,2003
USC00110766,NORMAL 4 NE,US-IL,40.51667,-89.0,1893,1977
USC00116200,NORMAL 4 NE,US-IL,40.54917,-88.94968,1977,2025
USC00116344,OGDEN,US-IL,40.1101,-87.9567,2001,2025
USC00116383,OLIVE BRANCH,US-IL,37.17417,-89.35056,1983,1999
USC00113580,OLMSTED LOCK AND DAM,US-IL,37.18457,-89.06586,1923,2025
USC00116446,OLNEY 2 S,US-IL,38.70043,-88.08193,1893,2025
USC00116492,OREGON WATERWORKS,US-IL,42.01667,-89.33333,1893,1956
USC00116526,OTTAWA 4 SW,US-IL,41.32817,-88.90971,1892,2025
USC00116558,PALESTINE,US-IL,38.99943,-87.61393,1893,2023
USC00116579,PANA,US-IL,39.3687,-89.0867,1893,2025
USC00116610,PARIS STP,US-IL,39.6185,-87.6672,1893,2025
USC00116616,PARK FOREST WATER,US-IL,41.49453,-87.67951,1952,2025
USW00014810,PARK RIDGE,US-IL,42.01694,-87.83333,1949,2003
USC00116661,PAW PAW 2 S,US-IL,41.66533,-88.97797,1912,2025
USC00116670,PAYSON,US-IL,39.8208,-91.2436,1948,2010
USW00014874,PEORIA CITY OFFICE,US-IL,40.71667,-89.6,1905,1943
USC00116725,PEOTONE,US-IL,41.33383,-87.78908,1940,2025
USC00116738,PERRY 6 NW,US-IL,39.80581,-90.82383,1992,2025
USC00114922,PERU,US-IL,41.33333,-89.13333,1901,1963
USC00116753,PERU,US-IL,41.34961,-89.10738,1963,2025
USC00116769,PHILO,US-IL,40.00626,-88.15295,1893,2025
USC00116819,PIPER CITY,US-IL,40.7569,-88.1827,1940,2012
USC00116897,POLO 5 NW,US-IL,42.03442,-89.60733,1995,2017
USC00116910,PONTIAC,US-IL,40.8777,-88.6364,1903,2017
USC00116998,PRINCETON,US-IL,41.367,-89.45247,1987,2024
USC00117004,PRINCEVILLE 2 W,US-IL,40.9274,-89.7563,1905,2013
USC00117067,QUINCY,US-IL,39.95,-91.4,1901,1977
USC00117077,QUINCY DAM 21,US-IL,39.90355,-91.42832,1937,2025
USC00117082,QUINCY MEMORIAL BRID,US-IL,39.9325,-91.41472,1892,1992
USW00093989,QUINCY REGIONAL AIRPORT,US-IL,39.93709,-91.19661,1948,2025
USC00117126,RAMSEY,US-IL,39.14799,-89.10234,1974,2022
USW00014806,RANTOUL,US-IL,40.3131,-88.1596,1893,2025
USC00117157,RED BUD 2 S,US-IL,38.17839,-89.97872,1947,2025
USC00117187,REND LAKE DAM,US-IL,38.0405,-88.9883,1974,2025
USC00117336,ROBERTS 3 N,US-IL,40.66667,-88.18333,1911,1968
USC00117354,ROCHELLE,US-IL,41.9116,-89.0708,1978,2020
USC00117349,ROCHELLE 6 NW,US-IL,41.95,-89.16667,1923,1978
USC00117375,ROCKFORD,US-IL,42.28333,-89.08333,1893,1957
USC00117377,ROCKFORD 6 ENE,US-IL,42.3,-88.98333,1950,1984
USW00014844,ROCKFORD CAA AIRPORT,US-IL,42.35,-89.05,1900,1955
USW00094822,ROCKFORD GREATER ROCKFORD AIRPORT,US-IL,42.19325,-89.093348,1951,2025
USC00117400,ROCKPORT,US-IL,39.53333,-91.01667,1948,1971
USC00117457,ROMEOVILLE WEATHER FORECAST OFFICE,US-IL,41.60413,-88.08497,1997,2025
USC00117470,ROSCOE 2 SE,US-IL,42.405,-88.9794,2003,2020
USC00117551,RUSHVILLE,US-IL,40.12762,-90.55913,1893,2021
USC00117636,SALEM,US-IL,38.64027,-88.94586,1915,2025
USC00117859,SHAWNEETOWN OLD TOWN,US-IL,37.6977,-88.1336,1892,2018
USC00117916,SHIRLAND,US-IL,42.4436,-89.1975,1959,2022
USC00117952,SIDELL 4 N,US-IL,39.9677,-87.8228,1913,2025
USC00117988,SKOKIE,US-IL,42.08333,-87.76667,1954,1962
USC00118091,SOUTH PEKIN 2 E,US-IL,40.4918,-89.598,1999,2005
USC00118147,SPARTA 1 W,US-IL,38.11667,-89.71667,1893,2015
USC00118189,SPRINGFIELD 4 SE,US-IL,39.76667,-89.6,1941,1973
USW00093822,SPRINGFIELD ABRAHAM LINCOLN CAPITAL AIRPORT,US-IL,39.84529,-89.68401,1901,2025
USC00118186,SPRINGFIELD NUMBER 2,US-IL,39.79677,-89.67702,2003,2023
USC00118293,STOCKTON 3 NNE,US-IL,42.3996,-89.9902,1943,2025
USC00118324,STREAMWOOD,US-IL,42.02556,-88.17833,1994,2011
USC00118353,STREATOR 2 SE,US-IL,41.09065,-88.816,1893,2025
USC00118452,SYCAMORE,US-IL,41.98333,-88.68333,1893,1965
USC00118460,TABLE GROVE,US-IL,40.36667,-90.43333,1941,1956
USC00118491,TAYLORVILLE 2 SE,US-IL,39.52247,-89.26359,1941,2025
USC00118604,TISKILWA 2 SE,US-IL,41.26667,-89.46667,1895,1990
USC00118630,TOULON,US-IL,41.0908,-89.8615,1942,2017
USC00118684,TUSCOLA,US-IL,39.79465,-88.29106,1893,2025
USC00118756,UTICA STARVED ROCK D,US-IL,41.32417,-88.98583,1943,2005
USC00118781,VANDALIA,US-IL,38.95788,-89.09518,1899,2025
USW00003838,VANDALIA FAA AIRPORT,US-IL,38.98333,-89.16667,1951,1973
USC00118797,VARNA,US-IL,41.0389,-89.2289,1991,2014
USC00118860,VIRDEN,US-IL,39.50611,-89.76889,1941,2011
USC00118916,WALNUT,US-IL,41.55189,-89.59895,1893,2025
USC00118976,WARSAW,US-IL,40.35,-91.43333,1882,1962
USC00119002,WATERLOO 6 SW,US-IL,38.27003,-90.23301,1911,2025
USC00119021,WATSEKA PUBLIC WORKS,US-IL,40.7831,-87.73719,1893,2025
USC00119029,WAUKEGAN,US-IL,42.34917,-87.88278,1923,2002
USC00119221,WHEATON 3 SE,US-IL,41.8127,-88.0727,1895,2007
USC00119241,WHITE HALL 1 E,US-IL,39.4408,-90.3788,1893,2025
USC00119331,WINCHESTER,US-IL,39.6351,-90.4527,1897,2015
USC00119354,WINDSOR,US-IL,39.4459,-88.5962,1904,2025
USC00127125,1 WSW PRINCETON,US-IN,38.35178,-87.59257,1893,2025
USC00120076,ALBION 5 E,US-IN,41.4,-85.33333,1916,1972
USC00120177,ANDERSON 1 N,US-IN,40.1167,-85.68131,1895,2025
USC00120182,ANDERSON WATERWORKS,US-IN,40.1051,-85.6716,1910,2012
USC00120200,ANGOLA,US-IN,41.6639,-85.0183,1893,2025
USC00120334,AUBURN 2 SSE,US-IN,41.33333,-85.05,1896,1988
USC00120545,BEDFORD,US-IN,38.85,-86.5,1939,1978
USC00120550,BEDFORD 4 SW,US-IN,38.8396,-86.5216,1947,2017
USC00120676,BERNE WWTP,US-IN,40.6683,-84.93,1910,2025
USC00120784,BLOOMINGTON INDIANA UNIVERSITY,US-IN,39.17399,-86.52076,1895,2025
USW00003893,BLOOMINGTON MONROE CO AIRPORT,US-IN,39.14317,-86.61676,1998,2025
USC00120830,BLUFFTON 6 N,US-IN,40.8143,-85.1546,1971,2023
USC00120831,BLUFFTON WATERWORKS,US-IN,40.73333,-85.16667,1895,1958
USC00120852,BOONVILLE 1 S,US-IN,38.0302,-87.2736,1897,2025
USC00120858,BOSWELL 4 WNW,US-IN,40.535,-87.4531,1989,2010
USC00121030,BROOKVILLE,US-IN,39.42387,-85.01445,1925,2025
USC00121192,BUTLERVILLE 1 WNW,US-IN,39.03556,-85.53056,1983,1990
USC00121229,CAMBRIDGE CITY 3 N,US-IN,39.86667,-85.18333,1893,2001
USC00121303,CARMEL 3 E,US-IN,39.9617,-86.0585,1998,2025
USC00121326,CASTLETON 2 S,US-IN,39.8801,-86.0514,1998,2025
USC00121425,CHARLESTOWN,US-IN,38.65,-85.7,1962,2001
USC00121734,COLUMBIA CITY,US-IN,41.15,-85.48333,1893,1963
USC00121739,COLUMBIA CITY,US-IN,41.1452,-85.4898,1948,2025
USC00121747,COLUMBUS,US-IN,39.166,-85.9227,1893,2025
USW00013803,COLUMBUS BAKALAR MUNICIPAL AIRPORT,US-IN,39.26667,-85.9,1949,1970
USC00121869,CRANE NSA,US-IN,38.8725,-86.8349,1942,2007
USC00121873,CRAWFORDSVILLE 6 SE,US-IN,40.0028,-86.8011,1982,2025
USC00121952,CULVER EXPERIMENT FA,US-IN,41.16667,-86.46667,1958,1975
USC00122096,DECATUR 1 N,US-IN,40.8483,-84.9299,1931,2025
USC00122149,DELPHI,US-IN,40.615,-86.666,1893,2011
USC00122309,DUBOIS SRN IN FORAGE FARM,US-IN,38.4558,-86.6983,1955,2025
USC00122605,ELLISTON,US-IN,39.0313,-86.9371,1908,2025
USC00122638,ELWOOD,US-IN,40.2873,-85.8453,1948,2013
USC00122731,EVANSVILLE MUSEUM,US-IN,37.965,-87.57305,1949,2025
USW00093817,EVANSVILLE REGIONAL AIRPORT,US-IN,38.05015,-87.51465,1948,2025
USC00122813,FARMERSBURG,US-IN,39.25,-87.38333,1899,1952
USC00122825,FARMLAND 5 NNW,US-IN,40.2538,-85.1484,1893,2025
USW00014805,FORT WAYNE BAER FIELD,US-IN,41.01667,-85.21667,1951,1952
USW00014827,FORT WAYNE INTERNATIONAL AIRPORT,US-IN,40.97248,-85.20636,1939,2025
USC00123062,FOWLER,US-IN,40.61667,-87.31667,1927,1971
USC00123082,FRANKFORT DISPOSAL,US-IN,40.2986,-86.5066,1914,2025
USC00122549,FREELANDVILLE,US-IN,38.8,-87.23333,1923,1983
USC00123213,GARY,US-IN,41.61667,-87.38333,1936,1979
USC00123418,GOSHEN 3 SW,US-IN,41.5575,-85.8825,1914,2025
USW00014829,GOSHEN MUNICIPAL AIRPORT,US-IN,41.52651,-85.78721,1948,2025
USC00123513,GREENCASTLE 1 E,US-IN,39.644,-86.8766,1895,2013
USC00123527,GREENFIELD,US-IN,39.7858,-85.7611,1903,2025
USC00123547,GREENSBURG,US-IN,39.3475,-85.4891,1896,2021
USC00123777,HARTFORD CITY 4 ESE,US-IN,40.4355,-85.2891,1948,2025
USC00123915,HENRYVILLE STATE FOR,US-IN,38.56667,-85.76667,1912,1970
USC00124008,HOBART 2 WNW,US-IN,41.54222,-87.28806,1919,2000
USC00124113,HOWE MILITARY SCHOOL,US-IN,41.71667,-85.41667,1905,1953
USC00124168,HUNTINGBURG AIRPORT,US-IN,38.26667,-86.95,1893,1957
USC00124176,HUNTINGTON,US-IN,40.88333,-85.5,1893,1979
USC00124244,INDIANA DUNES NATIONAL PARK,US-IN,41.63178,-87.08803,1989,2025
USW00053842,INDIANAPOLIS EAGLE CREEK AIRPORT,US-IN,39.82483,-86.29583,1996,2025
USW00093819,INDIANAPOLIS INTERNATIONAL AIRPORT,US-IN,39.72515,-86.2816,1942,2025
USC00124356,JAMESTOWN 2 E,US-IN,39.9237,-86.5984,1953,2024
USC00124372,JASPER,US-IN,38.3856,-86.9406,1893,2013
USC00124382,JEFFERSONVILLE,US-IN,38.28333,-85.75,1893,1973
USC00124407,JOHNSON EXPERIMENT F,US-IN,38.26667,-87.75,1936,1979
USC00124527,KENTLAND,US-IN,40.75917,-87.43528,1939,2008
USC00124550,KEWANNA 7 NW,US-IN,41.08333,-86.51667,1977,1991
USC00124642,KNIGHTSTOWN 2 ENE,US-IN,39.8075,-85.4877,1896,2012
USC00124657,KNOX WWTP,US-IN,41.3053,-86.6285,1897,2025
USC00124662,KOKOMO 3 WSW,US-IN,40.4582,-86.1758,1901,2025
USC00124667,KOKOMO 5 WSW,US-IN,40.4614,-86.2122,1948,2018
USC00124715,LAFAYETTE 8 S,US-IN,40.2963,-86.9027,1954,2025
USW00014835,LAFAYETTE PURDUE UNIVERSITY AIRPORT,US-IN,40.41236,-86.94739,1944,2025
USC00124730,LAGRANGE,US-IN,41.6474,-85.4121,1962,2015
USC00124837,LAPORTE,US-IN,41.6116,-86.7297,1897,2025
USC00125050,LIBERTY 3 SSE,US-IN,39.5903,-84.9208,1957,2007
USC00125117,LOGANSPORT CICOTT ST.,US-IN,40.7477,-86.3877,1891,2025
USC00125122,LOGANSPORT RADIO WSA,US-IN,40.75,-86.35,1955,1990
USC00125174,LOWELL WWTP,US-IN,41.26433,-87.41748,1963,2025
USC00125217,LYNNWOOD FARMS,US-IN,39.96667,-86.05,1976,1988
USC00125237,MADISON SEWAGE PLANT,US-IN,38.7369,-85.3941,1892,2025
USC00125337,MARION 2 N,US-IN,40.58,-85.6586,1893,2025
USC00125381,MARKLAND DAM 39,US-IN,38.78333,-84.96667,1901,1959
USC00125407,MARTINSVILLE 2 SW,US-IN,39.40427,-86.45262,1922,2025
USC00125607,MICHIGAN CITY,US-IN,41.7,-86.81667,1959,1971
USC00125656,MILAN WATERWORKS,US-IN,39.11667,-85.13333,1955,1961
USC00125837,MONTICELLO,US-IN,40.755,-86.76222,1910,2002
USC00125873,MOORES HILL,US-IN,39.11667,-85.1,1902,1959
USC00126001,MOUNT VERNON,US-IN,37.9286,-87.8955,1888,2025
USC00126023,MUNCIE,US-IN,40.1825,-85.3497,1946,2025
USC00126018,MUNCIE 4 SE,US-IN,40.13333,-85.35,1893,1962
USW00094895,MUNCIE DELAWARE CO AIRPORT,US-IN,40.23451,-85.39356,1962,2025
USC00126056,NASHVILLE 2 NNE,US-IN,39.2401,-86.2295,1912,2019
USC00126164,NEW CASTLE 3 SW,US-IN,39.8942,-85.3953,1949,2025
USC00126179,NEW HARMONY,US-IN,38.1341,-87.948,1933,1990
USC00126151,NEWBURGH LOCK AND DAM,US-IN,37.9325,-87.3744,1928,2025
USC00126435,NORTH VERNON 2 ESE,US-IN,39.00098,-85.59956,1938,2025
USC00126465,NOTRE DAME MOREAU SEM,US-IN,41.7,-86.23333,1948,1953
USC00126506,OAKLANDON GEIST RESERVOIR,US-IN,39.9,-85.98333,1937,1998
USC00126542,OGDEN DUNES,US-IN,41.61667,-87.18333,1951,1989
USC00126580,OOLITIC PURDUE EX FRM,US-IN,38.88855,-86.55169,1893,2025
USC00126625,OSGOOD,US-IN,39.13333,-85.28333,1961,1968
USC00126697,PALMYRA,US-IN,38.4075,-86.1105,1948,2009
USC00126705,PAOLI,US-IN,38.5555,-86.4858,1898,2019
USC00126808,PENDLETON REFORMATOR,US-IN,39.98333,-85.76667,1943,1966
USC00126830,PERRYSVILLE 4 WNW,US-IN,40.0738,-87.5066,1981,2025
USC00126864,PERU,US-IN,40.7646,-86.074,1898,2024
USW00094833,PERU GRISSOM AFB,US-IN,40.65,-86.15,1955,1970
USC00126872,PETERSBURG 61 BRIDGE,US-IN,38.465,-87.2657,1934,2009
USC00127028,PLYMOUTH POWER SUBST,US-IN,41.33333,-86.31667,1894,1989
USC00127069,PORTLAND 1 SW,US-IN,40.4174,-84.9925,1946,2025
USC00127102,PRAIRIE HEIGHTS,US-IN,41.64,-85.19667,1973,2000
USC00121719,RENSSELAER,US-IN,40.91667,-87.15,1894,1970
USC00127298,RENSSELAER WWTP,US-IN,40.92386,-87.17539,1970,2025
USC00127370,RICHMOND WATER WORKS,US-IN,39.8544,-84.8779,1968,2025
USC00127362,RICHMOND WATERWORKS,US-IN,39.85,-84.85,1896,1968
USC00127482,ROCHESTER,US-IN,41.0665,-86.2096,1904,2025
USC00127522,ROCKVILLE,US-IN,39.7594,-87.2269,1893,2025
USC00127646,RUSHVILLE,US-IN,39.6042,-85.4532,1901,2025
USC00127747,SALAMONIA,US-IN,40.38333,-84.86667,1906,1976
USC00127755,SALEM,US-IN,38.6157,-86.0855,1897,2012
USC00127875,SCOTTSBURG,US-IN,38.68861,-85.785,1894,2008
USC00127935,SEYMOUR 1 WSW,US-IN,38.9543,-85.90452,1893,2025
USC00127959,SHAKAMAK STATE PARK,US-IN,39.1613,-87.2436,1989,2025
USW00053866,SHELBYVILLE MUNICIPAL AIRPORT,US-IN,39.58545,-85.79982,1998,2025
USC00127999,SHELBYVILLE SEWAGE PLANT,US-IN,39.5282,-85.7914,1893,2025
USC00128036,SHOALS 8 S,US-IN,38.5529,-86.7944,1908,2025
USW00014848,SOUTH BEND AIRPORT,US-IN,41.70722,-86.31628,1893,2025
USC00128290,SPENCER,US-IN,39.28385,-86.77048,1946,2025
USC00128352,SPURGEON,US-IN,38.25,-87.25,1962,1994
USC00128698,TELL CITY,US-IN,37.953,-86.7747,1937,2025
USW00003868,TERRE HAUTE HULMAN REGIONAL AIRPORT,US-IN,39.4429,-87.32206,1961,2025
USW00093823,TERRE HAUTE HULMAN REGIONAL AIRPORT,US-IN,39.45,-87.3,1875,2025
USC00128723,TERRE HAUTE INDIANA STATE,US-IN,39.4708,-87.408,1954,2020
USC00128784,TIPTON 5 SW,US-IN,40.2233,-86.1086,1971,2025
USC00128848,TRAFALGAR,US-IN,39.40694,-86.16028,1989,1991
USC00128992,VALPARAISO 5 NNE,US-IN,41.5436,-87.0319,2003,2014
USW00004846,VALPARAISO PORTER CO MUNICIPAL AIRPORT,US-IN,41.4535,-86.997964,1997,2025
USC00128999,VALPARAISO WATERWORK,US-IN,41.51139,-87.03778,1893,2005
USC00129040,VEEDERSBURG,US-IN,40.11667,-87.26667,1893,1952
USC00129064,VERSAILLES,US-IN,39.06667,-85.25,1969,1977
USC00129080,VEVAY,US-IN,38.74361,-85.07611,1884,2006
USC00129112,VINCENNES 4 E,US-IN,38.6786,-87.4632,1894,2024
USC00129113,VINCENNES 5 NE,US-IN,38.7386,-87.4877,1982,2025
USC00129381,W BADEN SPRINGS COLL,US-IN,38.56667,-86.61667,1946,1964
USC00129138,WABASH,US-IN,40.7917,-85.8258,1922,2025
USC00129222,WANATAH 2 WNW,US-IN,41.4439,-86.9294,1961,2025
USC00129240,WARSAW,US-IN,41.2634,-85.8677,1896,2025
USC00129253,WASHINGTON 1 W,US-IN,38.6489,-87.1989,1896,2025
USC00129271,WATERLOO,US-IN,41.49306,-85.04528,1938,2003
USC00129430,WEST LAFAYETTE 6 NW,US-IN,40.475,-86.9919,1901,2025
USC00129511,WHEATFIELD,US-IN,41.1947,-87.0577,1916,2004
USC00129557,WHITESTOWN,US-IN,39.9962,-86.3543,1901,2025
USC00129570,WHITING,US-IN,41.65,-87.48333,1909,1962
USC00129605,WILLIAMS 3 SW,US-IN,38.7669,-86.6846,1921,2025
USC00129670,WINAMAC 2 SSE,US-IN,41.0267,-86.5866,1897,2025
USC00129724,WOODBURN 3 N,US-IN,41.1645,-84.8482,2009,2021
USC00129905,YOUNG AMERICA,US-IN,40.56204,-86.34214,1948,2025
USC00140010,ABILENE,US-KS,38.9266,-97.2129,1893,2025
USC00140069,AETNA,US-KS,37.06667,-98.96667,1938,1985
USC00140127,ALDEN,US-KS,38.25,-98.3,1948,1952
USC00140135,ALEXANDER,US-KS,38.4694,-99.5519,1940,2025
USC00140195,ALTA VISTA,US-KS,38.8663,-96.4892,1948,2025
USC00140201,ALTON,US-KS,39.47667,-98.97139,1902,2007
USW00013980,ANTHONY,US-KS,37.155,-98.0282,1896,2025
USC00140313,ARKANSAS CITY,US-KS,37.0631,-97.0399,1916,2025
USC00140365,ASHLAND,US-KS,37.1941,-99.7632,1900,2025
USC00140405,ATCHISON,US-KS,39.5755,-95.1108,1893,2025
USC00140431,ATTICA 6 WNW,US-KS,37.26667,-98.31667,1938,1993
USC00140439,ATWOOD,US-KS,39.79957,-101.04213,1920,2025
USC00140637,BEAUMONT,US-KS,37.6557,-96.5352,1943,2024
USC00140682,BELLEVILLE,US-KS,39.83242,-97.632,1935,2025
USC00140693,BELOIT,US-KS,39.4575,-98.1125,1893,2025
USC00140745,BENNINGTON 6 NNE,US-KS,39.11667,-97.56667,1931,1959
USC00140782,BETHEL 1 NW,US-KS,39.15,-94.78333,1941,1959
USC00140836,BIRD CITY 10 S,US-KS,39.6195,-101.5441,1916,2011
USC00140838,BIRD CITY 14 NNE,US-KS,39.93333,-101.5,1949,1959
USC00140865,BISON 3 NW,US-KS,38.5636,-99.2351,1923,2017
USC00140877,BLAINE,US-KS,39.4988,-96.4025,1955,2025
USC00140911,BLUE RAPIDS,US-KS,39.677,-96.663,1905,2025
USC00140957,BONNER SPRINGS,US-KS,39.06361,-94.896,1938,2021
USC00141029,BREWSTER 4 W,US-KS,39.3673,-101.4461,1940,2021
USC00141057,BROOKVILLE,US-KS,38.7711,-97.8563,1948,2025
USC00141104,BUCKLIN 1 SE,US-KS,37.5409,-99.6291,1893,2025
USC00141141,BURDETT 3 S,US-KS,38.14522,-99.53238,1941,2025
USC00141164,BURLINGTON,US-KS,38.19444,-95.73611,1894,1966
USC00141169,BURLINGTON 4 WSW,US-KS,38.18333,-95.8,1941,1954
USC00141179,BURR OAK 4 S,US-KS,39.79977,-98.30119,1900,2025
USC00141351,CASSODAY 2 SE,US-KS,38.0212,-96.6036,1948,2022
USC00141371,CAWKER CITY,US-KS,39.5068,-98.4305,1893,2025
USC00141383,CEDAR BLUFF DAM,US-KS,38.7978,-99.723,1949,2025
USC00141395,CEDAR VALE 5 SSE,US-KS,37.0348,-96.463,1955,2021
USC00141408,CENTRALIA,US-KS,39.7241,-96.1258,1909,2011
USW00013981,CHANUTE MARTIN JOHNSON AIRPORT,US-KS,37.6705,-95.48462,1894,2025
USC00141435,CHAPMAN,US-KS,38.96915,-97.01833,1904,2025
USC00141522,CIMARRON,US-KS,37.8133,-100.3456,1911,2025
USC00141536,CLAFLIN,US-KS,38.52737,-98.54056,1930,2025
USC00141559,CLAY CENTER,US-KS,39.3739,-97.1274,1902,2025
USC00141593,CLIFTON,US-KS,39.5722,-97.2836,1931,2025
USC00141602,CLIMAX,US-KS,37.71667,-96.23333,1948,1954
USC00141612,CLINTON LAKE,US-KS,38.9407,-95.3396,1977,2025
USC00141668,COFFEYVILLE,US-KS,37.03333,-95.61667,1894,1951
USW00093967,COFFEYVILLE MUNICIPAL AIRPORT,US-KS,37.0912,-95.57258,1996,2025
USC00141673,COFFEYVILLE WATER WRKS,US-KS,37.0613,-95.6355,1948,2025
USC00141696,COLBY,US-KS,39.4,-101.05,1893,1957
USC00141699,COLBY 1 SW,US-KS,39.3925,-101.0689,1950,2025
USC00141704,COLDWATER,US-KS,37.26949,-99.32139,1893,2025
USC00141730,COLLYER 10 S,US-KS,38.8971,-100.1135,1940,2025
USC00141740,COLUMBUS,US-KS,37.16806,-94.83002,1892,2025
USC00141761,CONCORDIA 2 SE,US-KS,39.55018,-97.64516,2003,2025
USW00013984,CONCORDIA ASOS,US-KS,39.55127,-97.65077,1885,2025
USC00141795,CONWAY SPRINGS 4 SW,US-KS,37.35691,-97.69451,1944,2025
USC00141858,COTTONWOOD FALLS,US-KS,38.3703,-96.5483,1902,2025
USC00141866,COUNCIL GROVE,US-KS,38.66667,-96.5,1908,1963
USC00141867,COUNCIL GROVE LAKE,US-KS,38.6758,-96.5096,1964,2025
USC00141874,COURTLAND,US-KS,39.7811,-97.8956,1961,2025
USC00141875,COVERT,US-KS,39.2425,-98.8677,1940,2022
USC00141983,CUNNINGHAM,US-KS,37.65,-98.4055,1893,1917
USC00142086,DENSMORE 2 N,US-KS,39.66886,-99.73201,1909,2025
USW00013985,DODGE CITY REGIONAL AIRPORT,US-KS,37.77105,-99.96915,1909,2025
USC00142213,DRESDEN,US-KS,39.62523,-100.42339,1895,2021
USC00142329,EASTON,US-KS,39.3437,-95.1178,1959,2020
USC00142401,EL DORADO,US-KS,37.8182,-96.8444,1893,2025
USC00142409,ELGIN,US-KS,37.00722,-96.27222,1896,2007
USC00142430,ELK CITY LAKE,US-KS,37.2775,-95.77694,1964,1996
USC00142432,ELKHART,US-KS,37.0057,-101.8866,1900,2025
USC00142459,ELLSWORTH,US-KS,38.7297,-98.225,1904,2025
USC00142519,EMMETT,US-KS,39.3069,-96.0566,1912,2005
USC00142541,EMPORIA 1 S,US-KS,38.3861,-96.1818,1893,1961
USW00013989,EMPORIA ASOS,US-KS,38.32906,-96.19453,1950,2025
USC00142574,ENTERPRISE,US-KS,38.9008,-97.1097,1903,2018
USC00142602,ESKRIDGE,US-KS,38.8592,-96.1058,1897,2025
USC00142622,EUREKA 1 E,US-KS,37.8253,-96.2644,1895,2025
USC00142652,FACT 3 W,US-KS,39.5539,-97.063,1958,2025
USC00142686,FALL RIVER LAKE,US-KS,37.64748,-96.07803,1896,2021
USC00142773,FLORENCE,US-KS,38.2422,-96.9241,1925,2009
USW00013921,FORT LEAVENWORTH SHERMAN AFB,US-KS,39.36667,-94.91667,1949,1970
USC00142827,FORT RILEY,US-KS,39.0572,-96.7651,1893,2025
USW00013947,FORT RILEY MARSHALL ARMY AIR FIELD,US-KS,39.05,-96.76667,1949,2007
USC00142835,FORT SCOTT,US-KS,37.81718,-94.69872,1895,2025
USC00142855,FOWLER 3 NNE,US-KS,37.41667,-100.18333,1946,1987
USC00142872,FRANKFORT,US-KS,39.7069,-96.4185,1894,2013
USC00142894,FREDONIA,US-KS,37.534,-95.827,1902,2025
USC00142980,GARDEN CITY EXPERIMENTAL STATION,US-KS,37.993,-100.8121,1948,2025
USW00023064,GARDEN CITY REGIONAL AIRPORT,US-KS,37.92208,-100.72428,1947,2025
USC00143008,GARNETT 1 E,US-KS,38.28,-95.2177,1906,2025
USC00143037,GENESEO,US-KS,38.5376,-98.161,1939,2025
USC00143074,GIRARD,US-KS,37.5081,-94.8394,1957,2025
USC00143088,GLASCO,US-KS,39.36442,-97.83497,1958,2025
USC00143100,GLEN ELDER LAKE,US-KS,39.5038,-98.315,1964,2025
USC00143156,GOODLAND 23 SW,US-KS,39.1305,-102.0259,1998,2010
USW00023065,GOODLAND RENNER FIELD,US-KS,39.36729,-101.69322,1895,2025
USC00143093,GOODLAND WEATHER FORECAST OFFICE,US-KS,39.36628,-101.70033,2019,2025
USC00143175,GOVE 4 W,US-KS,38.95104,-100.54738,1893,2022
USC00143218,GREAT BEND 3 WNW,US-KS,38.37114,-98.81859,1909,2025
USC00143239,GREENSBURG,US-KS,37.60255,-99.30224,1893,2025
USC00143248,GRENOLA 1 N,US-KS,37.3594,-96.4496,1893,2025
USC00143323,HADDAM,US-KS,39.87877,-97.31323,1922,2025
USC00143393,HANOVER,US-KS,39.9,-96.88333,1948,1952
USC00143432,HARLAN,US-KS,39.6,-98.76667,1940,1994
USC00143467,HARVEYVILLE,US-KS,38.78333,-95.96667,1945,2000
USC00147558,HAVENSVILLE 2 E,US-KS,39.5,-96.03333,1948,1961
USC00143523,HAYS,US-KS,38.8669,-99.3169,1952,2025
USC00143527,HAYS 1 S,US-KS,38.8586,-99.3358,1892,2025
USC00143545,HAYSVILLE 3 SE,US-KS,37.5195,-97.3142,1999,2025
USC00143554,HEALY,US-KS,38.6002,-100.6196,1901,2025
USC00143594,HERINGTON,US-KS,38.66533,-96.94925,1918,2025
USC00141003,HERKIMER,US-KS,39.89107,-96.7118,1944,2025
USC00143620,HESSTON,US-KS,38.1429,-97.42,1893,2025
USC00143634,HIAWATHA 1 S,US-KS,39.83562,-95.53197,1947,2024
USC00143646,HIGHLAND,US-KS,39.85,-95.26667,1941,1980
USC00143651,HIGHLAND PARK,US-KS,39.0,-95.65,1952,1994
USW00093990,HILL CITY MUNICIPAL AIRPORT,US-KS,39.37412,-99.82987,1907,2025
USC00143667,HILLSBORO,US-KS,38.34825,-97.19573,1945,2025
USC00143686,HILLSDALE LAKE,US-KS,38.6645,-94.8901,1985,2025
USC00143759,HOLTON,US-KS,39.4578,-95.7551,1902,2025
USC00143810,HORTON,US-KS,39.6679,-95.5199,1891,2025
USC00143822,HOWARD 2 SE,US-KS,37.45808,-96.22996,1907,2025
USC00143837,HOXIE,US-KS,39.35698,-100.44179,1897,2025
USC00143842,HOYT 2 SE,US-KS,39.2317,-95.6654,1948,2019
USC00143847,HUDSON,US-KS,38.1041,-98.6592,1922,2025
USC00143855,HUGOTON,US-KS,37.1639,-101.3401,1904,2025
USC00143867,HUMBOLDT,US-KS,37.8118,-95.4456,1982,2025
USC00143929,HUTCHINSON,US-KS,38.09,-97.9125,1975,2025
USC00143930,HUTCHINSON 10 SW,US-KS,37.9311,-98.0296,1953,2025
USW00013986,HUTCHINSON MUNICIPAL AIRPORT,US-KS,38.06824,-97.86075,1948,2025
USW00093905,HUTCHINSON NAS,US-KS,37.91667,-97.9,1952,1958
USC00143921,HUTCHINSON RIVER,US-KS,38.038,-97.9336,1893,1949
USC00143946,IMPERIAL,US-KS,38.28333,-100.65,1940,1983
USC00143954,INDEPENDENCE,US-KS,37.2363,-95.7002,1893,2025
USC00143974,INMAN 5 SW,US-KS,38.1869,-97.8416,1942,2025
USC00143989,IOLA,US-KS,37.91667,-95.4,1905,1958
USC00143984,IOLA 1 W,US-KS,37.9233,-95.4241,1904,2025
USC00143997,IONIA,US-KS,39.6611,-98.3483,1894,2025
USC00144008,IRENE,US-KS,37.833333,-101.933333,1910,1934
USC00144073,JEROME,US-KS,38.72028,-100.52639,1940,2002
USC00144081,JETMORE,US-KS,38.08333,-99.9,1900,1985
USC00144085,JETMORE 14 NW,US-KS,38.21667,-100.06667,1949,1965
USC00144087,JETMORE 8 NNW,US-KS,38.1963,-99.9175,1965,2025
USC00144089,JEWELL,US-KS,39.673,-98.1555,1905,2021
USC00144104,JOHN REDMOND LAKE,US-KS,38.2548,-95.7499,1960,2025
USC00144109,JOHNSON 11 ESE,US-KS,37.53333,-101.56667,1894,1981
USC00144138,JUNCTION CITY,US-KS,39.05,-96.83333,1925,1975
USC00144178,KANOPOLIS LAKE,US-KS,38.6078,-97.9596,1941,2025
USC00144313,KINGMAN,US-KS,37.6454,-98.125,1907,2025
USC00144333,KINSLEY,US-KS,37.9284,-99.3655,1935,2010
USC00144357,KIRWIN DAM,US-KS,39.6619,-99.1228,1952,2025
USC00144421,LA CYGNE,US-KS,38.326,-94.6956,1929,2011
USC00144464,LAKIN,US-KS,37.9412,-101.2492,1893,2025
USC00144530,LARNED,US-KS,38.1818,-99.0994,1903,2008
USC00144559,LAWRENCE,US-KS,38.95687,-95.24841,1857,2025
USW00003997,LAWRENCE ASOS,US-KS,39.00779,-95.2115,1996,2025
USC00144567,LAWRENCE KLWN,US-KS,38.93333,-95.26667,1952,1964
USC00144675,LE ROY,US-KS,38.08,-95.6396,1908,2025
USC00144588,LEAVENWORTH,US-KS,39.3255,-94.9188,1891,2011
USC00144596,LEAWOOD,US-KS,38.94194,-94.62944,1993,1998
USC00144598,LEBANON,US-KS,39.8083,-98.5583,1898,2025
USC00144608,LEBO,US-KS,38.416,-95.851,1893,2020
USW00013990,LEBO CAA AIRPORT,US-KS,38.43333,-95.8,1948,1950
USC00144642,LENORA COOP,US-KS,39.6064,-100.0015,1913,2025
USC00144665,LEOTI,US-KS,38.49,-101.36685,1893,2024
USC00144685,LEVANT 10 SSE,US-KS,39.25,-101.15,1941,1957
USC00144695,LIBERAL,US-KS,37.0309,-100.9069,1893,2025
USC00144712,LINCOLN 1 SE,US-KS,39.0294,-98.13,1912,2025
USC00144735,LINDSBORG 3 E,US-KS,38.5866,-97.6083,1905,2025
USC00144807,LONG ISLAND 1 N,US-KS,39.9694,-99.5338,1941,2014
USC00144821,LORETTA 1 W,US-KS,38.6545,-99.2035,1940,2022
USC00144857,LOVEWELL DAM,US-KS,39.9,-98.0255,1955,2025
USC00144920,LYONS 3 S,US-KS,38.30556,-98.18889,1895,1976
USC00149121,MACKSVILLE 8 NNE,US-KS,38.05,-98.93333,1941,1971
USC00144937,MADISON,US-KS,38.12913,-96.13829,1900,2025
USC00144972,MANHATTAN,US-KS,39.1972,-96.5813,1893,2025
USC00144977,MANHATTAN AGRONOMY F,US-KS,39.2,-96.6,1948,1970
USW00003936,MANHATTAN ASOS,US-KS,39.13456,-96.67894,1960,2025
USC00144982,MANKATO,US-KS,39.7888,-98.2038,1893,2025
USC00145039,MARION RESERVOIR,US-KS,38.37814,-97.07519,1966,2025
USC00145063,MARYSVILLE,US-KS,39.8384,-96.6365,1941,2025
USC00145127,MC DONALD,US-KS,39.7844,-101.3686,1954,2012
USC00145132,MC FARLAND,US-KS,39.05391,-96.23658,1918,2025
USC00145115,MCCRACKEN,US-KS,38.5872,-99.573,1911,2025
USC00145152,MCPHERSON,US-KS,38.3772,-97.6097,1893,2025
USC00145171,MEADE,US-KS,37.285,-100.345,1895,2023
USC00145173,MEDICINE LODGE,US-KS,37.2766,-98.5799,1893,1998
USW00003957,MEDICINE LODGE 1 E,US-KS,37.2839,-98.5528,1998,2025
USC00145210,MELVERN LAKE,US-KS,38.50388,-95.70368,1973,2025
USC00145306,MILFORD LAKE,US-KS,39.0745,-96.8982,1965,2025
USC00145321,MILLER 4 SSW,US-KS,38.5817,-96.0188,1961,2025
USC00145355,MINGO 6 E,US-KS,39.27665,-100.83986,1941,2023
USC00145363,MINNEAPOLIS,US-KS,39.1246,-97.7047,1892,2025
USC00145371,MINNEOLA,US-KS,37.45,-100.01667,1912,1974
USC00145463,MORAN,US-KS,37.9131,-95.1742,1895,2025
USC00145536,MOUND VALLEY 3 WSW,US-KS,37.18802,-95.45026,1951,2025
USC00145539,MOUNT HOPE,US-KS,37.8658,-97.6648,1893,2025
USC00145628,NATOMA,US-KS,39.1849,-99.025,1909,2025
USC00145680,NEOSHO RAPIDS,US-KS,38.3639,-95.9934,1905,2013
USC00145692,NESS CITY,US-KS,38.4538,-99.89462,1893,2025
USC00145744,NEWTON,US-KS,38.0231,-97.35525,1897,2025
USC00145768,NILES,US-KS,38.96667,-97.46667,1943,1998
USC00145856,NORTON 9 SSE,US-KS,39.74094,-99.83599,1893,2025
USC00145852,NORTON DAM,US-KS,39.81136,-99.93863,1962,2025
USC00145870,NORWICH,US-KS,37.45836,-97.84575,1895,2022
USC00145888,OAKLEY 4 W,US-KS,39.11298,-100.9447,1892,2025
USC00145906,OBERLIN,US-KS,39.8229,-100.5163,1893,2021
USC00145964,OKETO,US-KS,39.96667,-96.6,1948,1950
USC00145972,OLATHE 3 E,US-KS,38.8875,-94.7602,1893,2009
USW00003967,OLATHE JOHNSON CO EXECUTIVE AIRPORT,US-KS,38.84997,-94.73949,1996,2025
USW00093909,OLATHE JOHNSON CO INDUSTRIAL AIRPORT,US-KS,38.8221,-94.89027,1945,2025
USC00146076,OSAGE CITY,US-KS,38.6361,-95.803,1896,2025
USC00146084,OSAWATOMIE,US-KS,38.49659,-94.94317,1944,2025
USC00146115,OSWEGO 1 N,US-KS,37.1751,-95.104,1893,2025
USC00146128,OTTAWA,US-KS,38.6132,-95.2808,1895,2025
USC00146154,OVERBROOK 5 SE,US-KS,38.7172,-95.5192,1928,2025
USC00146169,OXFORD,US-KS,37.2736,-97.1694,1943,2025
USC00146209,PAOLA,US-KS,38.5912,-94.8778,1895,2009
USC00146242,PARSONS 2 NW,US-KS,37.36767,-95.2881,1925,2025
USW00003998,PARSONS TRI CITY AIRPORT,US-KS,37.32814,-95.50446,1996,2025
USC00146333,PERRY LAKE,US-KS,39.1174,-95.4101,1967,2025
USC00146340,PERTH,US-KS,37.1861,-97.5086,1973,2013
USC00146374,PHILLIPSBURG 1 SSE,US-KS,39.7394,-99.3186,1893,1996
USC00146427,PLAINS,US-KS,37.26667,-100.6,1910,1974
USC00146435,PLAINVILLE 4 WNW,US-KS,39.245,-99.3808,1893,2025
USC00146498,POMONA LAKE,US-KS,38.6449,-95.566,1963,2025
USC00146511,PORTIS,US-KS,39.5605,-98.6936,1965,1994
USC00146549,PRATT 3 NW,US-KS,37.67313,-98.77621,1895,2024
USC00146563,PRESTON 7 NW,US-KS,37.8,-98.66667,1940,1978
USC00146573,PRETTY PRAIRIE 1 N,US-KS,37.7924,-98.0277,1973,2025
USC00146637,QUINTER,US-KS,39.0667,-100.239,1893,2025
USC00146685,RANSOM 2 NE,US-KS,38.6532,-99.9002,1946,2025
USC00146808,RICHFIELD,US-KS,37.2645,-101.78841,1893,2025
USC00146813,RICHFIELD 10 WSW,US-KS,37.2294,-101.9512,1941,2025
USC00146907,ROCK 3 SW,US-KS,37.4199,-97.0497,1977,2023
USC00147044,RUSSELL,US-KS,38.9,-98.85,1948,1958
USW00093997,RUSSELL MUNICIPAL AIRPORT,US-KS,38.87251,-98.80928,1949,2025
USC00147049,RUSSELL SPRINGS,US-KS,38.91167,-101.17111,1910,2000
USC00147073,SABETHA LAKE,US-KS,39.9,-95.9,1953,1983
USC00147093,SAINT FRANCIS,US-KS,39.7675,-101.8066,1908,2025
USW00003919,SALINA MUNICIPAL AIRPORT,US-KS,38.77996,-97.64444,1952,2025
USC00147248,SCANDIA,US-KS,39.7988,-97.7736,1940,2025
USW00013922,SCHILLING AFB,US-KS,38.8,-97.65,1949,1965
USC00147271,SCOTT CITY,US-KS,38.4746,-100.9176,1895,2025
USC00147305,SEDAN,US-KS,37.1322,-96.18,1893,2025
USC00147397,SHARON SPRINGS,US-KS,38.8961,-101.75126,1893,2025
USC00147542,SMITH CENTER,US-KS,39.7772,-98.7783,1910,2025
USC00147796,STERLING,US-KS,38.21381,-98.20727,1893,2025
USC00147922,SUBLETTE 7 WSW,US-KS,37.4415,-100.9793,1918,2019
USC00148038,SYRACUSE 1 NE,US-KS,37.9929,-101.7417,1893,2025
USC00148086,TESCOTT,US-KS,39.0175,-97.8813,1948,2013
USC00148157,TONGANOXIE 3 W,US-KS,39.11667,-95.15,1948,1958
USW00013996,TOPEKA ASOS,US-KS,39.07246,-95.62602,1946,2025
USW00013920,TOPEKA FORBES FIELD,US-KS,38.94144,-95.65125,1949,2025
USC00148186,TORONTO,US-KS,37.8,-95.95,1948,1962
USC00148191,TORONTO LAKE,US-KS,37.74167,-95.93333,1956,1997
USC00148235,TRIBUNE 1 W,US-KS,38.46614,-101.77297,1893,2025
USC00148240,TRIBUNE 13 NNE,US-KS,38.65503,-101.69623,1996,2024
USC00148245,TROUSDALE 1 NE,US-KS,37.8235,-99.0781,1916,2021
USC00148250,TROY 3 N,US-KS,39.8281,-95.0875,1948,2025
USC00148259,TUTTLE CREEK LAKE,US-KS,39.2476,-96.5994,1959,2025
USC00148287,ULYSSES 3 NE,US-KS,37.5984,-101.2907,1893,2025
USC00148323,UTICA,US-KS,38.6442,-100.1687,1916,2025
USC00148340,VALLEY FALLS 2 E,US-KS,39.33333,-95.41667,1948,1958
USC00148427,VINLAND,US-KS,38.833333,-95.183333,1909,1936
USC00148495,WAKEENEY,US-KS,39.0147,-99.8721,1892,2025
USC00148503,WAKEFIELD 4 W,US-KS,39.2302,-97.0895,1893,2025
USC00148535,WALLACE,US-KS,38.91114,-101.58536,1892,2025
USC00148549,WALNUT 4 S,US-KS,37.54397,-95.04761,1902,2024
USC00148563,WAMEGO 4 W,US-KS,39.21418,-96.37005,1893,2025
USC00148578,WASHINGTON,US-KS,39.8088,-97.055,1893,2025
USC00148670,WELLINGTON,US-KS,37.26765,-97.41943,1894,2025
USC00148802,WHITE CITY,US-KS,38.7964,-96.72703,1961,2025
USC00148826,WICHITA,US-KS,37.666667,-97.3,1918,1927
USW00003974,WICHITA COLONEL JAMES JABARA AIRPORT,US-KS,37.74965,-97.21907,1996,2025
USW00003928,WICHITA DWIGHT D. EISENHOWER NATIONAL AIRPORT,US-KS,37.64753,-97.42999,1953,2025
USW00003923,WICHITA MCCONNELL AFB,US-KS,37.61667,-97.26667,1953,1970
USW00013998,WICHITA RIVER,US-KS,37.65,-97.333333,1897,1953
USC00148946,WILSON LAKE,US-KS,38.9667,-98.489,1964,2025
USC00148964,WINFIELD 3 NE,US-KS,37.28851,-96.94076,1894,2024
USW00013932,WINFIELD STROTHER FIELD AIRPORT,US-KS,37.16493,-97.03496,1996,2025
USC00148988,WINONA,US-KS,39.059,-101.244,1893,2025
USC00149080,YATES CENTER,US-KS,37.88331,-95.72765,1893,2025
USC00150155,ANCHORAGE,US-KY,38.26667,-85.53333,1895,1982
USC00150254,ASHLAND,US-KY,38.45367,-82.61299,1896,2025
USC00150381,BARBOURVILLE,US-KY,36.8825,-83.8819,1936,2025
USC00150397,BARDSTOWN 5 E,US-KY,37.8194,-85.3847,1950,2022
USC00150402,BARDWELL 2 E,US-KY,36.883,-88.9961,1964,2010
USC00150422,BARREN RIVER LAKE,US-KY,36.8977,-86.1247,1963,2025
USC00150450,BAXTER,US-KY,36.8582,-83.3302,1948,2016
USC00150490,BEAVER DAM,US-KY,37.4533,-86.9116,1903,2009
USC00150595,BENHAM,US-KY,36.95,-82.96667,1945,1986
USC00150619,BEREA COLLEGE,US-KY,37.5733,-84.2908,1901,2013
USC00150630,BERNHEIM FOREST,US-KY,37.9161,-85.6572,1970,2023
USC00150752,BLAINE,US-KY,38.03333,-82.83333,1956,1978
USW00093808,BOWLING GREEN WARREN CO AIRPORT,US-KY,36.96467,-86.42379,1893,2025
USC00150940,BRADFORDSVILLE,US-KY,37.495,-85.1516,1962,2011
USC00151080,BUCKHORN LAKE,US-KY,37.3417,-83.4706,1961,2025
USC00151227,CALHOUN 4 ENE,US-KY,37.55308,-87.19242,1956,2025
USC00151256,CAMPBELLSVILLE 2 SSW,US-KY,37.31667,-85.36667,1945,1991
USC00151345,CARROLLTON LOCK 1,US-KY,38.65833,-85.14556,1893,2002
USC00152791,CAVE RUN LAKE,US-KY,38.1227,-83.5327,1904,2025
USW00093814,CINCINNATI NORTHERN KENTUCKY INTERNATIONAL AIRPORT,US-KY,39.04443,-84.67241,1948,2025
USC00151611,CLERMONT,US-KY,37.91667,-85.66667,1936,1970
USW00003814,CORBIN CAA AIRPORT,US-KY,36.96667,-84.13333,1944,1954
USC00151890,CRAB ORCHARD 6 N,US-KY,37.4902,-84.4375,1979,2025
USC00151900,CRESTWOOD 4 NE,US-KY,38.3636,-85.4186,1987,2012
USC00151967,CUMBERLAND 2 N,US-KY,36.99333,-82.98667,2009,2016
USC00151998,CYNTHIANA,US-KY,38.3769,-84.303,1917,2025
USC00152003,CYNTHIANA 2,US-KY,38.38333,-84.28333,1951,1978
USC00152040,DANVILLE,US-KY,37.65128,-84.7627,1933,2025
USC00152180,DEWEY DAM,US-KY,37.73333,-82.73333,1951,1971
USC00151127,DIX DAM,US-KY,37.8,-84.71667,1923,1953
USC00152214,DIX DAM,US-KY,37.7858,-84.7077,1953,2025
USC00152469,EDMONTON 3 W,US-KY,36.98333,-85.65,1893,1977
USC00152510,ELIZABETHTOWN,US-KY,37.68333,-85.86667,1893,1964
USC00152575,ETOILE,US-KY,36.8276,-85.8975,2008,2015
USC00152770,FALLS OF ROUGH,US-KY,37.6,-86.55,1940,1964
USC00152775,FALMOUTH,US-KY,38.6873,-84.3585,1887,2018
USC00152903,FLEMINGSBURG 2 N,US-KY,38.4502,-83.7355,1925,2020
USW00013806,FORT CAMPBELL ARMY AIR FIELD,US-KY,36.66667,-87.48333,1950,1970
USW00013807,FORT KNOX GODMAN ARMY AIR FIELD,US-KY,37.9,-85.96667,1948,1970
USW00053841,FRANKFORT CAPITAL CITY AIRPORT,US-KY,38.18463,-84.90393,1996,2025
USC00153028,FRANKFORT LOCK 4,US-KY,38.20222,-84.8825,1895,2002
USC00153241,GLASGOW,US-KY,36.98333,-85.9,1921,1981
USC00153295,GOLDEN POND 8 N,US-KY,36.89639,-88.01389,1953,2000
USC00153389,GRAYSON 2 E,US-KY,38.3354,-82.9075,1982,2014
USC00153430,GREENSBURG,US-KY,37.2571,-85.5012,1889,2025
USC00153451,GREENVILLE 2 W,US-KY,37.18333,-87.21667,1916,1985
USC00153604,HARDINSBURG,US-KY,37.7822,-86.4622,1974,2009
USC00153622,HARLAN,US-KY,36.83333,-83.31667,1918,1952
USC00153762,HENDERSON 8 SSW,US-KY,37.7558,-87.6455,1894,2023
USC00153816,HICKMAN 1 E,US-KY,36.56667,-89.16667,1950,1981
USC00153899,HINDMAN,US-KY,37.33333,-82.98333,1948,1962
USC00153929,HODGENVILLE LINCOLN P,US-KY,37.5316,-85.735,1948,2024
USC00153994,HOPKINSVILLE,US-KY,36.84888,-87.52083,1896,2025
USC00154093,HYDEN,US-KY,37.15,-83.36,1940,2008
USC00154134,INEZ,US-KY,37.86667,-82.53333,1951,1962
USC00154165,IRVINGTON,US-KY,37.88333,-86.28333,1897,1973
USC00154196,JACKSON,US-KY,37.55,-83.38333,1894,1984
USW00003889,JACKSON JULIAN CARROLL AIRPORT,US-KY,37.591335,-83.313696,1981,2025
USC00154208,JAMESTOWN WWTP,US-KY,37.0055,-85.0616,1971,2025
USC00154369,KEENE 1 WSW,US-KY,37.93972,-84.65972,1941,2010
USC00154595,LA GRANGE,US-KY,38.43333,-85.36667,1893,1985
USC00154703,LEITCHFIELD 2 N,US-KY,37.5108,-86.2891,1895,2018
USW00093820,LEXINGTON BLUEGRASS AIRPORT,US-KY,38.03391,-84.61138,1872,2025
USC00154755,LIBERTY,US-KY,37.25083,-84.93278,1941,2003
USC00154893,LONDON,US-KY,37.1475,-84.0833,1914,2014
USW00003849,LONDON CORBIN AIRPORT,US-KY,37.08958,-84.06881,1954,2025
USC00154949,LOUISVILLE,US-KY,38.23333,-85.76667,1955,1982
USW00013810,LOUISVILLE BOWMAN FIELD,US-KY,38.23021,-85.66294,1948,2025
USW00093821,LOUISVILLE INTERNATIONAL AIRPORT,US-KY,38.17738,-85.73077,1948,2025
USC00154967,LOVELACEVILLE,US-KY,36.96917,-88.83139,1925,2001
USC00155067,MADISONVILLE,US-KY,37.3475,-87.5238,1946,2025
USC00155097,MAMMOTH CAVE,US-KY,37.1318,-86.1481,1934,2025
USC00155111,MANCHESTER 4 W,US-KY,37.15,-83.81667,1901,2007
USC00155233,MAYFIELD RADIO WLLE,US-KY,36.75806,-88.64056,1967,2002
USC00155243,MAYSVILLE WASTEWATER TREATMENT PLANT,US-KY,38.6869,-83.7872,1896,2025
USC00155389,MIDDLESBORO FIRE DEPARTMENT,US-KY,36.60861,-83.71444,1892,2009
USC00155438,MILLERSTOWN,US-KY,37.45,-86.05,1940,1985
USC00155648,MOUNT VERNON,US-KY,37.35417,-84.33694,1956,2016
USC00155694,MURRAY,US-KY,36.61214,-88.30116,1926,2025
USC00155834,NOLIN RIVER LAKE,US-KY,37.2813,-86.2497,1964,2025
USC00156091,OWENSBORO 3 ENE,US-KY,37.77964,-87.06849,1896,2025
USW00053803,OWENSBORO DAVIESS CO REGIONAL AIRPORT,US-KY,37.75,-87.16667,2011,2025
USC00156104,OWENTON,US-KY,38.51667,-84.81667,1970,1984
USC00156115,PADUCAH,US-KY,37.1,-88.61667,1893,1970
USC00156130,PADUCAH 2 W,US-KY,37.0683,-88.7724,2003,2006
USW00003816,PADUCAH BARKLEY REGIONAL AIRPORT,US-KY,37.05635,-88.77425,1949,2025
USC00156136,PAINTSVILLE 1 E,US-KY,37.8176,-82.7882,1933,2025
USC00156353,PIKEVILLE,US-KY,37.48333,-82.51667,1900,1978
USC00156575,PRINCETON,US-KY,37.1,-87.88333,1893,1965
USC00156580,PRINCETON 1 SE,US-KY,37.1244,-87.8672,1965,2021
USC00156624,QUICKSAND,US-KY,37.53383,-83.34882,1925,2025
USC00156805,RICHMOND,US-KY,37.73333,-84.3,1893,1977
USC00156988,ROUGH RIVER LAKE,US-KY,37.6177,-86.5044,1964,2025
USC00157049,RUSSELLVILLE,US-KY,36.855,-86.8883,1893,2025
USC00157215,SCOTTSVILLE,US-KY,36.7462,-86.2259,1946,2025
USC00157234,SEBREE 1 E,US-KY,37.60306,-87.52222,1943,2010
USC00157324,SHELBYVILLE 1 E,US-KY,38.2,-85.2,1893,2001
USC00157510,SOMERSET 2 N,US-KY,37.1167,-84.6167,1950,2020
USC00157604,SPRINGFIELD 2 W,US-KY,37.7054,-85.2639,1893,2016
USC00157091,ST JOHN BETHLEHEM AC,US-KY,37.7,-85.98333,1896,1959
USC00157677,STEARNS 2 S,US-KY,36.6736,-84.4791,1936,2025
USC00157800,SUMMER SHADE,US-KY,36.8861,-85.7066,1950,2009
USC00157948,TAYLORSVILLE 2 SW,US-KY,38.0144,-85.3713,1902,2023
USC00158055,TOMAHAWK 1 WSW,US-KY,37.86667,-82.61667,1965,1985
USC00158246,VALLEY VIEW LOCK 9,US-KY,37.85,-84.45,1923,1981
USC00158259,VANCEBURG,US-KY,38.58333,-83.33333,1896,1981
USC00158486,WAYNESBURG 7 NE,US-KY,37.41667,-84.6,1941,1991
USC00158551,WEST LIBERTY 3 NW,US-KY,37.9414,-83.3018,1905,2015
USC00158555,WEST PADUCAH 2 W,US-KY,37.0683,-88.7724,2006,2025
USC00158633,WHITESBURG,US-KY,37.1187,-82.8281,1925,2016
USC00158706,WILLIAMSBURG,US-KY,36.73333,-84.16667,1892,1957
USC00158714,WILLIAMSTOWN,US-KY,38.6409,-84.5593,1902,2016
USC00158807,WOLF CREEK DAM,US-KY,36.86667,-85.15,1942,1970
USC00158824,WOODBURY,US-KY,37.1852,-86.6335,1917,2013
USC00160007,ABBEVILLE,US-LA,29.9688,-92.1169,1891,2025
USC00160016,ABITA SPRINGS 1 SW,US-LA,30.4714,-90.0436,1948,2015
USC00160098,ALEXANDRIA,US-LA,31.3205,-92.4611,1892,2025
USW00013935,ALEXANDRIA ESLER FIELD,US-LA,31.3963,-92.28278,1960,2025
USW00093915,ALEXANDRIA INTERNATIONAL AIRPORT,US-LA,31.33464,-92.55849,1948,2025
USC00160101,ALEXANDRIA NUMBER 2,US-LA,31.31667,-92.45,1948,1967
USC00160205,AMITE,US-LA,30.7094,-90.525,1892,2011
USC00160244,ANGOLA,US-LA,30.95,-91.58333,1913,1965
USC00160253,ANTIOCH FIRE TOWER,US-LA,32.88333,-93.0,1912,1984
USC00160277,ARCADIA,US-LA,32.5511,-92.9186,1929,2025
USC00160349,ASHLAND,US-LA,32.1293,-93.1163,1943,2014
USC00160537,BASTROP,US-LA,32.7313,-91.9144,1893,2014
USW00013970,BATON ROUGE METRO AIRPORT,US-LA,30.53782,-91.14681,1930,2025
USC00160945,BOGALUSA,US-LA,30.7808,-89.8567,1930,2009
USW00012884,BOOTHVILLE ASOS,US-LA,29.333,-89.4075,1965,2019
USC00161292,BURAS,US-LA,29.34139,-89.51583,1945,2005
USW00012863,BURRWOOD WEATHER BUREAU,US-LA,28.96667,-89.38333,1907,1965
USC00161411,CALHOUN 2 N,US-LA,32.5372,-92.3598,1892,2022
USC00161446,CAMP POLK,US-LA,31.06667,-93.2,1938,1959
USC00161565,CARVILLE 2 SW,US-LA,30.198,-91.1255,1937,2025
USC00161703,CHATHAM,US-LA,32.31667,-92.45,1941,1975
USC00161807,CINCLARE,US-LA,30.4,-91.23333,1894,1965
USC00161899,CLINTON 5 SE,US-LA,30.8177,-90.9733,1974,2020
USC00161891,CLINTON FORESTRY HQ,US-LA,30.8544,-91.0091,1891,2015
USC00161941,COLFAX,US-LA,31.5183,-92.7142,1926,2011
USC00162023,CONVERSE,US-LA,31.75,-93.7,1944,1986
USC00162121,COTTON VALLEY 5 NNW,US-LA,32.8869,-93.4569,1943,2009
USC00162151,COVINGTON 8 WNW,US-LA,30.52681,-90.21471,1893,2025
USC00162165,CRAVENS TOWER,US-LA,31.0,-93.1,1942,1950
USC00162212,CROWLEY 2 NE,US-LA,30.24099,-92.34759,1906,2025
USC00162361,DE QUINCY,US-LA,30.43472,-93.46917,1940,2003
USC00162367,DE RIDDER,US-LA,30.8427,-93.2869,1903,2016
USC00162534,DONALDSONVILLE 4 SW,US-LA,30.0719,-91.0278,1893,2025
USC00162800,ELIZABETH,US-LA,30.85,-92.78333,1924,2002
USW00013934,ENGLAND AFB,US-LA,31.31667,-92.55,1952,1970
USC00162981,EUNICE,US-LA,30.4916,-92.4302,1940,2015
USC00163079,FARMERVILLE,US-LA,32.77367,-92.40852,1891,2024
USW00003931,FORT POLK ARMY AIR FIELD,US-LA,31.05,-93.18333,1955,2014
USC00163313,FRANKLIN 3 NW,US-LA,29.8233,-91.5441,1893,2024
USC00163321,FRANKLINTON,US-LA,30.84333,-90.16194,1910,1969
USC00163433,GALLIANO,US-LA,29.4631,-90.3072,1968,2021
USC00163657,GLOSTER 1 W,US-LA,32.2,-93.83333,1947,1981
USC00163798,GRAND CHENIER,US-LA,29.76667,-92.95,1923,1969
USC00163800,GRAND COTEAU,US-LA,30.4184,-92.0443,1893,2024
USC00163804,GRAND ECORE,US-LA,31.8077,-93.0866,1914,2011
USC00163807,GRAND ISLE,US-LA,29.2414,-89.9914,1947,2015
USC00163930,GUEYDAN 5 S,US-LA,29.95,-92.51667,1912,1968
USC00163979,HACKBERRY 8 SSW,US-LA,29.8895,-93.4021,1939,2024
USC00164034,HAMMOND,US-LA,30.4878,-90.48743,1892,2024
USC00164030,HAMMOND 5 E,US-LA,30.503,-90.3772,1981,2014
USC00164131,HAYNESVILLE,US-LA,32.9683,-93.1297,1940,2012
USC00164200,HESSMER,US-LA,31.06667,-92.11667,1937,1961
USC00164384,HODGES GARDENS,US-LA,31.38333,-93.4,1943,1963
USC00164355,HOMER 1 N,US-LA,32.81,-93.0626,1893,2025
USC00164407,HOUMA,US-LA,29.6407,-90.816,1893,2013
USC00164674,JEANERETTE 5 NW,US-LA,29.95938,-91.71118,1892,2025
USC00164700,JENNINGS,US-LA,30.2002,-92.6641,1897,2025
USC00164734,JONESVILLE 4 N,US-LA,31.68333,-91.83333,1931,1972
USC00164816,KEITHVILLE,US-LA,32.355,-93.8619,1940,2025
USC00164859,KENTWOOD,US-LA,30.94333,-90.51167,1941,2008
USW00013976,LAFAYETTE REGIONAL AIRPORT,US-LA,30.19859,-91.98957,1893,2025
USC00165065,LAKE ARTHUR 7 SW,US-LA,30.02054,-92.76808,1901,2025
USW00013941,LAKE CHARLES CHENNAULT INTERNATIONAL AIRPORT,US-LA,30.21028,-93.14333,1895,1963
USW00003937,LAKE CHARLES REGIONAL AIRPORT,US-LA,30.12551,-93.22771,1942,2025
USC00165090,LAKE PROVIDENCE,US-LA,32.81518,-91.17326,1893,2019
USC00165207,LAWRENCE,US-LA,29.55,-89.8,1893,1920
USC00165266,LEESVILLE,US-LA,31.1416,-93.2397,1903,2025
USC00165522,LOGANSPORT,US-LA,31.9672,-94.0002,1903,2025
USC00165620,LSU BEN HUR FARM,US-LA,30.3644,-91.1672,1963,2019
USC00165630,LSU DEAN LEE RES. STA.,US-LA,31.1783,-92.4108,1976,2015
USC00165874,MANSFIELD 4 NW,US-LA,32.07119,-93.75882,1896,2021
USC00166117,MELVILLE,US-LA,30.68333,-91.73333,1893,1983
USC00166308,MONROE,US-LA,32.51806,-92.13611,1892,1965
USC00166314,MONROE DELTA CC,US-LA,32.4935,-92.0319,1977,2017
USW00013942,MONROE REGIONAL AIRPORT,US-LA,32.51552,-92.02995,1930,2025
USC00166394,MORGAN CITY,US-LA,29.6833,-91.1761,1905,2021
USC00166582,NATCHITOCHES,US-LA,31.7722,-93.0955,1893,2010
USC00166584,NATCHITOCHES NUMBER 2,US-LA,31.8142,-93.0856,2008,2025
USC00166585,NAVAL AMMUNITION DEP,US-LA,29.88333,-89.98333,1943,1960
USC00166657,NEW IBERIA,US-LA,29.98861,-91.78389,1891,2025
USW00053915,NEW IBERIA AIRPORT ACADIANA REGIONAL,US-LA,30.02916,-91.88456,1998,2025
USW00003934,NEW IBERIA NAAS,US-LA,30.03333,-91.88333,1961,1964
USW00012916,NEW ORLEANS AIRPORT,US-LA,29.99755,-90.27772,1945,2025
USW00012958,NEW ORLEANS ALVIN CALLENDER FIELD,US-LA,29.81667,-90.01667,1956,2012
USW00012930,NEW ORLEANS AUDUBON,US-LA,29.9166,-90.1302,1893,2025
USW00053917,NEW ORLEANS LAKEFRONT AIRPORT,US-LA,30.04934,-90.02899,1991,2025
USW00093906,NEW ORLEANS NAS,US-LA,29.82721,-90.02658,1945,1957
USC00166686,NEW ROADS 5 NE,US-LA,30.7268,-91.3672,1942,2025
USC00166794,NORTH LIVINGSTON,US-LA,30.55,-90.75,1942,1955
USC00166868,OAK RIDGE,US-LA,32.6227,-91.7763,1895,2025
USC00167001,OPELOUSAS AIRPORT,US-LA,30.55,-92.08333,1893,1951
USC00167161,PEARL RIVER,US-LA,30.45,-89.78333,1948,1985
USC00167304,PINE GROVE FIRE TOWER,US-LA,30.7112,-90.7526,1942,2025
USC00167344,PLAIN DEALING,US-LA,32.8921,-93.645,1892,2025
USC00167421,POLLOCK FOREST NURSE,US-LA,31.5,-92.46667,1935,1965
USC00167471,PORT SULPHUR,US-LA,29.48333,-89.7,1935,1964
USC00167678,RAYNE 6 N,US-LA,30.33333,-92.26667,1893,1968
USC00167738,RED RIVER RESEARCH STATION,US-LA,32.4219,-93.638,1975,2025
USC00167767,RESERVE,US-LA,30.0563,-90.5802,1901,2015
USC00167905,ROBELINE,US-LA,31.68333,-93.3,1896,1957
USC00167924,ROBSON,US-LA,32.3555,-93.6425,1948,2012
USC00167950,RODESSA,US-LA,32.96667,-94.0,1940,1985
USC00168046,ROSEPINE RESRCH STATION,US-LA,30.9461,-93.2788,1901,2010
USC00168067,RUSTON LA TECH,US-LA,32.5099,-92.6504,1895,2020
USC00168295,SCHRIEVER,US-LA,29.73333,-90.81667,1893,1974
USW00013957,SHREVEPORT AIRPORT,US-LA,32.4473,-93.8244,1939,2025
USW00013944,SHREVEPORT BARKSDALE AFB,US-LA,32.5,-93.66667,1949,1970
USW00053905,SHREVEPORT DOWNTOWN AIRPORT,US-LA,32.53984,-93.74616,1997,2025
USC00168492,SIKES 11 E,US-LA,32.1,-92.33333,1941,1951
USC00168507,SIMMESPORT,US-LA,30.98333,-91.81667,1904,1987
USW00053865,SLIDELL AIRPORT,US-LA,30.34355,-89.82237,1988,2025
USC00168163,ST. JOSEPH 3 N,US-LA,31.9497,-91.2336,1894,2025
USC00168923,TALLULAH,US-LA,32.3994,-91.1841,1907,2022
USW00003996,TALLULAH VICKSBURG REGIONAL AIRPORT,US-LA,32.34808,-91.02994,1996,2025
USC00169013,THIBODAUX 4 SE,US-LA,29.7547,-90.7748,1893,2025
USC00169235,URANIA,US-LA,31.86667,-92.3,1929,1969
USC00169369,VILLE PLATTE,US-LA,30.6951,-92.2665,1926,2025
USC00169375,VINTON,US-LA,30.19222,-93.58111,1915,2003
USC00169631,WEST MONROE,US-LA,32.46,-92.1483,1938,2025
USC00169803,WINNFIELD 3 N,US-LA,31.9622,-92.6561,1893,2008
USC00169806,WINNSBORO 5 SSE,US-LA,32.0997,-91.7022,1893,2025
USC00169865,WOODWORTH 2 SE,US-LA,31.11667,-92.46667,1956,1985
USC00190049,ADAMS,US-MA,42.65,-73.1,1893,1978
USC00190120,AMHERST,US-MA,42.3861,-72.5374,1893,2025
USC00190190,ASHBURNHAM,US-MA,42.6178,-71.9159,1906,2025
USC00190535,BEDFORD,US-MA,42.48333,-71.28333,1957,2009
USW00014702,BEDFORD HANSCOM FIELD,US-MA,42.46811,-71.29463,1949,2025
USC00190562,BELCHERTOWN,US-MA,42.2796,-72.3482,1942,2025
USW00054733,BEVERLY MUNICIPAL AIRPORT,US-MA,42.5841,-70.9153,1998,2025
USC00190736,BLUE HILL COOP,US-MA,42.2123,-71.1137,1893,2025
USW00014753,BLUE HILL LCD,US-MA,42.2123,-71.1137,1998,2025
USW00014739,BOSTON LOGAN INTERNATIONAL AIRPORT,US-MA,42.36057,-71.00975,1936,2025
USC00190801,BOYLSTON,US-MA,42.35,-71.71667,1896,1985
USC00190860,BROCKTON,US-MA,42.04756,-71.00819,1894,2025
USC00190998,BUFFUMVILLE LAKE,US-MA,42.1163,-71.9074,1959,2025
USC00191386,CHATHAM,US-MA,41.657,-69.9592,1972,2021
USC00191376,CHATHAM LIGHT STATION,US-MA,41.66667,-69.95,1943,1971
USW00094624,CHATHAM MUNICIPAL AIRPORT,US-MA,41.68778,-69.99318,1996,2025
USC00191425,CHESTER 2,US-MA,42.28333,-72.98333,1925,1957
USC00191430,CHESTER 2,US-MA,42.3,-72.98333,1962,1988
USC00191447,CHESTNUT HILL,US-MA,42.33333,-71.15,1893,1986
USW00014703,CHICOPEE FALLS WESTOVER FIELD,US-MA,42.2,-72.53333,1942,1970
USC00191561,CLINTON,US-MA,42.4,-71.68333,1896,1985
USC00191582,COHASSET,US-MA,42.23333,-70.8,1895,1960
USC00191589,COLDBROOK,US-MA,42.38333,-72.05,1942,1959
USC00191622,CONCORD,US-MA,42.45,-71.36667,1893,1950
USC00191821,DALTON,US-MA,42.4686,-73.1531,1996,2012
USC00192107,EAST BRIMFIELD LAKE,US-MA,42.1103,-72.1269,1962,2025
USC00192451,EAST WAREHAM,US-MA,41.7653,-70.6697,1912,2025
USC00192501,EDGARTOWN,US-MA,41.3854,-70.518,1946,2025
USC00192642,FALL RIVER,US-MA,41.71667,-71.13333,1893,1976
USW00014704,FALMOUTH OTIS AFB,US-MA,41.65,-70.51667,1949,2010
USC00192806,FITCHBURG 4 SE,US-MA,42.55,-71.75,1893,1978
USW00004780,FITCHBURG MUNICIPAL AIRPORT,US-MA,42.55495,-71.75699,1997,2025
USW00004779,FORT DEVENS ARMY AIR FIELD,US-MA,42.56667,-71.6,1960,1963
USC00192975,FRAMINGHAM,US-MA,42.28333,-71.41667,1893,1989
USC00192997,FRANKLIN,US-MA,42.0793,-71.4095,1926,2025
USC00193052,GARDNER,US-MA,42.58333,-71.98333,1930,2002
USW00014657,GEORGES SHOALS AFS,US-MA,41.68333,-67.78333,1956,1963
USC00193110,GILBERTVILLE,US-MA,42.283333,-72.216667,1885,1895
USC00193213,GREAT BARRINGTON 2 N,US-MA,42.2167,-73.35,1973,2014
USC00193270,GROTON,US-MA,42.6,-71.58333,1893,1974
USC00193276,GROVELAND,US-MA,42.7467,-71.0426,1992,2025
USC00193505,HAVERHILL,US-MA,42.7594,-71.0602,1899,2025
USC00193549,HEATH,US-MA,42.66667,-72.81667,1926,2002
USC00193625,HINGHAM 1,US-MA,42.216667,-70.883333,1885,1935
USC00193702,HOLYOKE,US-MA,42.2,-72.6,1902,2006
USC00193713,HOOSAC TUNNEL,US-MA,42.68333,-72.96667,1930,1973
USC00193772,HUBBARDSTON,US-MA,42.48333,-72.0,1925,1980
USC00193821,HYANNIS,US-MA,41.6649,-70.3038,1893,2025
USW00094720,HYANNIS BARNSTABLE MUNICIPAL AIRPORT,US-MA,41.6719,-70.26972,1998,2025
USC00193876,IPSWICH,US-MA,42.66472,-70.86583,1926,2009
USC00193890,JAMAICA PLAIN,US-MA,42.30298,-71.12415,1962,2025
USC00193931,JEFFERSON,US-MA,42.36667,-71.9,1897,1959
USC00193985,KNIGHTVILLE DAM,US-MA,42.28333,-72.86667,1948,1997
USC00194012,LAKE COCHITUATE,US-MA,42.31667,-71.38333,1885,1960
USC00194105,LAWRENCE,US-MA,42.6993,-71.1659,1893,2025
USW00094723,LAWRENCE MUNICIPAL AIRPORT,US-MA,42.71249,-71.12558,1997,2025
USC00194131,LENOX DALE,US-MA,42.3356,-73.2506,1996,2025
USC00194313,LOWELL,US-MA,42.6409,-71.3637,1885,2025
USC00194340,LUDLOW CENTER,US-MA,42.2,-72.483333,1885,1906
USC00194502,MARBLEHEAD,US-MA,42.5007,-70.8644,1984,2025
USW00004769,MAYNARD,US-MA,42.41667,-71.48333,1958,1971
USC00194580,MAYNARD 2,US-MA,42.4293,-71.4425,1963,2018
USC00194711,MIDDLEBORO,US-MA,41.8819,-70.9085,1893,2025
USC00194744,MIDDLETON,US-MA,42.5934,-71.0187,1925,2025
USC00194760,MILFORD,US-MA,42.1633,-71.5119,1885,2025
USC00194771,MILLBURY,US-MA,42.18333,-71.75,1930,1960
USC00194875,MONSON,US-MA,42.083333,-72.333333,1885,1911
USW00014756,NANTUCKET MEMORIAL AIRPORT,US-MA,41.25407,-70.05893,1948,2025
USC00195175,NATICK,US-MA,42.2825,-71.344,1978,2014
USC00195246,NEW BEDFORD COOP,US-MA,41.5954,-70.9052,1893,2019
USW00094726,NEW BEDFORD MUNICIPAL AIRPORT,US-MA,41.67908,-70.95911,1996,2025
USC00195306,NEW SALEM,US-MA,42.45,-72.33333,1897,1998
USC00195285,NEWBURYPORT,US-MA,42.83203,-70.91518,1893,2025
USW00054768,NORTH ADAMS HARRIMAN AIRPORT,US-MA,42.69729,-73.1696,1987,2025
USC00195891,NORTH TRURO,US-MA,42.03333,-70.05,1886,1954
USC00195524,NORTHBRIDGE 2,US-MA,42.11504,-71.676,1964,2025
USC00195984,NORTON WEST,US-MA,41.9928,-71.1666,1913,2025
USW00054704,NORWOOD MEMORIAL AIRPORT,US-MA,42.19123,-71.17326,1998,2025
USW00054756,ORANGE MUNICIPAL AIRPORT,US-MA,42.56998,-72.28696,1996,2025
USC00196322,PETERSHAM 3 N,US-MA,42.53333,-72.18333,1913,1996
USW00014763,PITTSFIELD MUNICIPAL AIRPORT,US-MA,42.42686,-73.28907,1925,2025
USC00196486,PLYMOUTH KINGSTON,US-MA,41.982,-70.696,1893,2015
USW00054769,PLYMOUTH MUNICIPAL AIRPORT,US-MA,41.90851,-70.72785,1996,2025
USC00196644,PRINCETON,US-MA,42.45,-71.86667,1896,1959
USC00196676,PROVINCETOWN 3 NW,US-MA,42.08333,-70.21667,1893,1958
USC00196783,READING,US-MA,42.524,-71.1249,1960,2019
USC00196938,ROCHESTER,US-MA,41.7849,-70.9176,1900,2025
USC00196988,ROWE,US-MA,42.7,-72.9,1884,2015
USC00197124,SALEM COAST GUARD AIR STATION,US-MA,42.53333,-70.86667,1948,1967
USC00197190,SANDWICH,US-MA,41.76667,-70.5,1945,1968
USC00197293,SEGREGANSET,US-MA,41.83333,-71.11667,1941,1980
USC00197370,SHELBURNE FALLS,US-MA,42.61667,-72.73333,1930,1977
USC00197692,SOUTH EGREMONT,US-MA,42.15,-73.45,1902,1973
USW00014790,SOUTH WEYMOUTH NAS,US-MA,42.15,-70.93333,1945,1996
USC00197627,SOUTHBRIDGE 3 SW,US-MA,42.0583,-72.0721,1926,2025
USC00198046,SPRINGFIELD,US-MA,42.1,-72.58333,1893,1984
USW00014789,SQUANTUM NAS,US-MA,42.26667,-71.03333,1945,1951
USC00198154,STERLING,US-MA,42.45,-71.81667,1896,1985
USC00198181,STOCKBRIDGE,US-MA,42.3,-73.33333,1929,2025
USC00198301,SWAMPSCOTT,US-MA,42.46667,-70.9,1929,1957
USC00198367,TAUNTON,US-MA,41.90028,-71.06583,1893,2007
USW00054777,TAUNTON MUNICIPAL AIRPORT,US-MA,41.87561,-71.02083,1997,2025
USC00198573,TULLY LAKE,US-MA,42.6394,-72.2244,1949,2025
USC00198580,TURNERS FALLS,US-MA,42.61667,-72.55,1892,1977
USW00094724,VINEYARD HAVEN MARTHAS VINEYARD AIRPORT,US-MA,41.39296,-70.61592,1998,2025
USC00199316,WEST MEDWAY,US-MA,42.13333,-71.43333,1957,2004
USC00199371,WEST OTIS,US-MA,42.1819,-73.2236,1926,2014
USC00199442,WEST RUTLAND,US-MA,42.36667,-71.98333,1927,1959
USC00199191,WESTFIELD,US-MA,42.13333,-72.75,1926,1995
USW00014775,WESTFIELD BARNES REGIONAL AIRPORT,US-MA,42.16005,-72.71246,1948,2025
USC00199360,WESTON,US-MA,42.38333,-71.31667,1896,1968
USC00199708,WILLARD BRK ST FRST,US-MA,42.66667,-71.8,1950,1954
USC00199891,WOODS HOLE GOLF CLUB,US-MA,41.5326,-70.6589,2011,2021
USC00199928,WORCESTER,US-MA,42.3,-71.81667,1892,1962
USW00094746,WORCESTER REGIONAL AIRPORT,US-MA,42.2706,-71.8731,1948,2025
USW00013701,ABERDEEN PHILLIPS FIELD,US-MD,39.4716,-76.1697,1919,2025
USW00013751,ANACOSTIA NAS,US-MD,38.85,-77.03333,1945,1956
USC00180185,ANNAPOLIS NAVAL ACM,US-MD,38.98333,-76.48333,1894,1976
USC00180193,ANNAPOLIS POLICE BAR,US-MD,38.99361,-76.5075,1951,2005
USW00013752,ANNAPOLIS UNITED STATES NAVAL ACADEMY ASOS,US-MD,38.9913,-76.4891,1945,2025
USW00013777,BALTIMORE CUSTOMS HOUSE,US-MD,39.28333,-76.61667,1871,1999
USC00180475,BALTIMORE HAMILTON,US-MD,39.35,-76.55,1948,1960
USC00180460,BALTIMORE SLEDDS POI,US-MD,39.2,-76.56667,1949,1957
USW00093721,BALTIMORE WASHINGTON INTERNATIONAL AIRPORT,US-MD,39.17329,-76.68408,1939,2025
USC00180700,BELTSVILLE,US-MD,39.0302,-76.9315,1941,2025
USC00180701,BELTSVILLE PLANT STATION,US-MD,39.03333,-76.93333,1949,1960
USC00180732,BENSON POLICE BARRAC,US-MD,39.5,-76.38333,1948,1995
USC00180737,BENTLEY SPRINGS 1 WN,US-MD,39.68333,-76.7,1949,1960
USC00180881,BITTINGER 2 NW,US-MD,39.61667,-79.25,1953,1976
USC00180915,BLACKWATER REFUGE,US-MD,38.43333,-76.13333,1941,1976
USC00180986,BOONSBORO,US-MD,39.51667,-77.65,1960,1972
USC00181032,BOYDS 2 NW,US-MD,39.21667,-77.33333,1919,1991
USC00181125,BRIGHTON DAM,US-MD,39.1911,-77.0069,1948,2017
USC00181135,BRIGHTWOOD DC,US-MD,38.95,-77.01667,1944,1959
USC00181170,BROOKDALE,US-MD,38.95,-77.1,1945,1973
USC00181180,BROOKSIDE MANOR,US-MD,38.96667,-76.96667,1945,1953
USC00181385,CAMBRIDGE WATER TREATMENT,US-MD,38.56667,-76.06667,1893,1991
USW00013705,CAMP SPRINGS ANDREWS AFB,US-MD,38.81667,-76.86667,1949,1970
USC00181530,CATOCTIN MOUNTAIN PARK,US-MD,39.6452,-77.483,1968,2012
USC00181627,CENTREVILLE,US-MD,39.05,-76.06667,1953,1985
USC00181685,CHARLOTTE HALL,US-MD,38.46667,-76.75,1893,1961
USC00181686,CHARLOTTE HALL 2 SE,US-MD,38.46667,-76.76667,1961,1972
USC00181710,CHELTENHAM 1 NW,US-MD,38.73333,-76.85,1901,1956
USC00181750,CHESTERTOWN,US-MD,39.2166,-76.0519,1893,2011
USC00181890,CLEAR SPRING 1 ENE,US-MD,39.66667,-77.9,1899,1960
USC00181995,COLLEGE PARK,US-MD,38.98333,-76.95,1894,1996
USC00182060,CONOWINGO DAM,US-MD,39.65562,-76.17506,1936,2025
USC00182205,CRISFIELD,US-MD,37.966667,-75.866667,1906,1963
USC00182280,CUMBERLAND,US-MD,39.65,-78.75,1891,1974
USC00182285,CUMBERLAND POLICE BR,US-MD,39.63944,-78.83083,1948,2005
USC00182308,CYLBURN,US-MD,39.35302,-76.65397,2003,2025
USC00182325,DALECARLIA RESERVOIR,US-MD,38.9385,-77.1134,1948,2025
USC00182523,DENTON 2 E,US-MD,38.88333,-75.8,1893,1989
USC00182660,DUNDALK,US-MD,39.26667,-76.51667,1949,1960
USC00182700,EASTON,US-MD,38.74278,-76.06694,1893,1977
USC00181980,ECHO HILL OUTDOOR SCHOOL,US-MD,39.36112,-76.11424,1899,1971
USC00182860,ELKTON,US-MD,39.61667,-75.83333,1927,1976
USC00182905,EMMITSBURG,US-MD,39.68333,-77.35,1893,1956
USC00182906,EMMITSBURG 2 SE,US-MD,39.67621,-77.28443,1956,2025
USC00183050,FALLSTON,US-MD,39.51667,-76.4,1893,1953
USC00183230,FORT GEORGE G MEADE,US-MD,39.1,-76.75,1942,1975
USW00013749,FREDERICK AF,US-MD,39.43333,-77.45,1949,1955
USW00013730,FREDERICK MUNICIPAL AIRPORT,US-MD,39.41667,-77.38333,1948,1972
USC00183348,FREDERICK POLICE BAR,US-MD,39.41611,-77.43889,1894,2002
USC00183410,FROSTBURG,US-MD,39.65,-78.93333,1898,1971
USC00183675,GLENN DALE BELL STATION,US-MD,38.9688,-76.8041,1921,2007
USC00183860,GREENBELT,US-MD,39.0,-76.88333,1949,1960
USC00183975,HAGERSTOWN,US-MD,39.65,-77.73333,1895,1993
USC00181790,HAGERSTOWN 1 E,US-MD,39.64034,-77.69778,1899,2025
USW00093706,HAGERSTOWN REGIONAL AIRPORT,US-MD,39.70618,-77.73037,1998,2025
USC00184780,KEEDYSVILLE,US-MD,39.48333,-77.7,1904,1960
USC00185080,LA PLATA,US-MD,38.53333,-77.0,1894,1998
USC00185111,LAUREL 3 W,US-MD,39.0847,-76.9002,1895,2016
USC00185200,LEONARDTOWN 4 SSW,US-MD,38.25,-76.65,1893,1959
USC00185302,LISBON 1 W,US-MD,39.35,-77.1,1949,1954
USC00185530,LUKE,US-MD,39.46667,-79.06667,1938,1965
USW00093784,MARYLAND SCIENCE CENTER,US-MD,39.2814,-76.6111,1998,2025
USC00185865,MECHANICSVILLE 5 NE,US-MD,38.4927,-76.7259,1927,2025
USC00185916,MIDDLE RIVER,US-MD,39.29944,-76.41611,1950,1956
USC00185934,MILLERS 4 NE,US-MD,39.7194,-76.8027,1988,2025
USC00185985,MILLINGTON,US-MD,39.27389,-75.87,1898,2001
USC00186150,MOUNT SAVAGE SUMMIT,US-MD,39.683333,-78.966667,1933,1945
USC00186350,NATIONAL ARBORETUM DC,US-MD,38.91329,-76.97009,1948,2025
USC00186408,NEW GERMANY,US-MD,39.63333,-79.11667,1949,1959
USC00186620,OAKLAND 1 SE,US-MD,39.41317,-79.40025,1893,2025
USW00093786,OCEAN CITY MUNICIPAL AIRPORT,US-MD,38.30911,-75.12336,1999,2025
USC00186770,OWINGS FERRY LANDING,US-MD,38.68333,-76.66667,1917,1998
USC00186785,OXFORD,US-MD,38.7,-76.16667,1937,1954
USC00186800,OXON HILL,US-MD,38.7955,-76.99481,2002,2021
USW00013721,PATUXENT RIVER NAS,US-MD,38.3,-76.41667,1945,2025
USC00186980,PERRY POINT,US-MD,39.55,-76.06667,1936,1954
USC00187010,PICARDY,US-MD,39.55,-78.51667,1927,1973
USC00187140,POCOMOKE CITY,US-MD,38.06667,-75.55,1894,1979
USC00187310,PRESTON 1 S,US-MD,38.7,-75.91667,1949,1976
USC00187325,PRINCE FREDERICK 1 N,US-MD,38.55,-76.58333,1899,1976
USC00187330,PRINCESS ANNE,US-MD,38.2122,-75.6822,1894,2025
USC00187700,ROCK HALL,US-MD,39.13333,-76.23333,1899,1967
USC00187705,ROCKVILLE 1 NE,US-MD,39.10083,-77.14861,1907,2007
USC00187806,ROYAL OAK 2 SSW,US-MD,38.7152,-76.1907,1948,2025
USC00188000,SALISBURY,US-MD,38.365,-75.58917,1893,2011
USW00093720,SALISBURY WICOMICO REGIONAL AIRPORT,US-MD,38.3409,-75.51324,1948,2025
USC00188030,SANDY POINT,US-MD,39.01667,-76.4,1952,1960
USC00188065,SAVAGE RIVER DAM,US-MD,39.5099,-79.1401,1945,2025
USC00188207,SHARPSBURG 5 S,US-MD,39.3983,-77.7212,1998,2022
USC00188315,SINES DEEP CREEK,US-MD,39.5227,-79.4131,1928,2025
USC00188371,SMITHSBURG 2 NW,US-MD,39.66346,-77.58309,2001,2019
USC00188380,SNOW HILL 4 N,US-MD,38.23173,-75.37606,1916,2025
USC00188405,SOLOMONS,US-MD,38.31994,-76.45271,1893,2025
USC00188510,STATE SANATORIUM,US-MD,39.716667,-77.45,1909,1947
USC00188557,STEVENSVILLE 2 SW,US-MD,38.972,-76.338,1926,2025
USC00188725,TAKOMA PARK MISS AVE,US-MD,38.98333,-77.0,1945,1961
USW00093733,TIPTON AIRPORT,US-MD,39.08333,-76.76667,1959,1970
USC00188855,TONOLOWAY,US-MD,39.66667,-78.25,1924,1957
USC00188877,TOWSON,US-MD,39.38333,-76.56667,1907,1996
USC00189035,U S SOLDIERS HOME DC,US-MD,38.93333,-77.01667,1948,1977
USC00189030,UNIONVILLE,US-MD,39.45,-77.18333,1940,1996
USC00189070,UPPER MARLBORO 3 NNW,US-MD,38.8519,-76.7683,1956,2016
USC00189140,VIENNA,US-MD,38.4875,-75.8212,1949,2010
USC00189187,VIERS MILL,US-MD,39.05,-77.08333,1950,1960
USC00189195,WALDORF POLICE BRRCK,US-MD,38.65167,-76.88056,1948,1977
USW00013710,WASHINGTON DC BOLLING FIELD AFB,US-MD,38.83333,-77.01667,1947,1969
USC00189405,WESTERNPORT,US-MD,39.48333,-79.05,1894,1968
USC00189435,WESTMINSTER 2 SSE,US-MD,39.55,-76.98333,1893,1979
USC00189570,WILLIAMSPORT,US-MD,39.6109,-77.8471,1938,2025
USC00189750,WOODSTOCK,US-MD,39.33333,-76.86667,1893,1999
USC00170100,ACADIA NATIONAL PARK,US-ME,44.3738,-68.2591,1982,2014
USC00170200,ALLAGASH,US-ME,47.0886,-69.025,1986,2012
USW00014605,AUGUSTA STATE AIRPORT,US-ME,44.3161,-69.79702,1948,2025
USC00170350,BANGOR,US-ME,44.8,-68.8,1925,1953
USW00014606,BANGOR INTERNATIONAL AIRPORT,US-ME,44.79791,-68.81852,1953,2025
USC00170371,BAR HARBOR 3 NW,US-ME,44.41667,-68.25,1893,1982
USC00170480,BELFAST,US-ME,44.41436,-68.99989,1893,2025
USC00170655,BLANCHARD,US-ME,45.267,-69.5838,1978,2008
USC00170814,BRASSUA DAM,US-ME,45.6602,-69.8119,1929,2025
USC00170833,BRIDGEWATER,US-ME,46.4282,-67.8442,1957,2020
USC00170844,BRIDGTON 3 NW,US-ME,44.07,-70.7468,1955,2019
USW00014611,BRUNSWICK NAS,US-ME,43.9,-69.93333,1940,2010
USC00171131,CAPE NEDDICK,US-ME,43.22411,-70.63882,2001,2025
USW00014607,CARIBOU WEATHER FORECAST OFFICE,US-ME,46.87049,-68.01723,1939,2025
USC00171318,CHAMBERLAIN BRIDGE,US-ME,46.1702,-69.2083,2001,2014
USC00171472,CLAYTON LAKE,US-ME,46.6109,-69.5231,1948,2011
USC00171628,CORINNA,US-ME,44.9197,-69.2416,1947,2025
USC00171756,CUPSUPTIC STOREHOUSE,US-ME,45.01667,-70.85,1956,1960
USC00171823,DAMARISCOTTA MILLS,US-ME,44.13333,-69.51667,1956,1965
USC00171833,DANFORTH,US-ME,45.6611,-67.8613,1978,2008
USC00171901,DIXFIELD,US-ME,44.51871,-70.4078,2021,2025
USC00171975,DOVER FOXCROFT WWTP,US-ME,45.1872,-69.1841,1973,2025
USW00014601,DOW AFB,US-ME,44.8,-68.81667,1949,1970
USC00172238,EAST HIRAM,US-ME,43.87861,-70.75389,1970,2009
USC00172320,EAST MACHIAS,US-ME,44.7236,-67.3817,1999,2009
USC00172442,EAST SANGERVILLE 5 S,US-ME,45.13333,-69.28333,1947,1969
USC00172443,EAST SURRY,US-ME,44.4934,-68.4582,2011,2025
USC00172539,EAST WINTHROP,US-ME,44.31667,-69.9,1931,1959
USC00172426,EASTPORT,US-ME,44.90667,-66.99194,1889,2013
USC00172620,ELLSWORTH,US-ME,44.53333,-68.43333,1910,1995
USC00172623,ELLSWORTH POLL CONTROL,US-ME,44.53528,-68.42056,2002,2011
USC00172700,EUSTIS,US-ME,45.21039,-70.47272,1948,2018
USC00172702,EUSTIS 2,US-ME,45.21667,-70.48333,1962,1967
USC00172751,FALMOUTH,US-ME,43.73333,-70.21667,1991,1995
USC00172765,FARMINGTON,US-ME,44.6986,-70.16185,1893,2025
USC00172868,FORT FAIRFIELD 5 NE,US-ME,46.8,-67.76667,1896,1980
USC00172878,FORT KENT,US-ME,47.2386,-68.61195,1893,2025
USW00004836,FRENCHVILLE NORTHERN AROOSTOOK AIRPORT,US-ME,47.28518,-68.30715,1996,2025
USW00054772,FRYEBURG EASTERN SLOPES REGL AIRPORT,US-ME,43.98992,-70.95006,1996,2025
USC00173046,GARDINER,US-ME,44.2202,-69.789,1886,2025
USC00173110,GILEAD,US-ME,44.4,-70.96667,1943,1965
USC00173261,GRAND LAKE STREAM,US-ME,45.17823,-67.77489,1948,2025
USC00173353,GREENVILLE,US-ME,45.46667,-69.58333,1920,2025
USC00173651,HAYNESVILLE,US-ME,45.85,-68.0,1962,1977
USC00173800,HIRAM 2 S,US-ME,43.85,-70.8,1925,1965
USC00173897,HOULTON,US-ME,46.13333,-67.83333,1893,1985
USW00014609,HOULTON AIRPORT,US-ME,46.11846,-67.79289,1948,2025
USC00174086,JACKMAN,US-ME,45.626,-70.246,1894,2025
USC00174183,JONESBORO,US-ME,44.6454,-67.6495,1948,2008
USC00174420,LAC FRONTIERE,US-ME,46.7,-70.0,1942,1952
USC00174566,LEWISTON,US-ME,44.1,-70.21667,1893,2010
USW00014623,LIMESTONE LORING AFB,US-ME,46.95,-67.88333,1950,1970
USC00174781,LONG FALLS DAM,US-ME,45.2219,-70.1983,1953,2013
USC00174817,LOVELL,US-ME,44.15694,-70.89444,1978,2006
USC00174878,MACHIAS,US-ME,44.72,-67.4538,1893,2015
USC00174927,MADISON,US-ME,44.7976,-69.889,1893,2025
USC00175070,MAYFIELD,US-ME,45.133333,-69.683333,1885,1908
USC00175261,MIDDLE DAM,US-ME,44.7787,-70.9211,1926,2013
USC00175304,MILLINOCKET,US-ME,45.65028,-68.705,1902,2009
USC00175314,MILLINOCKET DAM,US-ME,46.3,-68.83333,1948,1956
USW00014610,MILLINOCKET MUNICIPAL AIRPORT,US-ME,45.64778,-68.69245,1944,2025
USC00175347,MILO,US-ME,45.2563,-69.0101,1921,2012
USC00175460,MOOSEHEAD,US-ME,45.5853,-69.7187,1930,2025
USC00175686,NEW GLOUCESTER,US-ME,43.95,-70.3,1963,1989
USC00175675,NEWCASTLE,US-ME,44.0436,-69.53753,1965,2025
USC00175875,NORTH BRIDGTON,US-ME,44.13333,-70.71667,1893,1953
USC00176420,OLD TOWN,US-ME,44.93333,-68.65,1921,1956
USW00014622,OLD TOWN FAA AIRPORT,US-ME,44.95,-68.66667,1948,1972
USC00176430,ORONO,US-ME,44.89917,-68.67444,1893,2005
USC00176594,PATTEN 2,US-ME,46.0259,-68.4975,1992,2012
USC00176856,POLAND,US-ME,44.00706,-70.36149,1997,2025
USW00014764,PORTLAND JETPORT,US-ME,43.64244,-70.30443,1940,2025
USC00176927,PRENTISS,US-ME,45.45,-68.16667,1947,1957
USC00176937,PRESQUE ISLE,US-ME,46.654,-68.0089,1893,2019
USW00014604,PRESQUE ISLE MUNICIPAL AIRPORT,US-ME,46.68333,-68.05,1951,2025
USC00177037,RANGELEY,US-ME,44.96751,-70.6422,1969,2025
USC00177039,RANGELEY 2 NW,US-ME,44.98923,-70.67223,1997,2025
USC00177174,RIPOGENUS DAM,US-ME,45.8782,-69.1776,1925,1995
USC00177238,ROBBINSTON,US-ME,45.08533,-67.1205,1994,2025
USC00177250,ROCKLAND,US-ME,44.1,-69.11667,1937,1976
USC00177315,ROXBURY,US-ME,44.66667,-70.6,1943,1957
USC00177330,RUMFORD,US-ME,44.55,-70.55,1899,1959
USC00177325,RUMFORD 1 SSE,US-ME,44.53083,-70.53722,1948,2009
USC00177479,SANFORD 2 NNW,US-ME,43.45739,-70.78022,1953,2025
USC00177940,SOUTH ANDOVER,US-ME,44.58333,-70.73333,1943,1976
USC00178353,SPRINGFIELD,US-ME,45.4,-68.16667,1964,1998
USC00178398,SQUA PAN DAM,US-ME,46.55,-68.33333,1927,1999
USC00177407,ST FRANCIS,US-ME,47.16667,-68.9,1961,1969
USC00178721,THE FORKS,US-ME,45.35,-69.96667,1902,1968
USC00178792,TOPSFIELD 2,US-ME,45.4353,-67.7213,2004,2025
USC00178936,UNITY,US-ME,44.58333,-69.33333,1949,1959
USC00178942,UPPER DAM,US-ME,44.8834,-70.8619,1948,2013
USC00178965,VAN BUREN 2,US-ME,47.1664,-67.9396,1963,2025
USC00178969,VANCEBORO,US-ME,45.56667,-67.43333,1902,1950
USC00178974,VANCEBORO 2,US-ME,45.56083,-67.43028,1965,2009
USC00179151,WATERVILLE TREATMENT PLANT,US-ME,44.52735,-69.65378,1958,2025
USC00179826,WATERVILLE WWTP,US-ME,44.55,-69.63333,1895,1958
USC00179314,WEST BUXTON 2 NNW,US-ME,43.6877,-70.6127,1953,2011
USC00179593,WEST ROCKPORT 1 NNW,US-ME,44.19236,-69.14678,1976,2025
USC00179720,WINDHAM 2 NW,US-ME,43.8567,-70.4663,2010,2025
USW00094623,WISCASSET AIRPORT,US-ME,43.96387,-69.71139,1996,2025
USC00179891,WOODLAND,US-ME,45.1542,-67.3985,1917,2025
USC00200032,ADRIAN 2 NNE,US-MI,41.91636,-84.01635,1887,2025
USW00004847,ADRIAN LENAWEE CO AIRPORT,US-MI,41.86784,-84.07946,1998,2025
USC00200050,AHMEEK 1 SW,US-MI,47.292,-88.4209,2010,2016
USC00200089,ALBERTA FORD FOR CENTER,US-MI,46.6448,-88.4812,1957,2025
USC00200094,ALBION,US-MI,42.24941,-84.7732,1888,2021
USC00200128,ALLEGAN 5 NE,US-MI,42.5799,-85.7893,1920,2007
USC00200146,ALMA,US-MI,43.38686,-84.64818,1887,2025
USW00094849,ALPENA CO REGIONAL AIRPORT,US-MI,45.0716,-83.56451,1916,2025
USW00014814,ALPENA WASTEWATER PLANT,US-MI,45.0605,-83.428,1948,2025
USW00094889,ANN ARBOR MUNICIPAL AIRPORT,US-MI,42.22393,-83.73983,1998,2025
USC00200230,ANN ARBOR U OF MICH,US-MI,42.29806,-83.66388,1891,2025
USC00200343,ATLANTA 5 WNW,US-MI,45.02833,-84.23306,1927,2004
USC00200361,AUBURN 2 NE,US-MI,43.6252,-84.0188,2004,2025
USC00200373,AVOCA 4 N,US-MI,43.12556,-82.68861,1997,2003
USC00200417,BAD AXE,US-MI,43.808,-82.9938,1925,2025
USC00200446,BALDWIN,US-MI,43.9005,-85.8505,1896,2016
USC00200485,BARAGA,US-MI,46.78333,-88.48333,1967,1987
USC00200552,BATTLE CREEK 5 NW,US-MI,42.3678,-85.2634,1948,2025
USW00014815,BATTLE CREEK KELLOGG AIRPORT,US-MI,42.31192,-85.24147,1998,2025
USC00200568,BAY CITY,US-MI,43.61667,-83.86667,1896,1978
USC00207277,BEAVER ISLAND,US-MI,45.6911,-85.5463,1905,2025
USC00200647,BEECHWOOD 7 WNW,US-MI,46.18333,-88.88333,1949,1990
USW00094871,BENTON HARBOR,US-MI,42.12894,-86.41518,1996,2025
USC00200710,BENTON HARBOR AIRPORT,US-MI,42.1245,-86.4266,1893,2025
USC00200718,BERGLAND DAM,US-MI,46.5869,-89.5475,1888,2025
USC00200770,BIG BAY 1 NW,US-MI,46.8325,-87.7504,1945,2025
USC00200864,BLOOMINGDALE,US-MI,42.3838,-85.9626,1904,2021
USC00200925,BOYNE FALLS,US-MI,45.1672,-84.9138,1961,2025
USC00200924,BOYNE FALLS ST NURSY,US-MI,45.21667,-84.8,1922,1963
USC00200972,BREVORT 6 NW,US-MI,46.06667,-85.16667,1953,1968
USC00201052,BROWN CITY,US-MI,43.2172,-82.9905,1892,2011
USW00014817,CADILLAC,US-MI,44.2655,-85.3966,1948,2025
USC00201178,CADILLAC 9 AND 10 NEWS,US-MI,44.21138,-85.40865,2009,2025
USC00201238,CAPAC 2 N,US-MI,43.048,-82.9238,2001,2011
USC00201299,CARO WWTP,US-MI,43.4838,-83.3919,1928,2025
USC00205662,CENTRAL MICHIGAN UNIVERSITY,US-MI,43.5859,-84.7694,1895,2025
USC00201439,CHAMPION VAN RIPER P,US-MI,46.5193,-87.9859,1949,2022
USC00201468,CHARLEVOIX,US-MI,45.3172,-85.2672,1891,2025
USC00201476,CHARLOTTE,US-MI,42.5499,-84.825,1902,2025
USC00201484,CHATHAM EXPERIMENT FARM,US-MI,46.35,-86.93333,1900,1988
USC00201486,CHATHAM EXPERIMENT FARM 2,US-MI,46.3414,-86.9242,1987,2025
USC00201492,CHEBOYGAN,US-MI,45.65225,-84.47239,1891,2025
USC00201435,CLARKSBURG,US-MI,46.49909,-87.84506,2005,2025
USC00201675,COLDWATER ST SCHOOL,US-MI,41.9622,-84.9925,1897,2025
USC00201780,COPPER HARBOR FORT WILKINS,US-MI,47.4679,-87.8671,1948,2023
USC00201800,CORNELL 4 WSW,US-MI,45.88333,-87.3,1963,1991
USC00201802,CORNELL 5 SE,US-MI,45.8269,-87.1589,1991,2014
USC00201804,CORNELL 6 NNW,US-MI,45.98333,-87.26667,1951,1970
USC00201896,CROSS VILLAGE 1 E,US-MI,45.6413,-85.0141,1953,2024
USC00201922,CRYSTAL FALLS 6 NE,US-MI,46.16667,-88.23333,1893,1989
USC00202015,DEARBORN,US-MI,42.31917,-83.23839,1952,2025
USC00202028,DEER PARK STATE FORE,US-MI,46.61667,-85.61667,1900,1954
USC00202094,DETOUR VILLAGE,US-MI,45.9983,-83.9013,1900,2025
USW00014822,DETROIT CITY AIRPORT,US-MI,42.40725,-83.00899,1948,2025
USW00094847,DETROIT METRO AIRPORT,US-MI,42.23113,-83.33121,1942,2025
USW00014853,DETROIT WILLOW RUN AIRPORT,US-MI,42.23666,-83.52638,1948,2025
USC00202140,DIMONDALE 1 WSW,US-MI,42.6444,-84.6503,1919,2004
USC00202250,DOWAGIAC 1 W,US-MI,41.9856,-86.132,1953,2025
USC00202248,DOWAGIAC 2 E,US-MI,41.98333,-86.08333,1939,1951
USC00202298,DUNBAR FOREST EXPERIMENTAL ST,US-MI,46.31667,-84.23333,1942,1990
USC00202332,EAGLE HARBOR COAST GUARD,US-MI,47.46667,-88.16667,1899,1972
USC00202381,EAST JORDAN,US-MI,45.15179,-85.1324,1926,2025
USC00202395,EAST LANSING 4 S,US-MI,42.67417,-84.485,1957,2010
USC00202393,EAST LANSING EXPERIM,US-MI,42.7,-84.46667,1910,1960
USC00202423,EAST TAWAS,US-MI,44.2838,-83.5036,1890,2025
USC00202437,EATON RAPIDS,US-MI,42.518,-84.6521,1905,2025
USC00202445,EAU CLAIRE 4 NE,US-MI,42.0153,-86.243,1924,2020
USC00202487,EDMORE,US-MI,43.4,-85.03333,1919,1961
USC00202497,ELBERTA,US-MI,44.61667,-86.21667,1953,1967
USC00202598,ENGADINE MDOT,US-MI,46.128,-85.5696,2009,2025
USW00014824,ESCANABA,US-MI,45.7438,-87.0406,1871,2025
USC00202671,EVART,US-MI,43.91667,-85.26667,1891,1994
USC00202691,FARMINGTON,US-MI,42.4669,-83.3625,2002,2025
USC00202737,FAYETTE 4 SW,US-MI,45.66667,-86.71667,1920,1997
USC00202751,FENNVILLE 3 W,US-MI,42.5939,-86.1558,1990,2011
USC00202783,FIFE LAKE 2 WNW,US-MI,44.5848,-85.3653,2012,2025
USC00202788,FIFE LAKE 3 WSW,US-MI,44.565,-85.4133,2002,2012
USC00202784,FIFE LAKE 4 SW,US-MI,44.55,-85.41667,1919,1983
USC00202851,FLINT 7 W,US-MI,43.0377,-83.7694,1948,2025
USW00014826,FLINT FCWOS,US-MI,42.96684,-83.74996,1948,2025
USC00202984,FRANKFORT 2 NE,US-MI,44.64822,-86.20986,1898,2025
USC00203025,FREMONT 4 WSW,US-MI,43.44527,-86.02646,2007,2025
USC00203078,GARDEN CORNERS,US-MI,45.8983,-86.5485,2008,2025
USC00203081,GARNET,US-MI,46.16667,-85.3,1910,1952
USC00203096,GAYLORD,US-MI,45.0332,-84.7113,1893,2022
USW00004854,GAYLORD OTSEGO CO AIRPORT,US-MI,45.01657,-84.68942,1998,2025
USW00014828,GLADWIN,US-MI,43.9758,-84.4908,1892,2025
USC00203178,GLEN ARBOR LEELANAU SCHOOL,US-MI,44.91667,-85.96667,1948,1954
USC00203188,GLENNIE 2 SE,US-MI,44.5358,-83.7022,2006,2025
USC00203290,GRAND HAVEN FIRE DEPARTMENT,US-MI,43.06222,-86.22444,1903,2001
USC00203306,GRAND LEDGE 1 NW,US-MI,42.7621,-84.7617,1948,2025
USW00014859,GRAND MARAIS,US-MI,46.66667,-85.95,1940,2006
USW00014830,GRAND RAPIDS,US-MI,42.9,-85.66667,1938,1963
USW00094860,GRAND RAPIDS GERALD R FORD INTERNATIONAL AIRPORT,US-MI,42.8821,-85.52297,1963,2025
USC00203331,GRANDVILLE 1 SW,US-MI,42.8971,-85.7794,2023,2025
USC00203391,GRAYLING,US-MI,44.64536,-84.69921,1891,2025
USC00203429,GREENVILLE 2 NNE,US-MI,43.2026,-85.2421,1912,2024
USW00014856,GROSSE ILE NAS,US-MI,42.1,-83.16667,1945,1969
USC00203481,GROSSE POINT SHORES,US-MI,42.43333,-82.88333,1946,1950
USC00203477,GROSSE POINTE FARMS,US-MI,42.4077,-82.8891,1950,2025
USC00203504,GULL LAKE BIOLOGICAL STATION,US-MI,42.3941,-85.385,1929,2025
USW00094836,GWINN K I SAWYER AFB,US-MI,46.35,-87.4,1956,1970
USC00203529,HALE LOUD DAM,US-MI,44.4633,-83.7216,1913,2025
USW00014858,HANCOCK HOUGHTON CO AIRPORT,US-MI,47.16594,-88.48076,1948,2025
USC00203585,HARBOR BEACH 1 SSE,US-MI,43.8322,-82.6427,1899,2025
USC00203616,HARRISON 1 NNW,US-MI,44.03333,-84.8,1893,1985
USC00203624,HARRISVILLE,US-MI,44.65,-83.3,1891,1965
USC00203628,HARRISVILLE STATE PARK,US-MI,44.64975,-83.29585,1971,2025
USC00203632,HART 3 WSW,US-MI,43.6751,-86.4228,1893,2025
USC00203661,HASTINGS,US-MI,42.64208,-85.28819,1893,2025
USC00203712,HELL,US-MI,42.4344,-83.9858,1994,2018
USC00203744,HERMAN,US-MI,46.6653,-88.3772,1968,2025
USC00203749,HERMANSVILLE,US-MI,45.71667,-87.58333,1890,1953
USC00203769,HESPERIA 4 WNW,US-MI,43.5908,-86.1056,1894,2014
USC00203785,HIGGINS LAKE,US-MI,44.51667,-84.75,1908,1978
USC00203823,HILLSDALE,US-MI,41.9352,-84.6411,1891,2025
USW00004839,HOLLAND TULIP CITY AIRPORT,US-MI,42.74634,-86.09677,1996,2025
USC00203858,HOLLAND WTP,US-MI,42.7989,-86.20635,1905,2025
USC00203913,HOPE 3 SW,US-MI,43.73,-84.3702,2003,2011
USC00203930,HOUGHTON LAKE 2 NW,US-MI,44.3122,-84.7747,2000,2013
USC00203932,HOUGHTON LAKE 6 WSW,US-MI,44.3119,-84.8922,1912,2022
USW00094814,HOUGHTON LAKE ROSCOMMON CO AIRPORT,US-MI,44.35904,-84.6739,1964,2025
USC00203917,HOUGHTON MTU,US-MI,47.11667,-88.55,1993,2003
USC00203947,HOWELL WWTP,US-MI,42.59382,-83.93251,1891,2014
USC00203982,HULBERT 2 S,US-MI,46.33333,-85.15,1938,1954
USC00204006,HURON MOUNTAIN,US-MI,46.88333,-87.86667,1949,1959
USC00204078,IONIA 2 SSW,US-MI,42.953,-85.0777,1896,2013
USC00204079,IONIA 3 W,US-MI,42.98145,-85.12095,2021,2025
USW00094893,IRON MOUNTAIN FORD AIRPORT,US-MI,45.81339,-88.11292,1996,2025
USC00204090,IRON MTN KINGSFORD WWTP,US-MI,45.7858,-88.0841,1899,2025
USC00204104,IRONWOOD,US-MI,46.4656,-90.1892,1901,2025
USC00204127,ISHPEMING,US-MI,46.48333,-87.65,1898,1987
USW00014833,JACKSON REYNOLDS FIELD,US-MI,42.26373,-84.45644,1948,2025
USW00094815,KALAMAZOO BATTLE CREEK INTERNATIONAL AIRPORT,US-MI,42.22826,-85.546,1998,2025
USC00204244,KALAMAZOO STATE HOSPITAL,US-MI,42.28333,-85.6,1892,1995
USC00204257,KALKASKA,US-MI,44.728,-85.1727,1938,2025
USC00204258,KALKASKA 11 SE,US-MI,44.5897,-85.0486,2006,2021
USC00204280,KEARSARGE,US-MI,47.2752,-88.417,2014,2025
USC00204320,KENT CITY 2 SW,US-MI,43.2036,-85.7776,1919,2024
USC00204328,KENTON,US-MI,46.4863,-88.8916,1907,2023
USW00094824,KINCHELOE AFB,US-MI,46.25,-84.46667,1953,1977
USC00204623,L ANSE 2 S,US-MI,46.73333,-88.45,1929,1967
USC00204502,LAKE CITY EXPERIMENTAL FARM,US-MI,44.3088,-85.205,1892,2025
USW00014836,LANSING CAPITAL CITY AIRPORT,US-MI,42.77609,-84.59972,1948,2025
USC00204655,LAPEER WWTP,US-MI,43.0608,-83.3074,1948,2025
USC00204944,LOWELL,US-MI,42.92793,-85.34013,1915,2025
USC00204954,LUDINGTON,US-MI,43.9066,-86.3942,1896,2012
USC00204967,LUPTON 1 S,US-MI,44.4199,-84.0232,1951,2025
USC00204969,LUTHER,US-MI,44.03333,-85.68333,1909,1953
USC00205000,MACKINAW CITY 2,US-MI,45.78333,-84.73333,1896,1972
USC00205043,MANCELONA,US-MI,44.9,-85.08333,1896,1953
USC00205065,MANISTEE 3 SE,US-MI,44.2113,-86.2938,1888,2025
USC00205073,MANISTIQUE WWTP,US-MI,45.9512,-86.2513,1896,2025
USC00205097,MAPLE CITY 1 E,US-MI,44.855,-85.8352,1959,2025
USW00014838,MARQUETTE,US-MI,46.5458,-87.3795,1857,2025
USW00094850,MARQUETTE WEATHER FORECAST OFFICE,US-MI,46.5313,-87.5491,1959,2025
USC00205216,MASS,US-MI,46.76667,-89.08333,1940,1954
USC00205254,MC BRIDES,US-MI,43.35,-85.05,1938,1968
USC00205434,MIDLAND,US-MI,43.6088,-84.2011,1970,2025
USC00205436,MIDLAND NUMBER 2,US-MI,43.595,-84.23611,1896,1970
USC00205452,MILFORD GM PROVING GROUND,US-MI,42.5794,-83.6844,1928,2020
USC00205488,MILLINGTON 3 SE,US-MI,43.2836,-83.4791,1891,2025
USC00205531,MIO HYDRO PLANT,US-MI,44.6613,-84.1316,1892,2006
USC00205558,MONROE,US-MI,41.91389,-83.39417,1917,2004
USC00205567,MONTAGUE 4 NW,US-MI,43.461,-86.41773,1893,2025
USC00205591,MORAN,US-MI,45.9902,-84.8361,2003,2020
USC00205603,MORENCI,US-MI,41.7216,-84.2147,1973,2025
USC00205637,MOTT ISLAND ISLE ROYALE,US-MI,48.1069,-88.5468,1940,2019
USW00014804,MOUNT CLEMENS ANG BASE,US-MI,42.6083,-82.8183,1896,2025
USC00205690,MUNISING,US-MI,46.4121,-86.6625,1911,2025
USW00014840,MUSKEGON CO AIRPORT,US-MI,43.17111,-86.23685,1896,2025
USC00205803,NEWAYGO HARDY DAM,US-MI,43.48333,-85.63333,1907,1974
USC00205816,NEWBERRY LUCE CO ROAD COMMISSION,US-MI,46.35155,-85.51629,1896,2025
USC00205892,NILES,US-MI,41.8405,-86.2658,1943,2025
USC00205991,NORTH MANITOU ISLAND 2,US-MI,45.11667,-85.98333,1954,1965
USC00206007,NORTHPORT 2 W,US-MI,45.1322,-85.6472,1987,2025
USC00206012,NW MICHIGAN RESEARCH FARM,US-MI,44.883,-85.6752,1998,2025
USC00206189,ONAWAY 12 S,US-MI,45.18333,-84.2,1900,1955
USC00206184,ONAWAY 4 N,US-MI,45.4108,-84.2233,1928,2023
USC00206210,ONTONAGON,US-MI,46.86667,-89.31667,1900,1977
USW00014808,OSCODA WURTSMITH AIRPORT,US-MI,44.45,-83.4,1951,1970
USC00206300,OWOSSO WWTP,US-MI,43.0161,-84.18,1896,2025
USC00206303,OXFORD,US-MI,42.8094,-83.2569,1978,2009
USC00206353,PARADISE 9 WSW,US-MI,46.6,-85.23333,1947,1952
USC00206404,PAW PAW,US-MI,42.21667,-85.9,1893,1965
USW00014841,PELLSTON REGIONAL AIRPORT,US-MI,45.5644,-84.79291,1948,2025
USC00206507,PETOSKEY,US-MI,45.3725,-84.9766,1891,2025
USC00206510,PETOSKEY NCMC,US-MI,45.3613,-84.9512,2007,2025
USC00206583,PICKFORD 3 NE,US-MI,46.1863,-84.3238,2005,2025
USW00094817,PONTIAC OAKLAND CO INTERNATIONAL AIRPORT,US-MI,42.66314,-83.41016,1998,2025
USC00206658,PONTIAC WWTP,US-MI,42.6388,-83.2555,1894,2025
USC00206663,PORT HOPE,US-MI,43.9483,-82.7141,1997,2014
USC00206680,PORT HURON,US-MI,42.975,-82.4194,1933,2025
USC00207068,ROCK 1 E,US-MI,46.06667,-87.15,1905,1990
USC00207094,ROGERS CITY,US-MI,45.4169,-83.8158,1979,2009
USC00207089,ROGERS CITY 3 S,US-MI,45.38333,-83.83333,1896,1978
USC00207096,ROGERS CITY HOEFT SP,US-MI,45.46477,-83.88252,2009,2025
USC00207097,ROMEO 1 N,US-MI,42.81667,-83.01667,1889,1973
USC00207187,RUDYARD,US-MI,46.23333,-84.6,1938,1953
USC00207190,RUDYARD 4 N,US-MI,46.2963,-84.5761,1978,2009
USC00207225,SAGINAW 5 W,US-MI,43.4172,-84.0641,2008,2018
USC00207217,SAGINAW CON POWER CO,US-MI,43.45,-83.96667,1955,1987
USW00014845,SAGINAW MBS INTERNATIONAL AIRPORT,US-MI,43.52808,-84.08133,1898,2025
USC00207222,SAGINAW NUMBER 3,US-MI,43.4122,-83.9561,1910,2025
USC00207253,SAINT CHARLES,US-MI,43.3,-84.16667,1940,1997
USC00207280,SAINT JOHNS,US-MI,43.0128,-84.5547,1894,2025
USC00207312,SALINE 4 SW,US-MI,42.1236,-83.8199,2002,2025
USC00207320,SAMARIA,US-MI,41.8069,-83.583,2004,2012
USC00207350,SANDUSKY,US-MI,43.4194,-82.8191,1909,2016
USC00207364,SAULT STE MARIE,US-MI,46.48913,-84.31932,1998,2025
USW00014847,SAULT STE MARIE SANDERSON FIELD,US-MI,46.47998,-84.35809,1931,2025
USC00207405,SCOTTVILLE 1 NE,US-MI,43.96667,-86.26667,1917,1978
USC00207407,SCOTTVILLE 2 SE,US-MI,43.93364,-86.24508,2009,2025
USC00207413,SEARS 2 S,US-MI,43.88333,-85.18333,1948,1951
USC00207419,SEBEWAING,US-MI,43.73194,-83.45917,1940,2010
USC00203123,SENEY WILDLIFE REF,US-MI,46.28333,-85.95,1948,1961
USC00207515,SENEY WILDLIFE REF,US-MI,46.28333,-85.95,1961,2001
USC00207684,SOUTH BOARDMAN 2 W,US-MI,44.6391,-85.325,2003,2017
USC00207690,SOUTH HAVEN,US-MI,42.4014,-86.2826,1895,2020
USC00207742,SPALDING 1 NW,US-MI,45.7019,-87.5255,1953,2006
USC00207275,ST. IGNACE,US-MI,45.8608,-84.7196,2009,2021
USC00207812,STAMBAUGH 2 SSE,US-MI,46.0555,-88.6275,1922,2025
USC00207820,STANDISH 4 NE,US-MI,44.0126,-83.8977,1895,2025
USC00207867,STEPHENSON 8 WNW,US-MI,45.39028,-87.7025,1938,2008
USC00207880,STEUBEN,US-MI,46.18535,-86.46418,1938,2024
USC00208032,SUTTONS BAY 4 NW,US-MI,45.01667,-85.7,1938,1968
USC00208043,TAHQUAMENON FALLS S P,US-MI,46.6013,-85.2238,1968,2025
USC00208167,THOMPSONVILLE,US-MI,44.51667,-85.93333,1938,1984
USC00208184,THREE RIVERS,US-MI,41.9299,-85.6385,1895,2025
USW00014850,TRAVERSE CITY CHERRY CAPITAL AIRPORT,US-MI,44.73895,-85.5679,1896,2025
USC00208249,TRAVERSE CITY MUNSON,US-MI,44.7607,-85.6443,2001,2021
USC00208293,TROUT LAKE 1 SW,US-MI,46.1796,-85.0311,1948,2017
USC00208417,VANDERBILT 11 ENE,US-MI,45.1702,-84.4397,1913,2025
USC00208650,WASHINGTON,US-MI,42.73333,-83.03333,1974,1987
USC00208680,WATERSMEET,US-MI,46.2778,-89.1742,1909,2021
USC00208706,WATTON 2 WSW,US-MI,46.52664,-88.64243,2005,2025
USC00208725,WAYNE,US-MI,42.26667,-83.35,1897,1956
USC00208772,WELLSTON TIPPY DAM,US-MI,44.2586,-85.9394,1917,2025
USC00208800,WEST BRANCH 3 SE,US-MI,44.2541,-84.2011,1900,2025
USC00208890,WHITE CLOUD 9 E,US-MI,43.5491,-85.5841,1988,2012
USC00208955,WHITE PINE MINE,US-MI,46.75,-89.56667,1946,1955
USC00208920,WHITEFISH POINT,US-MI,46.7475,-84.9857,1900,2015
USC00209006,WILLIAMSTON,US-MI,42.7103,-84.2503,1892,2010
USC00209014,WILLIS 5 SSW,US-MI,42.08333,-83.58333,1929,1983
USC00209188,YALE 1 NNW,US-MI,43.1447,-82.8011,1926,2020
USC00210018,ADA,US-MN,47.2991,-96.5161,1893,2025
USC00210050,AGASSIZ REFUGE,US-MN,48.3005,-95.9816,1957,2025
USC00210059,AITKIN 2 E,US-MN,46.5257,-93.6674,1940,2022
USC00210075,ALBERT LEA 3 SE,US-MN,43.6064,-93.3019,1893,2025
USW00014910,ALEXANDRIA CHANDLER FIELD,US-MN,45.86801,-95.39399,1940,2025
USC00210195,ANGUS 1 N,US-MN,48.1,-96.7,1902,1975
USC00210252,ARGYLE,US-MN,48.3311,-96.8252,1890,2019
USC00210287,ARTICHOKE LAKE 1 E,US-MN,45.38564,-96.12578,1917,2025
USW00004902,AUSTIN MUNICIPAL AIRPORT,US-MN,43.66472,-92.93333,2013,2025
USC00210355,AUSTIN WASTE WATER TREATMENT FACILITY,US-MN,43.6542,-92.9739,1937,2025
USC00210387,BABBITT,US-MN,47.7121,-91.9533,1999,2022
USC00210390,BABBITT 2 SE,US-MN,47.68333,-91.91667,1938,1986
USC00210515,BAUDETTE,US-MN,48.7095,-94.5853,1908,2025
USC00210520,BAUDETTE 21 SSE,US-MN,48.41667,-94.56667,1963,1990
USW00094961,BAUDETTE INTERNATIONAL AIRPORT,US-MN,48.72606,-94.61216,1996,2025
USC00210541,BEARDSLEY,US-MN,45.55,-96.71667,1893,1973
USC00210559,BEAVER,US-MN,44.15,-92.01667,1936,1989
USC00210564,BEAVER BAY 5 SW,US-MN,47.20028,-91.36722,2005,2014
USC00210643,BEMIDJI,US-MN,47.5353,-94.8268,1896,2025
USC00210667,BENSON,US-MN,45.3167,-95.6166,1952,2025
USC00210746,BIG FALLS,US-MN,48.1969,-93.7994,1930,2025
USC00210754,BIGFORK 5 ESE,US-MN,47.7,-93.55,1926,1980
USC00210783,BIRD ISLAND,US-MN,44.76667,-94.9,1893,1976
USC00210803,BLACKDDCK RANGER STATION,US-MN,47.71667,-94.56667,1907,1953
USC00210809,BLACKDUCK,US-MN,47.6713,-94.5175,1989,2019
USC00210826,BLANCHARD POWER STATION,US-MN,45.86667,-94.35,1948,1985
USC00210852,BLUE EARTH,US-MN,43.6453,-94.0937,1948,2009
USC00210855,BLUE EARTH 1 S,US-MN,43.6237,-94.0947,2009,2025
USC00210934,BRAINERD,US-MN,46.36667,-94.18333,1898,1955
USC00210939,BRAINERD,US-MN,46.3433,-94.2086,1908,2025
USW00094938,BRAINERD CROW WING CO AIRPORT,US-MN,46.40206,-94.12734,1996,2025
USC00210981,BRICELYN,US-MN,43.544,-93.8423,1940,2022
USC00210989,BRIMSON 2 S,US-MN,47.2472,-91.8624,1948,2025
USC00211063,BROWNS VALLEY,US-MN,45.59595,-96.82841,1973,2023
USC00211074,BRUNO 7 ENE,US-MN,46.3004,-92.5337,1990,2024
USC00211107,BUFFALO,US-MN,45.1969,-93.8399,1940,2013
USC00211174,BYRON 4NORTH,US-MN,44.0909,-92.64,1993,2018
USC00211198,CALEDONIA,US-MN,43.6309,-91.5027,1893,2025
USC00211227,CAMBRIDGE,US-MN,45.55646,-93.23484,1893,2025
USC00211250,CAMP NORRIS DNR,US-MN,48.61,-95.1816,2001,2025
USC00211245,CAMPBELL,US-MN,46.09583,-96.40917,1894,2006
USC00211263,CANBY,US-MN,44.7184,-96.2696,1916,2025
USC00211303,CARIBOU 2 S,US-MN,48.95111,-96.46389,1939,2002
USC00211374,CASS LAKE,US-MN,47.3847,-94.6147,1906,2025
USC00211422,CELINA 2 E,US-MN,47.8663,-93.0266,2014,2025
USC00211448,CHANHASSEN WSFO,US-MN,44.8496,-93.5644,1996,2025
USC00211465,CHASKA,US-MN,44.8,-93.5833,1925,2001
USC00211468,CHASKA 2 NW,US-MN,44.813,-93.6312,2003,2017
USC00211630,CLOQUET,US-MN,46.70539,-92.52391,1911,2025
USC00211675,COLERAINE,US-MN,47.26667,-93.46667,1904,1954
USC00211691,COLLEGEVILLE ST. JOHN S,US-MN,45.5794,-94.392,1893,2025
USC00211771,COOK 8 NE,US-MN,47.8948,-92.5337,1999,2025
USC00211840,COTTON,US-MN,47.1687,-92.4629,1962,2025
USC00211857,CRANE LAKE RANGER ST,US-MN,48.26667,-92.46667,1926,1977
USC00211891,CROOKSTON NW EXPERIMENTAL STATION,US-MN,47.8186,-96.6139,1890,2025
USC00212015,DALTON 3 S,US-MN,46.125,-95.90889,2007,2011
USC00212023,DASSEL 3 SE,US-MN,45.04181,-94.27818,2003,2023
USC00212038,DAWSON,US-MN,44.9318,-96.045,1893,2025
USC00212050,DEEP PORTAGE,US-MN,46.8998,-94.3873,1982,2011
USC00212088,DELANO,US-MN,45.04698,-93.77717,1977,2025
USC00212142,DETROIT LAKES 1 NNE,US-MN,46.8373,-95.8375,1895,2025
USC00212146,DETROIT LAKES 12 E,US-MN,46.8576,-95.6068,2009,2025
USW00004978,DODGE CENTER AIRPORT,US-MN,44.01778,-92.83139,2020,2025
USC00212253,DULUTH,US-MN,46.78333,-92.1,1935,1959
USW00014913,DULUTH INTERNATIONAL AIRPORT,US-MN,46.8436,-92.18658,1948,2025
USC00212476,ELBOW LAKE,US-MN,46.01083,-95.87556,1940,1988
USC00212486,ELGIN 2 SSW,US-MN,44.0969,-92.2702,1939,2025
USC00212500,ELK RIVER,US-MN,45.30565,-93.58253,1940,2025
USC00212561,ELY,US-MN,47.9056,-91.8283,2011,2025
USC00212555,ELY 25 E,US-MN,47.97318,-91.45834,1998,2025
USC00212576,EMBARRASS,US-MN,47.64317,-92.22648,1994,2025
USC00212645,EVELETH WASTE WATER PLANT,US-MN,47.4581,-92.5303,1986,2025
USC00212698,FAIRMONT,US-MN,43.6447,-94.4656,1893,2013
USC00212721,FARIBAULT,US-MN,44.3092,-93.266,1895,2025
USC00212737,FARMINGTON 3 NW,US-MN,44.666,-93.17559,1893,2025
USC00212768,FERGUS FALLS,US-MN,46.2919,-96.1172,1893,2018
USC00212842,FLOODWOOD 2 E,US-MN,46.9202,-92.8668,1986,2025
USC00212881,FOREST LAKE 5 NE,US-MN,45.33159,-92.89824,1958,2025
USC00212900,FORT RIDGELY STATE PARK,US-MN,44.456,-94.735,2011,2013
USC00212904,FORT RIPLEY,US-MN,46.18056,-94.36556,1889,1990
USC00212916,FOSSTON 1 E,US-MN,47.5639,-95.7246,1909,2020
USC00213051,GARRISON 4 NE,US-MN,46.33056,-93.7675,1991,1996
USC00213076,GAYLORD,US-MN,44.55647,-94.22077,1956,2025
USC00213104,GEORGETOWN 1 E,US-MN,47.0792,-96.7758,1962,2025
USC00213174,GLENWOOD 2 WNW,US-MN,45.6584,-95.4392,1895,2018
USC00213206,GONVICK 2 W,US-MN,47.73333,-95.51667,1919,1990
USC00213282,GRAND MARAIS,US-MN,47.7518,-90.3282,1900,2025
USC00213290,GRAND MEADOW,US-MN,43.7047,-92.5644,1893,2025
USC00213296,GRAND PORTAGE,US-MN,47.9711,-89.6908,1895,2025
USC00213303,GRAND RAPIDS FORESTRY LAB,US-MN,47.2436,-93.4975,1915,2025
USC00213411,GULL LAKE DAM,US-MN,46.4119,-94.3608,1911,2025
USC00213417,GUNFLINT LAKE 10 NW,US-MN,48.1603,-90.8842,1951,2025
USC00213455,HALLOCK,US-MN,48.7715,-96.9406,1899,2025
USC00213520,HARMONY,US-MN,43.5458,-92.0122,1939,2020
USC00213567,HASTINGS DAM 2,US-MN,44.7597,-92.8689,1893,2025
USC00213708,HERMAN,US-MN,45.8,-96.15,1940,1957
USW00094931,HIBBING CHISHOLM HIBBING AIRPORT,US-MN,47.38039,-92.83246,1962,2025
USC00213727,HIBBING POWER SUBSTN,US-MN,47.43333,-92.96667,1948,1981
USC00213756,HIGH LANDING 2 NW,US-MN,48.06667,-95.85,1939,1993
USC00213793,HINCKLEY,US-MN,45.9919,-92.9927,1905,2011
USC00213921,HOYT LAKES 5 N,US-MN,47.58333,-92.13333,1958,1984
USC00213962,HUTCHINSON 1 N,US-MN,44.909,-94.3674,1893,2009
USC00213965,HUTCHINSON 1 W,US-MN,44.8978,-94.3719,2010,2014
USC00214008,INDUSTRIAL 3 W,US-MN,48.62802,-93.9048,1943,2025
USW00014918,INTERNATIONAL FALLS INTERNATIONAL AIRPORT,US-MN,48.55943,-93.39554,1906,2025
USC00214068,ISABELLA 1 W,US-MN,47.6181,-91.3753,1957,2005
USC00214093,ISLAND LAKE 4 E,US-MN,47.02389,-92.07,2009,2020
USC00214096,ISLAND LAKE RESERVOIR,US-MN,46.98333,-92.23333,1948,1995
USC00214103,ISLE 12 N,US-MN,46.3197,-93.5013,1959,2023
USC00214106,ITASCA UNIVERSITY OF MINN,US-MN,47.2255,-95.1919,1911,2025
USC00214176,JORDAN 1 SSW,US-MN,44.6501,-93.6356,1942,2025
USC00214191,KABETOGAMA,US-MN,48.4088,-93.0484,1997,2025
USC00214213,KARLSTAD,US-MN,48.58333,-96.51667,1962,1992
USC00214233,KELLIHER,US-MN,47.9422,-94.4553,1909,2023
USC00214306,KETTLE FALLS,US-MN,48.5011,-92.6444,1943,2025
USC00214418,LA CRESCENT DAM 7,US-MN,43.8657,-91.31,1939,2025
USC00214438,LAKE CITY,US-MN,44.4363,-92.2793,1896,2025
USC00214534,LAKE WILSON,US-MN,43.99878,-95.94908,1973,2025
USC00214453,LAKEFIELD 2 NE,US-MN,43.7022,-95.1519,1948,2025
USC00214546,LAMBERTON SOUTHWEST RESEARCH AND OUTREACH CENTER,US-MN,44.2395,-95.3152,1961,2025
USC00214641,LE CENTER 2 SE,US-MN,44.38333,-93.71667,1940,1991
USC00214652,LEECH LAKE,US-MN,47.2467,-94.2228,1893,2025
USC00214778,LITCHFIELD,US-MN,45.12794,-94.53468,1908,2025
USC00214793,LITTLE FALLS 2 NNE,US-MN,46.0039,-94.345,1895,2013
USC00214809,LITTLEFORK 10 SW,US-MN,48.36806,-93.72139,1994,2013
USC00214806,LITTLEFORK RANGER ST,US-MN,48.4,-93.55,1910,1952
USC00214861,LONG PRAIRIE,US-MN,45.9646,-94.8892,1893,2025
USC00214884,LOWER ST. ANTHONY FALLS,US-MN,44.97855,-93.24695,1991,2025
USC00214918,LUTSEN 3 NNE,US-MN,47.69806,-90.66556,1986,2006
USC00214937,LUVERNE,US-MN,43.6659,-96.20224,1893,2025
USC00214994,MADISON WWTP,US-MN,45.00236,-96.16611,1940,2025
USC00215012,MAHNOMEN,US-MN,47.3169,-95.9691,1927,2025
USC00215020,MAHONING MINE,US-MN,47.46667,-92.98333,1938,1962
USW00014954,MANKATO MUNICIPAL AIRPORT,US-MN,44.21667,-93.91667,2011,2025
USC00215136,MAPLE PLAIN,US-MN,45.0,-93.65,1893,1986
USC00215175,MARCELL 5 NE,US-MN,47.6308,-93.6522,1981,2006
USC00215204,MARSHALL,US-MN,44.4716,-95.79019,1935,2025
USC00215298,MEADOWLANDS 9 S,US-MN,46.98333,-92.73333,1915,1985
USC00215325,MELROSE,US-MN,45.6773,-94.80203,1954,2025
USC00215392,MILACA,US-MN,45.7532,-93.6617,1897,2025
USC00215400,MILAN 1 NW,US-MN,45.1219,-95.9269,1893,2025
USW00094960,MINNEAPOLIS CRYSTAL AIRPORT,US-MN,45.06222,-93.35107,1997,2025
USW00094963,MINNEAPOLIS FLYING CLOUD AIRPORT,US-MN,44.83214,-93.47051,1997,2025
USW00014947,MINNEAPOLIS NAS,US-MN,44.88333,-93.21667,1945,1961
USW00014922,MINNEAPOLIS ST. PAUL INTERNATIONAL AIRPORT,US-MN,44.88523,-93.23133,1938,2025
USC00215482,MINNEOTA,US-MN,44.55608,-95.98042,1948,2025
USC00215488,MINNESOTA CITY DAM 5,US-MN,44.1601,-91.81247,1939,2025
USC00215563,MONTEVIDEO 1 SW,US-MN,44.9341,-95.74597,1893,2021
USC00215571,MONTGOMERY,US-MN,44.4597,-93.6631,1948,2014
USC00215589,MOORHEAD ST TEACHERS,US-MN,46.86667,-96.75,1900,1953
USC00215598,MOOSE LAKE 1 SSE,US-MN,46.4378,-92.7578,1913,2021
USC00215615,MORA,US-MN,45.8776,-93.3147,1904,2025
USC00215638,MORRIS WEST CENTRAL RESEARCH AND OUTREACH CENTER,US-MN,45.5901,-95.8745,1886,2025
USC00215819,NETT LAKE,US-MN,48.1,-93.08333,1968,1973
USC00216212,NETT LAKE,US-MN,48.05,-93.1,1961,1972
USC00215838,NEW HOPE,US-MN,45.01,-93.3792,1967,2025
USC00215842,NEW LONDON,US-MN,45.3049,-94.9393,1893,2009
USC00215887,NEW ULM 2 SE,US-MN,44.3006,-94.4896,1893,2010
USC00215888,NEW ULM 3 SE,US-MN,44.29451,-94.40842,2011,2023
USC00216008,NORTH MANKATO 2,US-MN,44.1709,-94.0385,2011,2025
USC00215989,NORTHOME 3 S,US-MN,47.8359,-94.2555,2008,2025
USC00216148,OKLEE,US-MN,47.83333,-95.85,1939,1996
USC00216152,OLIVIA 3 E,US-MN,44.7629,-94.9298,1976,2014
USC00216213,ORR,US-MN,48.0553,-92.8425,1926,1954
USC00216211,ORR 3 E,US-MN,48.0508,-92.7636,2007,2025
USC00216224,ORTONVILLE,US-MN,45.3,-96.45,1892,1983
USC00216228,ORWELL DAM,US-MN,46.2154,-96.178,1971,2025
USC00216276,OTTERTAIL,US-MN,46.4145,-95.5464,1940,2025
USC00216287,OWATONNA,US-MN,44.0976,-93.2318,1961,2025
USW00094967,PARK RAPIDS MUNICIPAL AIRPORT,US-MN,46.89967,-95.06682,1893,2025
USC00216405,PELICAN RAPIDS,US-MN,46.569,-96.0894,1940,2024
USC00216547,PINE RIVER DAM,US-MN,46.6694,-94.1089,1893,2025
USC00216565,PIPESTONE,US-MN,44.01377,-96.32533,1877,2025
USC00216612,POKEGAMA DAM,US-MN,47.2508,-93.5861,1893,2025
USC00216654,PRESTON,US-MN,43.6725,-92.0747,1952,2025
USW00004927,PRESTONE FILLMORE CO AIRPORT,US-MN,43.67667,-92.17972,2013,2025
USC00216787,RED LAKE FALLS,US-MN,47.87945,-96.28446,1913,2025
USC00216795,RED LAKE INDIAN AGCY,US-MN,47.8761,-95.0167,1893,2025
USC00216822,RED WING DAM 3,US-MN,44.60981,-92.6098,1948,2025
USC00216839,REDWOOD FALLS,US-MN,44.5485,-95.09968,1980,2022
USW00014992,REDWOOD FALLS MUNICIPAL AIRPORT,US-MN,44.54827,-95.08042,1892,2025
USC00216849,REMER NUMBER 2,US-MN,47.06222,-93.915,1957,2000
USC00216920,RICE,US-MN,45.7576,-94.2072,2006,2025
USC00216972,RIVERTON,US-MN,46.46667,-94.05,1948,1989
USW00014925,ROCHESTER INTERNATIONAL AIRPORT,US-MN,43.904,-92.49207,1893,2025
USC00217087,ROSEAU,US-MN,48.84861,-95.7675,1895,2006
USC00217107,ROSEMOUNT RESEARCH AND OUTREACH CENTER,US-MN,44.71673,-93.09798,1950,2025
USC00217149,ROTHSAY,US-MN,46.4808,-96.2869,1959,2025
USC00217460,SANDY LAKE DAM LIBBY,US-MN,46.7953,-93.3211,1893,2025
USC00217502,SANTIAGO 3 E,US-MN,45.5459,-93.7571,1959,2025
USC00217602,SHERBURN 3 WSW,US-MN,43.6304,-94.7744,1948,2025
USC00217740,SLAYTON 9 SW,US-MN,43.9,-95.88333,1956,1973
USC00217915,SPRING GROVE,US-MN,43.56194,-91.64472,1935,2001
USC00217935,SPRING PARK,US-MN,44.9346,-93.6275,2002,2013
USC00217907,SPRINGFIELD 1 NW,US-MN,44.247,-94.9865,1937,2014
USC00217308,ST FRANCIS 4 S,US-MN,45.33333,-93.36667,1954,1990
USC00217377,ST PAUL,US-MN,44.94611,-93.03,1956,2006
USW00014926,ST. CLOUD REGIONAL AIRPORT,US-MN,45.54416,-94.0516,1904,2025
USC00217326,ST. JAMES WWTP,US-MN,43.9904,-94.6123,1940,2025
USC00217379,ST. PAUL 3 SW,US-MN,44.9312,-93.154,2006,2017
USW00014927,ST. PAUL DOWNTOWN AIRPORT,US-MN,44.93234,-93.05586,1937,2025
USC00217405,ST. PETER,US-MN,44.32233,-93.96561,1893,2025
USC00218025,STEWART,US-MN,44.73444,-94.3425,1957,2003
USC00218037,STILLWATER 1 SE,US-MN,45.0417,-92.7975,1904,2006
USC00218039,STILLWATER 2 SW,US-MN,45.0455,-92.8522,2006,2025
USC00218191,TAMARAC WILDLIFE REF,US-MN,46.958,-95.6546,1977,2022
USC00218204,TAYLORS FALLS 1 NE,US-MN,45.41667,-92.65,1906,1949
USC00218227,THEILMAN 1 SSW,US-MN,44.28118,-92.19434,1938,2025
USC00218247,THIEF RIVER FALLS 2,US-MN,48.1328,-96.182,1972,2022
USC00218243,THIEF RIVER FALLS MUNICIPAL AIRPORT,US-MN,48.06667,-96.18333,1900,2025
USC00218254,THORHULT,US-MN,48.2109,-95.2475,1945,2025
USC00218311,TOWER 2 S,US-MN,47.7817,-92.2784,1895,2025
USC00218307,TOWER DNR,US-MN,47.8002,-92.2866,1994,2020
USC00218323,TRACY,US-MN,44.23941,-95.63077,1912,2025
USC00218332,TRAIL 12 NNE,US-MN,47.95,-95.65,1939,1966
USC00218419,TWO HARBORS,US-MN,47.0258,-91.6653,1894,2025
USC00218421,TWO HARBORS 7 NW,US-MN,47.1253,-91.7067,1998,2025
USC00218429,TYLER,US-MN,44.278,-96.128,1916,2008
USC00218450,UNIVERSITY OF MN ST. PAUL,US-MN,44.9902,-93.17995,1960,2025
USC00218477,VADNAIS LAKE,US-MN,45.04821,-93.09596,1981,2025
USC00218520,VESTA,US-MN,44.5074,-95.4109,1940,2018
USC00218543,VIRGINIA,US-MN,47.5,-92.55,1910,1987
USC00218579,WADENA 3 S,US-MN,46.3938,-95.1494,1893,2014
USC00218618,WALKER,US-MN,47.0998,-94.5724,1907,2025
USC00218656,WANNASKA 1 S,US-MN,48.65,-95.75,1963,1991
USC00218679,WARROAD,US-MN,48.8947,-95.3303,1901,2014
USC00218692,WASECA SOUTHERN RESEARCH AND OUTREACH CENTER,US-MN,44.07063,-93.52647,1915,2025
USC00218700,WASKISH 4 NE,US-MN,48.2059,-94.4273,1923,2025
USC00218763,WAYLAND 12 NW,US-MN,48.6,-94.51667,1942,1979
USC00218808,WELLS,US-MN,43.7468,-93.7368,1942,2025
USC00218907,WHEATON,US-MN,45.80808,-96.50419,1914,2025
USC00218947,WHITE ROCK DAM,US-MN,45.86209,-96.56521,1939,2025
USC00218939,WHITEFACE RESERVOIR,US-MN,47.28333,-92.18333,1948,1995
USC00218986,WILD RIVER STATE PARK,US-MN,45.52309,-92.74899,1990,2025
USW00014928,WILLMAR,US-MN,45.11667,-95.08333,1948,1951
USC00219001,WILLMAR 5 N,US-MN,45.1901,-95.0586,2010,2023
USC00219004,WILLMAR RTC,US-MN,45.10778,-95.03583,1893,2010
USC00219033,WINDOM,US-MN,43.87717,-95.11589,1905,2025
USC00219046,WINNEBAGO,US-MN,43.7639,-94.1662,1898,2025
USC00219059,WINNIBIGOSHISH DAM,US-MN,47.4305,-94.0504,1893,2025
USC00219067,WINONA,US-MN,44.0422,-91.6364,1893,2009
USC00219072,WINONA DAM 5 A,US-MN,44.0876,-91.6703,1939,2025
USW00004956,WINONA MUNICIPAL MAX CONRAD FIELD AIRPORT,US-MN,44.07694,-91.70806,2013,2025
USC00219085,WINSTED,US-MN,44.9511,-94.0629,1948,2006
USC00219101,WINTON POWER PLANT,US-MN,47.93333,-91.76667,1913,1995
USC00219134,WOLF RIDGE ELC,US-MN,47.3824,-91.1973,1993,2025
USC00219166,WORTHINGTON,US-MN,43.61667,-95.6,1894,1971
USC00219170,WORTHINGTON 2 NNE,US-MN,43.64525,-95.58036,1971,2025
USC00219168,WORTHINGTON RADIO KW,US-MN,43.6308,-95.6816,1983,1994
USC00219173,WRIGHT 3 E,US-MN,46.6804,-92.9543,1961,2025
USC00219249,ZUMBROTA,US-MN,44.29982,-92.66544,1894,2025
USW00093825,ADVANCE 1 S,US-MO,37.0955,-89.9161,1948,2003
USC00230051,ALBANY,US-MO,40.24888,-94.33288,1905,2025
USC00230088,ALLEY SPRING RANGER STATION,US-MO,37.1527,-91.4438,1973,2010
USC00230127,ALTON,US-MO,36.69333,-91.40105,1940,2025
USC00230143,AMITY 4 NE,US-MO,39.8913,-94.36,1935,2023
USC00230164,ANDERSON,US-MO,36.65194,-94.43861,1943,2008
USC00230179,ANNAPOLIS 3 SW,US-MO,37.3,-90.76667,1923,1978
USC00230204,APPLETON CITY,US-MO,38.18945,-94.0244,1893,2025
USC00230224,ARCADIA,US-MO,37.598,-90.6263,1893,2009
USC00230317,ATCHISON RADIO KARE,US-MO,39.61667,-94.98333,1958,1971
USC00230365,AVA RANGER STATION,US-MO,36.95,-92.66667,1923,1972
USC00230539,BELLEVIEW,US-MO,37.69,-90.78,1936,2000
USC00230597,BERRYMAN 6 NW,US-MO,37.95,-91.16667,1958,1981
USC00230608,BETHANY,US-MO,40.25686,-94.02794,1893,2025
USC00230668,BIRCH TREE,US-MO,36.98333,-91.5,1893,1968
USC00230695,BLACK 6 NW,US-MO,37.61667,-90.98333,1944,1954
USC00230735,BLOOMFIELD,US-MO,36.8908,-89.9311,1944,2007
USC00230789,BOLIVAR 1 NE,US-MO,37.6164,-93.3914,1905,2025
USC00230817,BOONVILLE,US-MO,38.9708,-92.7603,1937,2008
USC00230856,BOWLING GREEN 1 E,US-MO,39.34439,-91.17098,1931,2025
USC00230980,BROOKFIELD,US-MO,39.765,-93.0594,1941,2018
USC00231037,BRUNSWICK,US-MO,39.4248,-93.133,1893,2017
USC00231087,BUFFALO 2 N,US-MO,37.66688,-93.10691,1931,2025
USC00231101,BUNKER 4 N,US-MO,37.5143,-91.194,1923,2016
USC00231141,BURLINGTON JUNCTION,US-MO,40.44861,-95.06416,1948,2025
USC00231145,BUTLER 4 W,US-MO,38.2612,-94.405,1940,2025
USW00093995,BUTLER FAA AIRPORT,US-MO,38.3,-94.33333,1949,1960
USC00231212,CAMDENTON 2 NW,US-MO,38.21667,-92.76667,1946,1995
USC00231221,CAMPBELL,US-MO,36.48333,-90.06667,1926,1951
USC00231275,CANTON L AND D 20,US-MO,40.14394,-91.51593,1893,2025
USW00003935,CAPE GIRARDEAU FAA AIRPORT,US-MO,37.22545,-89.57855,1960,2025
USC00231304,CAPLINGER MILLS,US-MO,37.7947,-93.8019,1926,2012
USC00231340,CARROLLTON,US-MO,39.3594,-93.4886,1893,2025
USC00231356,CARTHAGE 5 S,US-MO,37.1772,-94.3047,1893,2013
USC00231364,CARUTHERSVILLE,US-MO,36.1876,-89.6601,1893,2025
USC00231383,CASSVILLE 1 NE,US-MO,36.69288,-93.85491,1911,2025
USC00231467,CENTERVILLE 5 NE,US-MO,37.50417,-90.9225,1893,1999
USC00231472,CENTERVILLE RANGER STATION,US-MO,37.43333,-90.95,1936,1960
USC00231482,CENTRALIA,US-MO,39.2105,-92.1341,1938,2014
USC00231540,CHARLESTON,US-MO,36.92722,-89.35361,1951,2002
USC00231580,CHILLICOTHE 2 S,US-MO,39.775,-93.5357,1915,2025
USW00053916,CHILLICOTHE AGRI SCIENCE CENTER,US-MO,39.819848,-93.576951,1998,2025
USW00013982,CHILLICOTHE RADIO KCHI,US-MO,39.8,-93.55,1917,1980
USC00231600,CLARENCE CANNON DAM,US-MO,39.53315,-91.6451,1989,2025
USC00231674,CLEARWATER DAM,US-MO,37.1319,-90.7755,1946,2025
USC00231711,CLINTON,US-MO,38.395,-93.7711,1906,2025
USC00231748,COLE CAMP 3 NW,US-MO,38.48452,-93.2556,2006,2025
USC00231759,COLE CAMP 9 SE,US-MO,38.33333,-93.08333,1963,1988
USW00093958,COLUMBIA,US-MO,38.95,-92.33333,1890,1951
USC00231800,COLUMBIA 9 WNW,US-MO,38.98333,-92.46667,1944,1953
USW00013983,COLUMBIA MUNICIPAL AIRPORT,US-MO,38.96667,-92.36667,1948,1969
USW00003945,COLUMBIA REGIONAL AIRPORT,US-MO,38.81704,-92.21475,1969,2025
USC00231801,COLUMBIA U OF M,US-MO,38.94243,-92.32044,1997,2025
USC00231822,CONCEPTION,US-MO,40.2394,-94.6833,1893,2025
USC00231837,CONCORDIA,US-MO,38.9783,-93.5702,1893,2025
USC00231870,COOK STATION,US-MO,37.81667,-91.43333,1943,1984
USC00231291,CP GIRARDEAU ST UNIVERSITY,US-MO,37.31667,-89.53333,1945,1960
USC00231980,CRANE MOUNTAIN,US-MO,37.45,-90.63333,1940,1974
USC00232004,CROCKER,US-MO,37.95,-92.26667,1911,1973
USC00232031,CRYSTAL CITY,US-MO,38.23333,-90.38333,1934,1959
USC00232043,CUBA,US-MO,38.05967,-91.39544,1935,2025
USC00232220,DE SOTO,US-MO,38.13988,-90.50645,1901,2025
USC00232235,DEXTER,US-MO,36.79333,-89.9392,1923,2025
USC00232289,DONIPHAN,US-MO,36.6205,-90.8125,1904,2017
USC00232302,DORA 3 SE,US-MO,36.73964,-92.20856,1948,2025
USC00232474,EDGERTON,US-MO,39.5075,-94.6328,1919,2011
USC00232503,ELDON,US-MO,38.34853,-92.58108,1893,2025
USC00232511,ELDORADO SPRINGS,US-MO,37.86403,-94.01563,1905,2025
USC00232547,ELLINGTON,US-MO,37.2333,-90.97,1939,2015
USC00232563,ELLSINORE,US-MO,36.93333,-90.75,1940,1972
USC00232591,ELSBERRY 1 S,US-MO,39.1559,-90.78309,1931,2025
USC00232809,FARMINGTON,US-MO,37.79205,-90.40978,1906,2024
USW00093996,FARMINGTON REGIONAL AIRPORT,US-MO,37.76083,-90.42833,1949,2025
USC00232823,FAYETTE,US-MO,39.13333,-92.7,1893,1978
USC00232828,FAYETTE EXPERIMENTAL LAGOON,US-MO,39.13333,-92.66667,1957,1962
USC00232881,FISK,US-MO,36.78278,-90.20333,1930,1981
USC00232995,FOUNTAIN GROVE WILDLIFE REFUGE,US-MO,39.7,-93.3,1950,1983
USC00233038,FREDERICKTOWN,US-MO,37.55834,-90.30343,1923,2025
USC00233052,FREMONT TOWER,US-MO,36.96667,-91.23333,1940,1960
USC00233079,FULTON,US-MO,38.84838,-91.94196,1893,2015
USC00233094,GALENA,US-MO,36.8061,-93.4677,1898,2025
USC00233102,GALLATIN 1 W,US-MO,39.9084,-93.96992,1893,2023
USC00233178,GERALD,US-MO,38.4,-91.33333,1940,1978
USC00233220,GLASGOW,US-MO,39.233333,-92.85,1893,1914
USC00233369,GRANT CITY,US-MO,40.486,-94.414,1893,2008
USC00233375,GRANT CITY 5 WSW,US-MO,40.464,-94.4978,2006,2025
USC00233416,GREEN CITY 5 N,US-MO,40.3504,-92.9491,2006,2025
USC00233451,GREENVILLE 6 N,US-MO,37.2,-90.45,1894,1994
USC00233483,GROVESPRING 1 NE,US-MO,37.4077,-92.593,1949,2007
USC00233537,HAILEY 3 WSW,US-MO,36.7,-93.76667,1925,1969
USC00233601,HANNIBAL WATER WORKS,US-MO,39.72317,-91.37474,1933,2025
USC00233649,HARRISONVILLE,US-MO,38.6494,-94.3567,1893,2017
USC00233793,HERMANN,US-MO,38.70143,-91.43123,1892,2022
USC00233799,HERMITAGE,US-MO,37.95,-93.31667,1950,1973
USC00233838,HIGGINSVILLE,US-MO,39.0733,-93.7075,1991,2025
USC00233845,HIGH LOOKOUT,US-MO,36.88333,-91.45,1940,1950
USC00234019,HOUSTON,US-MO,37.34156,-91.91769,1893,2025
USC00234136,IBERIA,US-MO,38.0996,-92.3096,1974,2025
USC00234154,INDEPENDENCE,US-MO,39.0647,-94.3861,1990,2021
USC00234226,JACKSON,US-MO,37.378,-89.6677,1893,2024
USW00003963,JEFFERSON CITY MEMORIAL AIRPORT,US-MO,38.59454,-92.15672,1997,2025
USC00234271,JEFFERSON CITY WATER PLANT,US-MO,38.58473,-92.18293,1893,2025
USW00013987,JOPLIN REGIONAL AIRPORT,US-MO,37.15222,-94.49524,1948,2025
USC00234349,KAHOKA,US-MO,40.41667,-91.73333,1930,1983
USW00093972,KANSAS CITY,US-MO,39.1,-94.58333,1893,1933
USW00013988,KANSAS CITY DOWNTOWN AIRPORT,US-MO,39.12791,-94.58915,1934,2025
USW00003947,KANSAS CITY INTERNATIONAL AIRPORT,US-MO,39.29747,-94.73087,1972,2025
USW00003929,KANSAS CITY RICHARDS GEBAUR AIRPORT,US-MO,38.84389,-94.56028,1954,2000
USC00234379,KANSAS CITY U OF MO,US-MO,39.03333,-94.58333,1937,1970
USC00234417,KENNETT RADIO KBOA,US-MO,36.2252,-90.0749,1953,2016
USC00234505,KING CITY,US-MO,40.05139,-94.525,1925,2010
USC00234544,KIRKSVILLE,US-MO,40.2057,-92.5748,1893,2025
USW00014938,KIRKSVILLE REGIONAL AIRPORT,US-MO,40.09661,-92.54696,1948,2025
USC00234625,KOSHKONONG,US-MO,36.6,-91.65,1900,1960
USC00234637,LA BELLE,US-MO,40.1231,-91.9228,1931,2008
USC00234694,LAKESIDE,US-MO,38.2043,-92.6232,1931,2025
USC00234705,LAMAR 7 N,US-MO,37.59846,-94.28419,1893,2025
USC00234773,LATHROP,US-MO,39.55,-94.33333,1947,1965
USC00234825,LEBANON 2 W,US-MO,37.68502,-92.69388,1893,2025
USW00053879,LEES SUMMIT MUNICIPAL AIRPORT,US-MO,38.95765,-94.37117,2002,2025
USC00234850,LEES SUMMIT REED WLR,US-MO,38.8969,-94.33981,1962,2023
USC00234904,LEXINGTON 3 NE,US-MO,39.1828,-93.8549,1893,2009
USC00234919,LICKING 4 N,US-MO,37.55452,-91.88345,1936,2025
USC00234978,LINNEUS,US-MO,39.88333,-93.18333,1908,1970
USC00234982,LINNEUS 3 SE,US-MO,39.857,-93.1497,2005,2023
USC00235027,LOCKWOOD,US-MO,37.39088,-93.94905,1903,2025
USC00235050,LONG BRANCH RESERVOIR,US-MO,39.7505,-92.5065,1989,2025
USC00235093,LOUISIANA STRKS NRSY,US-MO,39.43333,-91.06667,1897,1986
USC00235121,LUCERNE,US-MO,40.46667,-93.3,1923,1982
USC00235164,MACEDONIA LOOKOUT,US-MO,36.75,-90.9,1940,1957
USC00235175,MACON,US-MO,39.71667,-92.46667,1899,1984
USW00003817,MALDEN FAA AIRPORT,US-MO,36.6,-89.98333,1948,1960
USC00235207,MALDEN MUNICIPAL AIRPORT,US-MO,36.59959,-89.98972,1960,2025
USC00235227,MANSFIELD,US-MO,37.10861,-92.579,1893,2025
USC00235253,MARBLE HILL,US-MO,37.30546,-89.9749,1893,2025
USW00013991,MARSHALL,US-MO,39.1341,-93.2225,1893,2025
USC00235307,MARSHFIELD 4 WSW,US-MO,37.32342,-92.98286,1908,2025
USC00235340,MARYVILLE 2 E,US-MO,40.3458,-94.8341,1894,2025
USC00235492,MEMPHIS,US-MO,40.45734,-92.18195,1930,2025
USC00235541,MEXICO,US-MO,39.17131,-91.87179,1893,2025
USC00235578,MILAN,US-MO,40.221,-93.1097,1923,2020
USC00235671,MOBERLY,US-MO,39.40343,-92.43262,1936,2024
USC00235700,MONETT,US-MO,36.91667,-93.93333,1946,1972
USC00235704,MONETT 4 SW,US-MO,36.86176,-93.96244,1972,2025
USC00235762,MOREHOUSE,US-MO,36.85,-89.7,1926,1972
USC00235816,MOSELLE,US-MO,38.38333,-90.9,1943,1971
USC00235861,MOUNT VERNON 3 SW,US-MO,37.06667,-93.86667,1893,1968
USC00235862,MOUNT VERNON MU SW CNTR,US-MO,37.0733,-93.8789,1960,2013
USC00235834,MOUNTAIN GROVE 2 N,US-MO,37.1542,-92.26184,1901,2025
USC00235976,NEOSHO,US-MO,36.86489,-94.36036,1893,2025
USC00235987,NEVADA WATER PLANT,US-MO,37.8395,-94.374,1894,2025
USW00013992,NEW FLORENCE,US-MO,38.88333,-91.43333,1942,1978
USC00236009,NEW FLORENCE 2,US-MO,38.91667,-91.45,1980,1989
USC00236012,NEW FRANKLIN 1 W,US-MO,39.0172,-92.7558,1956,2025
USC00236263,OATES TOWER,US-MO,37.53333,-91.05,1940,1951
USC00236269,ODESSA 4 SE,US-MO,38.9525,-93.8261,1948,2025
USC00236302,OLDFIELD,US-MO,36.97556,-93.02389,1955,2004
USC00236357,OREGON,US-MO,39.9807,-95.1465,1893,2019
USC00236452,OZARK,US-MO,37.0194,-93.2338,1946,2025
USC00236460,OZARK BEACH 2 NNE,US-MO,36.69164,-93.11179,1924,2025
USC00236493,PALMYRA,US-MO,39.7683,-91.5138,1893,2010
USC00236509,PARIS,US-MO,39.41417,-92.00389,1893,2012
USC00236633,PERRY,US-MO,39.43333,-91.66667,1930,1951
USC00236641,PERRYVILLE WATER PLANT,US-MO,37.7341,-89.92,1907,2025
USC00236739,PLATTSBURG,US-MO,39.5669,-94.4544,1966,2009
USC00236748,PLEASANT HILL,US-MO,38.78333,-94.28333,1938,1972
USC00236775,POLO,US-MO,39.547,-94.0328,1946,2025
USC00236777,POMME DE TERRE DAM,US-MO,37.90495,-93.31678,1961,2025
USC00236791,POPLAR BLUFF,US-MO,36.7577,-90.4055,1893,2025
USW00003975,POPLAR BLUFF MUNICIPAL AIRPORT,US-MO,36.76973,-90.32241,1997,2025
USC00236799,PORTAGEVILLE,US-MO,36.43333,-89.68333,1952,1965
USC00236804,PORTAGEVILLE,US-MO,36.4136,-89.6997,1965,2012
USC00236826,POTOSI 4 SW,US-MO,37.89566,-90.84129,1893,2025
USC00236866,PRINCETON,US-MO,40.3986,-93.584,1893,2025
USC00237051,RAYMORE,US-MO,38.7983,-94.4436,2006,2018
USC00237094,REYNOLDS,US-MO,37.4008,-91.0794,1941,1985
USC00237122,RICHWOODS,US-MO,38.15,-90.83333,1937,1982
USC00237214,ROBY,US-MO,37.5,-92.13333,1941,1978
USC00237263,ROLLA MISSOURI S AND T,US-MO,37.9567,-91.7762,1893,2025
USC00237300,ROSEBUD,US-MO,38.45093,-91.37527,1980,2025
USC00237309,ROUND SPRING 2 SW,US-MO,37.25979,-91.42791,1893,2025
USC00237506,SALEM,US-MO,37.63388,-91.53613,1903,2025
USC00237514,SALISBURY,US-MO,39.4247,-92.8106,1946,2025
USC00237578,SAVERTON LOCK AND DAM 22,US-MO,39.63615,-91.24987,1948,2025
USW00003994,SEDALIA MEMORIAL AIRPORT,US-MO,38.71198,-93.17467,1996,2025
USC00237632,SEDALIA WATER PLANT,US-MO,38.6752,-93.2227,1893,2025
USC00237645,SELIGMAN,US-MO,36.54194,-93.93667,1921,2009
USC00237674,SEYMOUR 1 NNW,US-MO,37.15,-92.76667,1896,1960
USC00237720,SHELBINA,US-MO,39.68281,-92.04627,1893,2025
USC00237728,SHELBYVILLE,US-MO,39.8,-92.03333,1932,1973
USC00237770,SIKESTON,US-MO,36.86667,-89.6,1894,1959
USC00237772,SIKESTON POWER STATION,US-MO,36.8775,-89.623,1950,2025
USC00237862,SMITHVILLE LAKE,US-MO,39.39018,-94.54973,1981,2025
USC00237963,SPICKARD 7 W,US-MO,40.2472,-93.7158,1957,2025
USW00079762,SPRINGFIELD,US-MO,37.2,-93.3,1902,1947
USW00013995,SPRINGFIELD WEATHER SERVICE OFFICE AIRPORT,US-MO,37.23983,-93.38995,1940,2025
USC00237398,ST CHARLES 7 SSW,US-MO,38.6853,-90.52335,1975,2025
USW00053904,ST CHARLES CO AIRPORT,US-MO,38.93043,-90.43291,1997,2025
USC00237397,ST CHARLES ELM POINT,US-MO,38.81418,-90.51382,1893,2025
USW00013993,ST JOSEPH ROSECRANS MEMORIAL AIRPORT,US-MO,39.76829,-94.90953,1948,2025
USW00074401,ST JOSEPH WEATHER BUREAU OFFICE CITY,US-MO,39.81667,-94.85,1910,1948
USW00093963,ST LOUIS CITY,US-MO,38.63333,-90.2,1893,1968
USW00093910,ST LOUIS LAMBERT,US-MO,38.75,-90.38333,1945,1946
USW00013994,ST LOUIS LAMBERT INTERNATIONAL AIRPORT,US-MO,38.75246,-90.37342,1938,2025
USC00237452,ST LOUIS SCIENCE CENTER,US-MO,38.63079,-90.27077,1968,2025
USW00003966,ST LOUIS SPIRIT OF ST LOUIS AIRPORT,US-MO,38.65752,-90.65577,1987,2025
USC00237465,ST LOUIS UNIVERSITY,US-MO,38.63333,-90.23333,1911,1973
USC00237470,ST LOUIS WSHNGTN UNI,US-MO,38.65,-90.31667,1938,1957
USC00238003,STANBERRY,US-MO,40.2199,-94.5444,1893,2012
USC00238043,STEELVILLE 2 N,US-MO,38.0052,-91.3705,1893,2005
USC00238051,STEFFENVILLE,US-MO,39.97018,-91.88753,1893,2025
USC00238082,STOCKTON DAM,US-MO,37.6968,-93.7725,1970,2025
USC00238112,STOVER,US-MO,38.44083,-92.995,1923,2004
USC00238184,SUMMERSVILLE 3 SE,US-MO,37.14002,-91.62707,1940,2025
USC00238223,SWEET SPRINGS,US-MO,38.9663,-93.4195,1940,2025
USW00014945,TARKIO,US-MO,40.41667,-95.4,1912,2008
USC00238412,TOPAZ 4 NE,US-MO,36.96667,-92.2,1939,1969
USC00238444,TRENTON,US-MO,40.0824,-93.6086,1895,2025
USC00238456,TROY,US-MO,38.95,-91.0,1931,2017
USC00238466,TRUMAN DAM AND RESERVOIR,US-MO,38.25974,-93.41358,1980,2025
USC00238515,UNION,US-MO,38.4444,-91.0041,1916,2009
USC00238523,UNIONVILLE,US-MO,40.475,-93.0031,1893,2020
USC00238542,URICH 2 SW,US-MO,38.4306,-94.0252,1965,2018
USC00238561,VALLEY PARK,US-MO,38.5572,-90.4922,1916,2015
USC00238577,VANDALIA,US-MO,39.3076,-91.4926,1911,2025
USC00238603,VERSAILLES,US-MO,38.4326,-92.8398,1895,2025
USW00013997,VICHY ROLLA NATIONAL AIRPORT,US-MO,38.13178,-91.76468,1948,2025
USC00238664,WACO,US-MO,37.29,-94.6041,1943,2012
USC00238700,WAPPAPELLO DAM,US-MO,36.923,-90.2836,1939,2025
USC00238712,WARRENSBURG 4 NW,US-MO,38.78711,-93.79944,1893,2025
USC00238725,WARRENTON 1 N,US-MO,38.83463,-91.13888,1893,2024
USC00238733,WARSAW 1,US-MO,38.25,-93.36667,1893,1984
USC00238738,WARSAW 2,US-MO,38.25,-93.36667,1915,1960
USC00238754,WASOLA 5 N,US-MO,36.85814,-92.58758,1939,2025
USC00238777,WAYNESVILLE 2 W,US-MO,37.81313,-92.23161,1941,2025
USW00003938,WAYNESVILLE REGIONAL AIRPORT FORNEY FIELD,US-MO,37.75,-92.15,1963,1970
USC00238791,WEBSTER GROVES,US-MO,38.56667,-90.36667,1945,1974
USC00238799,WEINGARTEN,US-MO,37.88333,-90.21667,1940,1964
USC00238805,WELDON SPRING NWS,US-MO,38.69893,-90.68287,1957,2025
USC00238880,WEST PLAINS,US-MO,36.72667,-91.87357,1948,2025
USW00053901,WEST PLAINS MUNICIPAL AIRPORT,US-MO,36.87913,-91.90523,1996,2025
USW00013930,WHITEMAN AFB,US-MO,38.71667,-93.55,1946,1970
USC00238984,WILLIAMSVILLE,US-MO,36.98922,-90.59462,1924,2025
USC00238995,WILLOW SPRGS RD KUKU,US-MO,36.98111,-91.99139,1895,2001
USC00239032,WINDSOR,US-MO,38.5319,-93.5241,1893,2009
USC00239178,ZALMA 4 E,US-MO,37.1563,-90.0105,1936,2013
USC00220021,ABERDEEN,US-MS,33.8301,-88.5206,1892,2025
USC00220039,ACKERMAN,US-MS,33.3117,-89.1668,1940,2012
USC00220290,ASHLAND,US-MS,34.8491,-89.1598,1942,2025
USC00220378,BALDWYN,US-MS,34.4832,-88.63921,1940,2025
USC00220488,BATESVILLE,US-MS,34.31602,-89.9559,1891,2025
USC00220519,BAY SAINT LOUIS,US-MS,30.3,-89.33333,1891,1979
USC00220523,BAY SPRINGS,US-MS,31.9694,-89.2888,1912,2016
USC00220660,BELZONI,US-MS,33.1772,-90.4919,1930,2025
USC00220792,BILOXI,US-MS,30.393,-89.0008,1893,2025
USW00013820,BILOXI KEESLER AFB,US-MS,30.41667,-88.91667,1949,1970
USC00220955,BOONEVILLE,US-MS,34.6345,-88.5622,1892,2021
USC00221094,BROOKHAVEN CITY,US-MS,31.5447,-90.458,1893,2023
USC00221098,BROOKLYN 2 SE,US-MS,31.03333,-89.16667,1940,1975
USC00221111,BROOKSVILLE EXPERIMENTAL STATION,US-MS,33.25972,-88.56361,1912,2003
USC00221314,CALHOUN CITY,US-MS,33.8592,-89.31366,1915,2025
USC00221389,CANTON 4 N,US-MS,32.6713,-90.0361,1892,2025
USC00221489,CARTHAGE,US-MS,32.7505,-89.5388,1955,2015
USC00221606,CHARLESTON,US-MS,34.0038,-90.0681,1910,2015
USC00221707,CLARKSDALE,US-MS,34.1864,-90.5573,1892,2025
USC00221738,CLEVELAND,US-MS,33.7367,-90.7445,1901,2025
USC00221804,COFFEEVILLE,US-MS,33.98723,-89.68855,1909,2025
USC00221852,COLLINS,US-MS,31.6419,-89.5572,1912,2017
USC00221865,COLUMBIA,US-MS,31.2502,-89.8361,1903,2025
USC00221870,COLUMBUS 4 ESE,US-MS,33.46667,-88.36667,1892,1981
USW00013825,COLUMBUS AFB,US-MS,33.65,-88.45,1958,1970
USC00221962,CORINTH 5 WSW,US-MS,34.91587,-88.60111,1895,2025
USC00222094,CRYSTAL SPRINGS EXPERIMENTAL STATION,US-MS,31.9461,-90.3775,1892,2025
USC00222385,D LO 2 SW,US-MS,31.9544,-89.9327,1919,2017
USC00222477,DUCK HILL,US-MS,33.63333,-89.71667,1893,1953
USC00222795,ENTERPRISE,US-MS,32.18333,-88.81667,1891,1983
USC00222896,EUPORA 2 E,US-MS,33.5627,-89.2358,1927,2014
USC00223107,FOREST 3 S,US-MS,32.3599,-89.4208,1930,2012
USC00223208,FULTON 3 W,US-MS,34.2613,-88.4569,1894,2016
USC00223516,GOSHEN SPRINGS 3 NW,US-MS,32.5008,-89.9255,1946,2015
USC00223605,GREENVILLE,US-MS,33.3591,-91.06,1903,2016
USW00013939,GREENVILLE ASOS,US-MS,33.49385,-90.98058,1953,2025
USW00013978,GREENWOOD LEFLORE AIRPORT,US-MS,33.49612,-90.08946,1948,2025
USC00223645,GRENADA 5 NNE,US-MS,33.7608,-89.8137,1909,2015
USW00093874,GULFPORT BILOXI AIRPORT,US-MS,30.4121,-89.08093,1998,2025
USC00223671,GULFPORT NAVAL CNTR,US-MS,30.37722,-89.12278,1935,2009
USC00223887,HATTIESBURG 5 SW,US-MS,31.2546,-89.3391,1893,2025
USW00013833,HATTIESBURG CHAIN MUNICIPAL AIRPORT,US-MS,31.26951,-89.25609,2000,2025
USC00223975,HERNANDO,US-MS,34.80405,-90.01025,1893,2025
USC00224001,HICKORY FLAT,US-MS,34.6189,-89.1912,1909,2016
USC00224155,HOLLY BLUFF,US-MS,32.81667,-90.71667,1902,1972
USC00224168,HOLLY SPRINGS 2 N,US-MS,34.8,-89.43333,1892,1962
USC00224173,HOLLY SPRINGS 4 N,US-MS,34.8219,-89.4347,1948,2017
USC00224265,HOUSTON,US-MS,33.88478,-88.98653,1942,2025
USC00224455,IUKA,US-MS,34.76333,-88.19583,1959,2012
USW00013956,JACKSON 4 NW,US-MS,32.33333,-90.23333,1896,1971
USW00013927,JACKSON HAWKINS FIELD,US-MS,32.33756,-90.2214,2000,2025
USW00003940,JACKSON INTERNATIONAL AIRPORT,US-MS,32.31982,-90.07778,1942,2025
USC00224702,KIPLING,US-MS,32.72472,-88.66306,1934,2005
USC00224776,KOSCIUSKO,US-MS,33.0583,-89.5797,1893,2025
USC00224842,LAKE CORMORANT,US-MS,34.9044,-90.2119,1909,2018
USC00224869,LAMBERT 1 W,US-MS,34.20435,-90.29087,1942,2025
USC00224939,LAUREL,US-MS,31.6755,-89.1236,1891,2025
USW00053808,LAUREL HATTIESBURG PINE BELT REGIONAL AIRPORT,US-MS,31.46667,-89.33333,2011,2025
USC00224966,LEAKESVILLE 6 WSW,US-MS,31.148,-88.6566,1894,2025
USC00225062,LEXINGTON 2 NNW,US-MS,33.12278,-90.05167,1944,2010
USC00225070,LIBERTY,US-MS,31.1659,-90.8178,1949,2025
USC00225247,LOUISVILLE,US-MS,33.1355,-89.0711,1891,2020
USC00225366,MACON 2 NE,US-MS,33.13333,-88.53333,1894,1972
USW00093919,MCCOMB AIRPORT,US-MS,31.18228,-90.47207,1948,2025
USC00225704,MEADVILLE,US-MS,31.4663,-90.8852,1917,2024
USW00013865,MERIDIAN KEY FIELD,US-MS,32.33483,-88.75073,1942,2025
USW00003866,MERIDIAN NAAS,US-MS,32.55,-88.56667,1961,2025
USC00225789,MERRILL,US-MS,30.98333,-88.71667,1904,1998
USC00225943,MIZE 3 SW,US-MS,31.8375,-89.5975,1940,2023
USC00225987,MONTICELLO,US-MS,31.5519,-90.1058,1907,2025
USC00226009,MOORHEAD,US-MS,33.4516,-90.5097,1913,2018
USC00226084,MOUNT PLEASANT 4 SW,US-MS,34.8894,-89.6041,1942,2017
USC00226177,NATCHEZ,US-MS,31.589,-91.3409,1892,2025
USW00003961,NATCHEZ ADAM CO AIRPORT,US-MS,31.61667,-91.28333,2011,2025
USC00226256,NEW ALBANY,US-MS,34.4738,-89.0022,1909,2011
USC00226308,NEWTON EXPERIMENTAL STATION,US-MS,32.3377,-89.0816,1948,2023
USC00226351,NITTA YUMA,US-MS,33.03333,-90.85,1901,1986
USC00226476,OAKLEY EXPERIMENTAL STATION,US-MS,32.2061,-90.5133,1948,2020
USC00226515,OKOLONA,US-MS,34.0,-88.75,1893,1986
USC00226527,OLIVE BRANCH,US-MS,34.95358,-89.82957,1998,2025
USC00226718,PASCAGOULA 3 NE,US-MS,30.3961,-88.478,1909,2017
USW00053858,PASCAGOULA LOTT INTERNATIONAL AIRPORT,US-MS,30.46304,-88.53156,1997,2025
USC00226780,PEARLINGTON,US-MS,30.25,-89.61667,1900,1968
USC00226894,PHILADELPHIA 1 WSW,US-MS,32.7691,-89.1302,1949,2023
USC00226921,PICAYUNE,US-MS,30.5365,-89.705,1948,2017
USC00226926,PICKENS,US-MS,32.8863,-89.9775,1948,2011
USC00227106,PONTOTOC,US-MS,34.21055,-89.00348,1892,2025
USC00227111,PONTOTOC EXPERIMENTAL STATION,US-MS,34.13837,-89.00586,1953,2025
USC00227128,POPLARVILLE EXPERIMENTAL STATION,US-MS,30.8408,-89.5452,1896,2025
USC00227132,PORT GIBSON 1 NE,US-MS,31.985,-90.9719,1893,2025
USC00227252,QUITMAN 2 NNE,US-MS,32.0706,-88.7189,1954,2012
USC00227467,RIPLEY,US-MS,34.7398,-88.9515,1897,2009
USC00227560,ROLLING FORK,US-MS,32.8977,-90.8852,1936,2016
USC00227582,ROSEDALE,US-MS,33.85,-91.01667,1894,1982
USC00227701,RUSSELL,US-MS,32.4,-88.6,1937,1988
USC00227840,SAUCIER EXPERIMENTAL FOREST,US-MS,30.6263,-89.0549,1954,2021
USC00227886,SCOTT,US-MS,33.6,-91.08333,1918,1978
USC00227921,SENATOBIA,US-MS,34.63106,-89.95918,1909,2025
USC00228053,SHUBUTA,US-MS,31.85971,-88.69532,1904,2019
USC00228382,STATE LINE,US-MS,31.43333,-88.48333,1920,1977
USC00228374,STATE UNIVERSITY,US-MS,33.4691,-88.7822,1891,2025
USC00228445,STONEVILLE EXPERIMENTAL STATION,US-MS,33.4311,-90.9108,1914,2025
USC00228460,STONINGTON,US-MS,31.76667,-91.01667,1893,1908
USC00228591,SWAN LAKE,US-MS,33.84722,-90.32139,1905,2000
USC00228996,TUNICA,US-MS,34.68333,-90.38333,1935,1964
USC00228998,TUNICA 2 N,US-MS,34.7281,-90.3683,1959,2019
USC00229000,TUPELO,US-MS,34.25,-88.71667,1930,1969
USW00093862,TUPELO REGIONAL AIRPORT,US-MS,34.26224,-88.77127,1962,2025
USC00229048,TYLERTOWN 5 ESE,US-MS,31.08,-90.06028,1938,2012
USC00229079,UNIVERSITY,US-MS,34.37253,-89.53078,1893,2025
USC00229101,UTICA,US-MS,32.1,-90.63333,1903,1970
USC00229114,VAIDEN 1 SSW,US-MS,33.3252,-89.7538,1893,2017
USC00229159,VAN VLEET,US-MS,34.0177,-88.851,1943,2011
USC00229173,VERONA EXPERIMENT STATION,US-MS,34.16468,-88.72387,1987,2025
USW00093917,VICKSBURG,US-MS,32.35,-90.88333,1930,1967
USC00229400,WATER VALLEY,US-MS,34.16479,-89.63513,1893,2025
USC00229439,WAYNESBORO 2 W,US-MS,31.6773,-88.6709,1892,2025
USC00229537,WEST POINT EXPERIMENTAL STATION,US-MS,33.6,-88.58333,1948,1955
USC00229639,WIGGINS,US-MS,30.85281,-89.13701,1946,2025
USC00229793,WOODVILLE 4 ESE,US-MS,31.093,-91.2325,1893,2012
USC00229850,YAZOO CITY,US-MS,32.866667,-90.4,1891,1959
USC00229860,YAZOO CITY 5 NNE,US-MS,32.9027,-90.3816,1960,2018
USC00240056,ADEL,US-MT,47.0091,-111.6741,1898,2025
USC00240075,ALBERTON,US-MT,47.0036,-114.4781,1958,2025
USC00240088,ALBION 1 N,US-MT,45.2088,-104.2647,1945,2021
USC00240110,ALDER 17 S,US-MT,45.0708,-112.0575,1956,2008
USC00240179,ALZADA 6 NW,US-MT,45.06667,-104.51667,1951,1954
USC00240199,ANACONDA,US-MT,46.13439,-112.97461,1894,2025
USC00240236,APEX 2 NW,US-MT,45.4,-112.71667,1949,1977
USC00240325,ASHLAND 17 S,US-MT,45.35,-106.26667,1948,1949
USC00240364,AUGUSTA,US-MT,47.4926,-112.397,1896,2025
USC00240375,AUSTIN 1 W,US-MT,46.6456,-112.2656,1950,2018
USC00240392,BABB 6 NE,US-MT,48.9388,-113.3719,1906,2011
USC00240412,BAKER,US-MT,46.3662,-104.2821,1922,2013
USW00094055,BAKER MUNICIPAL AIRPORT,US-MT,46.35205,-104.26134,1998,2025
USC00240432,BALLANTINE,US-MT,45.9497,-108.1438,1919,2011
USC00240636,BELLTOWER,US-MT,45.6946,-104.3856,1949,2025
USC00240743,BIDDLE 8 SW,US-MT,45.0429,-105.4799,1963,2025
USC00240770,BIG SANDY,US-MT,48.13514,-110.06364,1921,2025
USC00240775,BIG SKY 2 WNW,US-MT,45.2774,-111.3252,1984,2021
USC00240780,BIG TIMBER,US-MT,45.8326,-109.9511,1894,2025
USC00240755,BIGFORK 13 S,US-MT,47.87683,-114.03361,1938,2025
USW00024033,BILLINGS INTERNATIONAL AIRPORT,US-MT,45.80721,-108.54618,1935,2025
USC00240802,BILLINGS WATER TREATMENT PLANT,US-MT,45.7716,-108.4811,1894,2025
USC00240819,BIRNEY,US-MT,45.32472,-106.5125,1954,1999
USC00240824,BIRNEY 11 E,US-MT,45.33333,-106.25,1951,1954
USC00240827,BIRNEY 15 N,US-MT,45.53333,-106.51667,1969,1972
USC00240821,BIRNEY 7 E,US-MT,45.28333,-106.35,1950,1951
USC00240877,BLACKLEAF,US-MT,48.0127,-112.4369,1905,2010
USC00240912,BLAKESLEE,US-MT,47.2,-108.66667,1921,1955
USC00241008,BOULDER,US-MT,46.231,-112.1138,1880,2025
USC00241040,BOYES,US-MT,45.26667,-105.01667,1904,1971
USC00241050,BOZEMAN 12 NE,US-MT,45.81667,-110.88333,1950,1995
USC00241047,BOZEMAN 6 W EXPERIMENTAL FARM,US-MT,45.6729,-111.1547,1966,2025
USW00024132,BOZEMAN GALLATIN FIELD AIRPORT,US-MT,45.78759,-111.16152,1941,2025
USC00241044,BOZEMAN MONTANA STATE UNIVERSITY,US-MT,45.6621,-111.0463,1892,2025
USC00241081,BRADY 27 ENE THE KNEES,US-MT,48.075,-111.2603,1986,2025
USC00241080,BRADY AZNOE,US-MT,47.95,-111.33333,1912,1982
USC00241084,BRANDENBERG,US-MT,45.8162,-106.2329,1956,2025
USC00241088,BREDETTE,US-MT,48.5155,-105.2991,1950,2025
USC00241102,BRIDGER 2 N,US-MT,45.3261,-108.9091,1900,2025
USC00241127,BROADUS,US-MT,45.4441,-105.4072,1920,2025
USC00241149,BROADVIEW,US-MT,46.1,-108.88333,1906,1991
USC00241202,BROWNING,US-MT,48.5615,-113.0133,1894,1989
USC00241231,BRUSETT 3 E,US-MT,47.42003,-107.24737,1910,2025
USC00241297,BUSBY,US-MT,45.5397,-106.9597,1907,2025
USW00024135,BUTTE BERT MOONEY AIRPORT,US-MT,45.96436,-112.50147,1894,2025
USC00241418,CAMPBELL FARM CAMP 4,US-MT,45.41667,-107.9,1882,1961
USC00241460,CANYON FERRY,US-MT,46.63333,-111.7,1898,1953
USC00241465,CANYON FERRY DAM,US-MT,46.65,-111.71667,1948,1957
USC00241470,CANYON FERRY DAM,US-MT,46.65,-111.73333,1907,1996
USC00241500,CARDWELL,US-MT,45.8604,-111.9523,1978,1991
USC00241518,CARLYLE 13 NW,US-MT,46.74441,-104.30927,1962,2025
USC00241557,CASCADE 20 SSE,US-MT,46.9956,-111.5772,1876,2013
USC00241552,CASCADE 5 S,US-MT,47.21909,-111.71084,1894,2022
USC00241692,CHESTER,US-MT,48.5091,-110.9694,1900,2025
USC00241695,CHESTER 31 N,US-MT,48.96667,-110.93333,1972,1987
USC00241722,CHINOOK,US-MT,48.5884,-109.2266,1895,2025
USC00241737,CHOTEAU,US-MT,47.8205,-112.1921,1893,2025
USC00241765,CIRCLE 7 N,US-MT,47.51667,-105.56667,1929,1963
USC00241824,CLEVELAND 5 ENE,US-MT,48.31667,-109.06667,1957,1989
USC00241875,COHAGEN,US-MT,47.05643,-106.61638,1950,2025
USC00241905,COLSTRIP,US-MT,45.8944,-106.6336,1927,2025
USC00241938,COLUMBUS,US-MT,45.6444,-109.2675,1930,2025
USC00241974,CONRAD,US-MT,48.1737,-111.9502,1911,2025
USC00241984,CONTENT 4 NNE,US-MT,48.08028,-107.52494,1950,2025
USC00241995,COOKE CITY 2 W,US-MT,45.0108,-109.982,1967,2013
USC00242012,COPPER,US-MT,46.6,-110.66667,1905,1955
USC00242104,CRESTON,US-MT,48.18819,-114.134,1949,2025
USC00242112,CROW AGENCY,US-MT,45.6,-107.45,1898,1991
USC00242122,CULBERTSON,US-MT,48.14739,-104.51745,1900,2025
USW00024040,CUSTER,US-MT,46.13333,-107.53333,1941,1975
USW00024137,CUT BANK AIRPORT,US-MT,48.60355,-112.37663,1903,2025
USC00242221,DARBY,US-MT,46.0263,-114.1763,1898,2020
USC00242260,DEBORGIA,US-MT,47.41028,-115.35139,1990,2001
USC00242266,DECKER,US-MT,45.01167,-106.86361,1904,2004
USC00242273,DEER LODGE 2,US-MT,46.38333,-112.73333,1893,1959
USC00242275,DEER LODGE 3 W,US-MT,46.39053,-112.79786,1959,2025
USC00242301,DEL BONITA,US-MT,48.9983,-112.7886,1951,2013
USC00242309,DELL,US-MT,44.71667,-112.68333,1898,1958
USC00242347,DENTON,US-MT,47.3181,-109.9372,1908,2014
USW00024138,DILLON AIRPORT,US-MT,45.2584,-112.55454,1940,2025
USC00242409,DILLON U OF MONTANA WESTERN,US-MT,45.209,-112.639,1895,2025
USC00242421,DIVIDE,US-MT,45.751,-112.7547,1915,2024
USW00024139,DUMMOND 0.4 SSW,US-MT,46.66637,-113.15003,1927,2025
USC00242550,DUNKIRK 19 NNE,US-MT,48.7166,-111.4757,1912,2025
USC00242604,EAST ANACONDA,US-MT,46.1,-112.91667,1905,1980
USC00242629,EAST GLACIER,US-MT,48.4472,-113.2236,1953,2025
USC00242634,EAST HELENA,US-MT,46.58333,-111.91667,1925,1958
USC00242661,EDGAR 9 SE,US-MT,45.38333,-108.71667,1950,1974
USC00242689,EKALAKA,US-MT,45.8863,-104.5478,1896,2025
USC00242738,ELLISTON,US-MT,46.5631,-112.4342,1909,2020
USC00242793,ENNIS,US-MT,45.3394,-111.7122,1918,2025
USC00242812,ESSEX,US-MT,48.2828,-113.606,1951,2025
USC00242820,ETHRIDGE,US-MT,48.5585,-112.1252,1949,2025
USC00242827,EUREKA RANGER STATION,US-MT,48.8978,-115.0644,1960,2025
USC00242857,FAIRFIELD,US-MT,47.6151,-111.9861,1927,2025
USC00242867,FAIRVIEW,US-MT,47.85,-104.05,1932,1956
USC00243013,FLATWILLOW 4 ENE,US-MT,46.82169,-108.37239,1913,2025
USC00243089,FORKS 4 NNE,US-MT,48.77778,-107.45361,1915,1996
USC00243099,FORSYTH 2 E,US-MT,46.26667,-106.61667,1904,1975
USC00243110,FORT ASSINIBOINE,US-MT,48.4982,-109.8014,1917,2025
USC00243118,FORT BELKNAP 2 SW,US-MT,48.4627,-108.7791,2012,2025
USC00243113,FORT BENTON,US-MT,47.8304,-110.6611,1894,2025
USC00243157,FORT LOGAN,US-MT,46.65472,-111.09389,1893,2003
USC00243176,FORT PECK POWER PLANT,US-MT,48.01205,-106.41174,1956,2025
USC00243139,FORTINE 1 N,US-MT,48.7783,-114.8997,1906,2009
USC00243280,FRAZER,US-MT,48.06667,-106.05,1923,1966
USC00243346,GALATA 16 SW,US-MT,48.2922,-111.5682,1949,2025
USC00243368,GALLATIN GTWY 26 S,US-MT,45.23333,-111.25,1952,1967
USC00243378,GARDINER,US-MT,45.0316,-110.7036,1956,2021
USC00243383,GARLAND,US-MT,46.05,-105.91667,1922,1955
USC00243434,GEORGETOWN LAKE,US-MT,46.1836,-113.33,2001,2008
USC00243445,GERALDINE,US-MT,47.6014,-110.267,1950,2012
USC00243486,GIBSON 2 NE,US-MT,46.0398,-109.4954,1951,2025
USC00243489,GIBSON DAM,US-MT,47.6011,-112.7547,1911,2025
USW00094008,GLASGOW INTERNATIONAL AIRPORT,US-MT,48.21416,-106.62139,1942,2025
USC00243557,GLASGOW NUMBER 2,US-MT,48.1924,-106.6383,1893,2025
USC00243581,GLENDIVE,US-MT,47.1059,-104.71759,1893,2025
USC00243617,GOLDBUTTE 7 N,US-MT,48.9754,-111.3989,1905,2025
USC00243727,GRASS RANGE,US-MT,47.0256,-108.8035,1914,2025
USC00243749,GREAT FALLS 16ST,US-MT,47.4883,-111.2792,1892,2025
USW00024143,GREAT FALLS AIRPORT,US-MT,47.47327,-111.38281,1937,2025
USC00243885,HAMILTON,US-MT,46.24622,-114.16794,1895,2024
USC00243915,HARDIN,US-MT,45.7316,-107.6091,1948,2025
USC00243929,HARLEM 4 W,US-MT,48.5353,-108.7964,1896,2011
USC00243939,HARLOWTON,US-MT,46.4356,-109.8428,1948,2025
USC00243984,HAUGAN 1 W,US-MT,47.3889,-115.4225,1912,2023
USW00094012,HAVRE AIRPORT ASOS,US-MT,48.54254,-109.76439,1961,2025
USW00024035,HAVRE WEATHER BUREAU CITY,US-MT,48.56667,-109.66667,1879,1961
USC00244007,HAXBY 18 SW,US-MT,47.56667,-106.7,1922,1991
USC00244020,HAYS,US-MT,48.0,-108.7,1921,1965
USC00244038,HEBGEN DAM,US-MT,44.8666,-111.3391,1904,2025
USC00244050,HELENA 6 N,US-MT,46.66667,-112.05,1923,1979
USW00024144,HELENA AIRPORT ASOS,US-MT,46.60444,-111.98921,1938,2025
USC00244084,HERON 2 NW,US-MT,48.08,-116.0014,1912,2025
USC00244133,HIGHWOOD 7 NE,US-MT,47.6415,-110.6677,1948,2025
USC00244174,HINGHAM 12 N,US-MT,48.7262,-110.456,1983,2025
USC00244177,HINSDALE 1 E,US-MT,48.4,-107.05,1946,1971
USC00244180,HINSDALE 4 SW,US-MT,48.34774,-107.15341,1971,2025
USC00244193,HOBSON,US-MT,46.9997,-109.8704,1920,2021
USC00244241,HOLTER DAM,US-MT,46.9907,-112.0116,1903,2025
USC00244328,HUNGRY HORSE DAM,US-MT,48.3426,-114.0217,1947,2025
USC00244345,HUNTLEY EXPERIMENTAL STATION,US-MT,45.9227,-108.2453,1911,2025
USC00244358,HYSHAM,US-MT,46.28973,-107.23052,1945,2025
USC00244364,HYSHAM 25 SSE,US-MT,45.9352,-107.1375,1951,2025
USC00244368,ILIAD,US-MT,47.80556,-109.81,1950,2001
USC00244389,INGOMAR 21 NE,US-MT,46.81667,-107.03333,1950,1953
USC00244384,INGOMAR 6 SE,US-MT,46.5,-107.31667,1924,1954
USC00244386,INGOMAR 9 E,US-MT,46.5676,-107.195,1953,2025
USC00244447,JACKSON,US-MT,45.368,-113.4089,1949,2013
USC00244506,JOLIET,US-MT,45.4732,-109.0105,1951,2021
USC00244512,JOPLIN,US-MT,48.5595,-110.7719,1932,2025
USC00244522,JORDAN,US-MT,47.3144,-106.9104,1905,2018
USC00244527,JORDAN 22 E VAN NORM,US-MT,47.35,-106.43333,1965,1986
USC00244538,JUDITH GAP,US-MT,46.67778,-109.75056,1950,2023
USC00244563,KALISPELL,US-MT,48.1891,-114.3113,1949,2006
USC00244558,KALISPELL GLACIER AIRPORT,US-MT,48.30408,-114.26426,1896,2025
USC00244663,KINGS HILL,US-MT,46.83333,-110.7,1938,1982
USC00244701,KIRBY 1 S,US-MT,45.31667,-106.98333,1959,1975
USC00244715,KNOBS 4 SW,US-MT,45.8727,-104.1583,1951,2025
USC00244820,LAKEVIEW,US-MT,44.5994,-111.8125,1904,2025
USC00244830,LAMBERT,US-MT,47.68333,-104.61667,1956,1974
USC00244839,LAME DEER,US-MT,45.62583,-106.66417,1903,1998
USC00244954,LENNEP 5 SW,US-MT,46.3615,-110.5998,1959,2019
USC00244978,LEWISTOWN 11 SSE,US-MT,46.90573,-109.41135,1949,2025
USW00024036,LEWISTOWN AIRPORT,US-MT,47.05443,-109.45654,1896,2025
USC00245015,LIBBY 1 NE RANGER STATION,US-MT,48.4036,-115.5392,1895,2022
USC00245020,LIBBY 32 SSE,US-MT,47.95785,-115.21447,1910,2021
USC00245030,LIMA,US-MT,44.6331,-112.5928,1898,2025
USC00245038,LINCOLN 14 NE,US-MT,47.03333,-112.41667,1956,1964
USC00245040,LINCOLN RANGER STATION,US-MT,46.95639,-112.65608,1948,2025
USC00245045,LINDSAY,US-MT,47.22529,-105.15221,1915,2025
USC00245076,LIVINGSTON,US-MT,45.66667,-110.56667,1895,1981
USC00245080,LIVINGSTON 12 S,US-MT,45.4955,-110.559,1951,2025
USW00024150,LIVINGSTON AIRPORT,US-MT,45.69835,-110.44154,1948,2025
USC00245146,LOLO HOT SPRINGS 2 NE,US-MT,46.7506,-114.5139,1959,1984
USC00245153,LOMA,US-MT,47.9363,-110.5024,1950,2025
USC00245164,LONEPINE 1 WNW,US-MT,47.71667,-114.65,1918,1969
USC00245177,LONESOME LAKE,US-MT,48.25,-110.2,1948,1981
USC00245191,LORING 10 N,US-MT,48.95,-107.81667,1951,1975
USC00245235,LOWETH,US-MT,46.36667,-110.7,1926,1959
USC00245285,LUSTRE 4 NNW,US-MT,48.45,-105.93333,1921,1993
USW00024112,MALMSTROM AFB,US-MT,47.51667,-111.18333,1949,2025
USC00245337,MALTA,US-MT,48.35,-107.86667,1905,1972
USC00245340,MALTA 35 S,US-MT,47.84177,-107.95563,1959,2025
USC00245338,MALTA 7 E,US-MT,48.3939,-107.7285,1972,2025
USC00245351,MANHATTAN,US-MT,45.86667,-111.33333,1895,1983
USC00245387,MARTINSDALE 3 NNW,US-MT,46.5,-110.3378,1893,2012
USC00245572,MEDICINE LAKE 3 SE,US-MT,48.4829,-104.4515,1911,2025
USC00245596,MELSTONE,US-MT,46.6009,-107.8706,1909,2025
USC00245659,MIKE HORSE,US-MT,47.01667,-112.35,1948,1953
USC00245666,MILDRED,US-MT,46.68333,-104.95,1909,1978
USC00245685,MILES CITY,US-MT,46.4,-105.81667,1893,1982
USW00024037,MILES CITY AIRPORT,US-MT,46.42647,-105.88333,1937,2025
USC00245712,MILLEGAN 14 SE,US-MT,46.87505,-111.16455,1984,2025
USC00245740,MISSOULA 6 NW WEATHER FORECAST OFFICE,US-MT,46.9244,-114.0911,1893,2025
USW00024153,MISSOULA INTERNATIONAL AIRPORT,US-MT,46.92076,-114.09376,1948,2025
USC00245754,MIZPAH 4 NNW,US-MT,46.2858,-105.2919,1949,2025
USC00245761,MOCCASIN EXPERIMENT STATION,US-MT,47.0573,-109.951,1909,2024
USC00245811,MONIDA,US-MT,44.56667,-112.31667,1949,1992
USC00241313,MONTANA TECH BUTTE SCHOOL OF MINES,US-MT,46.01261,-112.55858,1946,2025
USC00245869,MOORHEAD,US-MT,45.06667,-105.86667,1948,1958
USC00245870,MOORHEAD 9 NE,US-MT,45.1758,-105.7516,1958,2025
USC00245873,MOSBY 18 N,US-MT,47.25,-107.95,1955,1983
USC00245872,MOSBY 4 ENE,US-MT,47.02195,-107.82244,1959,2023
USC00245961,MYSTIC LAKE,US-MT,45.2436,-109.7311,1924,2025
USC00246007,NEIHART 7 NW,US-MT,47.0381,-110.7861,2005,2016
USC00246008,NEIHART 8 NNW,US-MT,47.0413,-110.7761,1967,2005
USC00246138,NOHLY 4 NW,US-MT,48.03333,-104.13333,1951,1981
USC00246153,NORRIS 3 ENE,US-MT,45.58333,-111.65,1957,1982
USC00246157,NORRIS MADISON POWER HOUSE,US-MT,45.4875,-111.6336,1907,2025
USC00246190,NYE NUMBER 2,US-MT,45.4349,-109.808,1905,2021
USC00246233,OPHEIM,US-MT,48.85,-106.41667,1928,1956
USC00246236,OPHEIM 10 N,US-MT,48.99875,-106.37991,1956,2024
USC00246238,OPHEIM 12 SSE,US-MT,48.6955,-106.3154,1943,2024
USC00246287,OTTER 9 SSW,US-MT,45.1,-106.25,1961,1990
USC00246302,OVANDO,US-MT,47.0189,-113.1315,1899,2025
USC00246307,OVANDO 7 WNW,US-MT,47.05,-113.28333,1949,1969
USC00246304,OVANDO 9 SSE,US-MT,46.8819,-113.0564,1976,2011
USC00246426,PENDROY 2 NNW,US-MT,48.11667,-112.33333,1940,1990
USC00246470,PHILIPSBURG,US-MT,46.33333,-113.3,1903,1955
USC00246472,PHILIPSBURG RANGER STATION,US-MT,46.3158,-113.3,1955,2025
USC00246475,PHILLIPS 1 S,US-MT,48.06667,-108.16667,1951,1973
USC00246576,PLEASANT VALLEY,US-MT,48.13333,-114.91667,1906,1972
USC00246580,PLEASANT VALLEY 5 SE,US-MT,48.1056,-114.8778,1950,2024
USC00246586,PLENTYWOOD,US-MT,48.77475,-104.56732,1906,2023
USC00246601,PLEVNA,US-MT,46.4177,-104.5163,1910,2025
USC00246608,POLARIS,US-MT,45.36667,-113.11667,1949,1958
USC00246615,POLEBRIDGE,US-MT,48.7647,-114.2842,1933,2024
USC00246635,POLSON,US-MT,47.6749,-114.1905,1906,2015
USC00246655,PONY,US-MT,45.65722,-111.89861,1894,1998
USC00246660,POPLAR 2 E,US-MT,48.13333,-105.15,1893,1991
USC00246672,PORT OF MORGAN,US-MT,48.9977,-107.833,1976,2025
USC00246685,POTOMAC,US-MT,46.87672,-113.56258,1964,2025
USC00246697,POWDERVILLE,US-MT,45.76667,-105.1,1949,1964
USC00246691,POWDERVILLE 8 NNE,US-MT,45.8525,-105.035,1964,2025
USC00246700,POWER 6 SE,US-MT,47.6544,-111.598,1953,2014
USC00246747,PRYOR,US-MT,45.4339,-108.5362,1950,2020
USC00246862,RAPELJE,US-MT,45.9718,-109.2537,1908,2021
USC00246893,RAYMOND BORDER STATION,US-MT,48.9976,-104.5751,1950,2025
USC00246900,RAYNESFORD 2 NNW,US-MT,47.28333,-110.73333,1954,1970
USC00246918,RED LODGE,US-MT,45.1769,-109.2571,1894,2025
USC00246927,REDSTONE,US-MT,48.8198,-104.9428,1951,2011
USC00246986,REXFORD RANGER STATION,US-MT,48.88333,-115.2,1950,1960
USC00247020,RICHEY,US-MT,47.63333,-105.06667,1948,1979
USC00247034,RIDGEWAY 1 S,US-MT,45.5022,-104.4477,1952,2025
USC00247088,RINGLING 1 E,US-MT,46.26667,-110.76667,1915,1958
USC00247136,ROCK SPRINGS,US-MT,46.8202,-106.2452,1951,2013
USC00247140,ROCK SPRINGS 7 SE,US-MT,46.78333,-106.13333,1915,1950
USC00247148,ROCKY BOY,US-MT,48.25,-109.78333,1951,1987
USC00247156,ROGERS PASS,US-MT,47.08333,-112.36667,1953,1956
USC00247159,ROGERS PASS 9 NNE,US-MT,47.1901,-112.2901,1964,2022
USC00247214,ROUNDUP,US-MT,46.438,-108.5319,1914,2019
USC00247228,ROY 8 NE,US-MT,47.4869,-108.8372,1938,2005
USC00247250,RUDYARD 27 N,US-MT,48.9375,-110.56611,1960,1998
USC00240466,RYEGATE,US-MT,46.31083,-109.37194,1941,1998
USC00247261,RYEGATE,US-MT,46.2986,-109.2561,1909,2025
USC00247267,SACO NELSON RESRVR,US-MT,48.5,-107.51667,1921,1965
USC00247286,SAINT IGNATIUS,US-MT,47.3149,-114.0982,1896,2025
USC00247318,SAINT REGIS 1 NE,US-MT,47.3036,-115.0909,1960,2014
USC00247362,SANTA RITA 20 N,US-MT,48.98333,-112.31667,1950,1989
USC00247382,SAVAGE,US-MT,47.4535,-104.33786,1905,2022
USC00247424,SCOBEY,US-MT,48.78333,-105.41667,1948,1987
USC00247425,SCOBEY 4 NW,US-MT,48.83549,-105.4748,1987,2025
USC00247448,SEELEY LAKE RANGER STATION,US-MT,47.2141,-113.5204,1936,2025
USC00247500,SHELBY,US-MT,48.5133,-111.8551,1950,2025
USC00247501,SHELBY AIRPORT,US-MT,48.55,-111.86667,1958,1988
USC00247540,SHONKIN 7 S,US-MT,47.53101,-110.57668,1953,2025
USC00247560,SIDNEY,US-MT,47.72835,-104.14681,1910,2025
USC00247605,SILVER LAKE,US-MT,46.16667,-113.21667,1950,1983
USC00247620,SIMPSON 6 N WILDHORSE,US-MT,48.998,-110.2157,1931,2025
USC00246640,SKQ DAM,US-MT,47.6775,-114.2419,1951,2025
USC00247800,SPRINGDALE,US-MT,45.73833,-110.2243,1951,2025
USW00094010,ST. MARIE,US-MT,48.40849,-106.51487,1959,2025
USC00247292,ST. MARY,US-MT,48.7386,-113.4295,1981,2023
USC00247858,STANFORD,US-MT,47.15,-110.21667,1927,1964
USC00247864,STANFORD,US-MT,47.15499,-110.22386,1965,2025
USC00247894,STEVENSVILLE,US-MT,46.51353,-114.09094,1911,2025
USC00247967,SULA 14 NE,US-MT,45.911,-113.7394,2001,2023
USC00247964,SULA 2 SE SULA RS,US-MT,45.81925,-113.9585,1955,2025
USC00247978,SUMMIT,US-MT,48.3162,-113.3542,1903,2025
USC00248021,SUN RIVER 4 S,US-MT,47.4773,-111.7375,1912,2025
USC00247996,SUNBURST 8 E,US-MT,48.8869,-111.7275,1951,2014
USW00024159,SUPERIOR,US-MT,47.1929,-114.8903,1914,2018
USC00248087,SWAN LAKE,US-MT,47.9161,-113.839,1950,2025
USC00248093,SWEETGRASS,US-MT,48.9972,-111.9642,1925,2008
USC00248161,TELEGRAPH CREEK,US-MT,47.8,-107.6,1945,1974
USC00248165,TERRY,US-MT,46.794,-105.3021,1949,2025
USC00248169,TERRY 21 NNW,US-MT,47.07,-105.49528,1949,2018
USC00248202,THOENY 1 E,US-MT,48.88333,-106.88333,1951,1966
USC00248207,THOMPSON FALLS RANGER STATION,US-MT,47.6,-115.35,1911,1956
USC00248233,TIBER DAM,US-MT,48.30973,-111.08714,1952,2025
USC00248324,TOWNSEND 3 SE,US-MT,46.29885,-111.45245,1948,2025
USC00248363,TRIDENT,US-MT,45.9468,-111.4757,1922,2023
USC00248379,TROUT CREEK 2 W,US-MT,47.83333,-115.63333,1912,1960
USC00248380,TROUT CREEK RANGER STATION,US-MT,47.86636,-115.62722,1960,2025
USC00248390,TROY,US-MT,48.47861,-115.90548,1960,2025
USC00248395,TROY 18 N,US-MT,48.71667,-115.88333,1961,1994
USC00248413,TURNER,US-MT,48.85,-108.4,1932,1984
USC00248415,TURNER 11 N,US-MT,48.9992,-108.3895,1985,2025
USC00248430,TWIN BRIDGES,US-MT,45.5472,-112.326,1950,2025
USC00248473,UNIONVILLE,US-MT,46.55,-112.08333,1950,1959
USC00248498,VALENTINE,US-MT,47.3391,-108.4992,1907,2025
USC00248501,VALIER,US-MT,48.3119,-112.2493,1911,2013
USC00248569,VIDA 6 NE,US-MT,47.8799,-105.3686,1935,2022
USC00248597,VIRGINIA CITY,US-MT,45.29252,-111.94456,1893,2025
USC00248809,WEST GLACIER,US-MT,48.5002,-113.9847,1949,2025
USC00248857,WEST YELLOWSTONE,US-MT,44.65,-111.1,1924,1996
USC00248858,WEST YELLOWSTONE GATEWAY,US-MT,44.65654,-111.09019,2007,2025
USC00248777,WESTBY,US-MT,48.8745,-104.05041,1937,2025
USC00248783,WESTERN AG RESEARCH CENTER,US-MT,46.32822,-114.08472,1965,2025
USC00248927,WHITE SULPHUR SPRINGS,US-MT,46.5431,-110.9058,1894,1978
USC00248930,WHITE SULPHUR SPRNGS 2,US-MT,46.5436,-110.9,1978,2014
USC00248902,WHITEFISH,US-MT,48.408,-114.3594,1939,2014
USC00248957,WIBAUX 2 E,US-MT,46.9878,-104.1567,1895,2021
USC00249018,WILSALL,US-MT,46.0,-110.66667,1950,1969
USC00249023,WILSALL 8 ENE,US-MT,46.0305,-110.5055,1957,2018
USC00249033,WINIFRED,US-MT,47.5597,-109.3768,1921,2021
USC00249067,WISDOM,US-MT,45.6177,-113.4513,1923,2025
USC00249082,WISE RIVER 3 WNW,US-MT,45.8026,-112.9939,1943,2025
USC00249103,WOLF POINT,US-MT,48.0999,-105.6484,1905,2025
USC00249111,WOLF POINT 5 ESE,US-MT,48.08333,-105.53333,1941,1973
USW00094017,WOLF POINT INTERNATIONAL AIRPORT,US-MT,48.09417,-105.57836,1998,2025
USC00249175,WYOLA 1 SW,US-MT,45.12167,-107.40611,1922,2006
USC00249211,YELLOWSTONE NATIONAL PARK,US-MT,45.0,-110.0,1946,1967
USC00249240,YELLOWTAIL DAM,US-MT,45.3127,-107.9383,1948,2025
USC00249900,ZORTMAN,US-MT,47.9185,-108.5244,1965,2025
USC00310090,ALBEMARLE,US-NC,35.39993,-80.19944,1911,2025
USC00310160,ALTAPASS,US-NC,35.9,-82.01667,1910,1962
USC00310184,ANDREWS,US-NC,35.20139,-83.83861,1909,2005
USC00310241,ARCOLA,US-NC,36.2911,-77.9822,1930,2018
USC00310286,ASHEBORO 2 W,US-NC,35.70838,-79.83811,1926,2025
USW00013872,ASHEVILLE,US-NC,35.5954,-82.5568,1876,2025
USW00003812,ASHEVILLE REGIONAL AIRPORT,US-NC,35.43178,-82.53787,1946,2025
USC00310506,BANNER ELK,US-NC,36.1616,-81.8741,1907,2025
USC00310626,BEAUFORT,US-NC,34.71861,-76.67222,1896,1948
USW00093765,BEAUFORT MICHAEL J. SMITH FIELD,US-NC,34.73258,-76.65659,2000,2025
USC00310642,BEECH,US-NC,35.7,-82.43333,1948,1951
USC00310650,BEETREE DAM,US-NC,35.63333,-82.4,1948,1972
USC00310674,BELHAVEN 1 SE,US-NC,35.53518,-76.61518,1908,2022
USC00310724,BENT CREEK,US-NC,35.5044,-82.5966,1949,2024
USC00310843,BLACK MOUNTAIN,US-NC,35.60722,-82.35944,1949,2010
USC00310901,BLOWING ROCK 1 NW,US-NC,36.1472,-81.7025,1893,2009
USC00310977,BOONE,US-NC,36.21667,-81.66667,1929,1980
USC00310982,BOONE 1 SE,US-NC,36.21395,-81.64563,1980,2025
USC00311055,BREVARD,US-NC,35.22844,-82.73575,1902,2025
USC00311174,BUCK FOREST,US-NC,35.18333,-82.61667,1959,1991
USC00311236,BURLINGTON,US-NC,36.08333,-79.43333,1945,1952
USW00093783,BURLINGTON ALAMANCE REGIONAL AIRPORT,US-NC,36.04751,-79.47375,1998,2025
USC00311239,BURLINGTON FIRE STATION NUMBER 5,US-NC,36.06003,-79.44811,1950,2020
USC00311441,CANTON 1 SW,US-NC,35.51667,-82.85,1930,1993
USW00093729,CAPE HATTERAS BILLY MITCHELL FIELD,US-NC,35.23238,-75.62223,1957,2025
USC00311479,CAROLEEN,US-NC,35.28333,-81.8,1900,1974
USC00311564,CATALOOCHEE,US-NC,35.6375,-83.09556,1949,2012
USC00311624,CELO 2 S,US-NC,35.82638,-82.1837,1948,2025
USC00311677,CHAPEL HILL 2 W,US-NC,35.90861,-79.07966,1891,2025
USW00093785,CHAPEL HILL WILLIAMS AIRPORT,US-NC,35.93333,-79.06417,1999,2018
USW00013881,CHARLOTTE DOUGLAS AIRPORT,US-NC,35.22254,-80.95433,1939,2025
USC00311820,CLAYTON WTP,US-NC,35.64081,-78.46332,1955,2025
USC00311877,CLINTON 2 S,US-NC,34.96667,-78.31667,1906,1976
USC00311956,COLUMBIA,US-NC,35.91667,-76.26667,1962,1993
USC00311949,COLUMBIA AG GUM NECK,US-NC,35.7109,-76.127,2008,2025
USC00311975,CONCORD,US-NC,35.41374,-80.56383,1891,2025
USC00312102,COWEETA EXPERIMENTAL STATION,US-NC,35.0604,-83.4301,1942,2025
USC00312172,CROSSNORE,US-NC,36.01667,-81.93333,1938,1959
USC00312200,CULLOWHEE,US-NC,35.3116,-83.1747,1909,2025
USC00312238,DANBURY,US-NC,36.4301,-80.1789,1946,2025
USC00312500,DUNN 4 NW,US-NC,35.32432,-78.68782,1962,2025
USC00312515,DURHAM,US-NC,36.0425,-78.9625,1899,2013
USC00312546,EAGLE SPRINGS,US-NC,35.28333,-79.63333,1948,1951
USC00312635,EDENTON,US-NC,36.0164,-76.5516,1872,2025
USW00013761,EDENTON NAAS,US-NC,36.01667,-76.56667,1945,1958
USC00312719,ELIZABETH CITY,US-NC,36.3096,-76.205,1911,2025
USW00013786,ELIZABETH CITY COAST GUARD AIR STATION,US-NC,36.25771,-76.1716,1948,2025
USC00312732,ELIZABETHTOWN,US-NC,34.62724,-78.61068,1910,2025
USC00312740,ELKIN,US-NC,36.25465,-80.86396,1913,2025
USC00312827,ENFIELD,US-NC,36.1686,-77.675,1910,2012
USC00312837,ENKA,US-NC,35.5409,-82.6535,1930,2022
USW00013714,FAYETTEVILLE POPE AFB,US-NC,35.17389,-79.00889,1948,2003
USC00313017,FAYETTEVILLE PWC,US-NC,35.05909,-78.85883,1871,2025
USW00093740,FAYETTEVILLE REGIONAL AIRPORT GRANNIS FIELD,US-NC,34.98953,-78.88004,1998,2025
USC00313072,FLAT SPRINGS 1 E,US-NC,36.25251,-81.91352,2007,2025
USC00313106,FLETCHER 3 W,US-NC,35.4267,-82.557,1959,2025
USW00093737,FORT BRAGG SIMMONS ARMY AIR FIELD,US-NC,35.13333,-78.93333,1961,1978
USC00313228,FRANKLIN,US-NC,35.18038,-83.39294,1872,2025
USC00313224,FRANKLIN POWER HOUSE,US-NC,35.21667,-83.36667,1927,1950
USC00313336,FRISCO 2 NNE,US-NC,35.25524,-75.59805,2010,2025
USC00313356,GASTONIA,US-NC,35.2671,-81.1436,1890,2025
USW00053870,GASTONIA MUNICIPAL AIRPORT,US-NC,35.1968,-81.15552,1999,2025
USC00313364,GATESVILLE,US-NC,36.43333,-76.71667,1948,1973
USC00310375,GAYLORD BAY,US-NC,35.42629,-76.70726,1973,2025
USW00013713,GOLDSBORO SEYMOUR JOHNSON AFB,US-NC,35.3444,-77.9647,1900,2003
USC00313555,GRAHAM 2 ENE,US-NC,36.0503,-79.3728,1902,2025
USC00313565,GRANDFATHER MOUNTAIN,US-NC,36.0963,-81.8311,1955,2025
USW00013723,GREENSBORO PIEDMONT TRIAD INTERNATIONAL AIRPORT,US-NC,36.0969,-79.94316,1928,2025
USC00313638,GREENVILLE,US-NC,35.64,-77.3984,1875,2025
USW00013745,HATTERAS,US-NC,35.21667,-75.71667,1893,2004
USW00013754,HAVELOCK CHERRY POINT MCAS,US-NC,34.9,-76.88333,1945,2025
USC00313969,HENDERSON 2 NNW,US-NC,36.3488,-78.41193,1893,2025
USC00313976,HENDERSONVILLE 1 NE,US-NC,35.3297,-82.4491,1898,2025
USC00314015,HICKORY,US-NC,35.75,-81.35,1913,1976
USW00003810,HICKORY FAA AIRPORT,US-NC,35.74205,-81.38225,1949,2025
USC00314063,HIGH POINT,US-NC,35.96743,-79.97086,1921,2025
USC00314055,HIGHLANDS,US-NC,35.05646,-83.19822,1877,2025
USC00314144,HOFMANN FOREST,US-NC,34.83583,-77.30306,1945,2011
USC00315420,HOFMANN FOREST,US-NC,34.83333,-77.3,1950,1981
USC00314260,HOT SPRINGS,US-NC,35.89536,-82.8313,1927,2025
USC00314265,HOT SPRINGS 2,US-NC,35.9,-82.83333,1902,1984
USC00314385,IDLEWILD,US-NC,36.31194,-81.45889,1940,1998
USC00314456,JACKSON,US-NC,36.39652,-77.42397,1948,2025
USC00314496,JEFFERSON 2 E,US-NC,36.41747,-81.42964,1896,2025
USC00314619,KENANSVILLE,US-NC,35.0,-78.033333,1962,1982
USC00314684,KINSTON 7 SE,US-NC,35.1967,-77.5432,1899,2018
USC00314764,LAKE LURE 2,US-NC,35.42041,-82.18753,1948,2025
USC00314772,LAKE MICHIE,US-NC,36.15,-78.83333,1926,1973
USC00314788,LAKE TOXAWAY 2 SW,US-NC,35.0965,-82.95096,1950,2025
USW00093782,LAURINBURG MAXTON AIRPORT,US-NC,34.79132,-79.36831,1998,2025
USC00314938,LENOIR,US-NC,35.9147,-81.5374,1871,2025
USC00314962,LEWISTON,US-NC,36.1325,-77.1708,1954,2025
USC00314970,LEXINGTON,US-NC,35.84566,-80.25987,1902,2025
USC00314987,LILLINGTON,US-NC,35.40688,-78.82024,1891,2025
USC00314996,LINCOLNTON 4 W,US-NC,35.46064,-81.32967,1952,2025
USC00315123,LOUISBURG,US-NC,36.10259,-78.30418,1893,2025
USC00315177,LUMBERTON,US-NC,34.6269,-79.025,1903,2025
USW00013776,LUMBERTON REGIONAL AIRPORT,US-NC,34.60817,-79.059,1948,2025
USC00315283,MANGUMS STORE 4 WSW,US-NC,36.16667,-78.9,1926,1971
USW00013766,MANTEO,US-NC,35.9172,-75.7024,1945,2025
USC00315340,MARION,US-NC,35.6847,-82.0084,1893,2025
USC00315356,MARSHALL,US-NC,35.80336,-82.66573,1898,2025
USC00315445,MC CULLERS 1 W,US-NC,35.66667,-78.7,1937,1980
USC00315743,MOCKSVILLE 5 SE,US-NC,35.84219,-80.49777,1893,2025
USC00315763,MONCURE 3 SE,US-NC,35.58333,-79.05,1894,1979
USC00315771,MONROE 2 SE,US-NC,34.97984,-80.52344,1896,2025
USW00053872,MONROE AIRPORT,US-NC,35.01467,-80.62414,1999,2025
USC00315830,MOREHEAD CITY 2 WNW,US-NC,34.7336,-76.7357,1948,2025
USC00315838,MORGANTON,US-NC,35.72972,-81.67273,1880,2025
USC00315890,MOUNT AIRY 2 W,US-NC,36.49618,-80.65226,1893,2025
USC00315898,MOUNT GILEAD 4 W,US-NC,35.2078,-80.0636,1930,2016
USC00315923,MOUNT MITCHELL,US-NC,35.7585,-82.2711,1980,2025
USC00315922,MOUNT MITCHELL 2 SSW,US-NC,35.73333,-82.28333,1953,1965
USC00315930,MOUNT OLIVE 6 SE,US-NC,35.13763,-77.98908,2008,2025
USC00316001,MURPHY 4 ESE,US-NC,35.0714,-83.9684,1872,2025
USC00316044,NASHVILLE,US-NC,35.96667,-77.96667,1904,1987
USW00093719,NEW BERN COASTAL CAROLINA REGIONAL AIRPORT,US-NC,35.06836,-77.04783,1948,2025
USC00316135,NEW HOLLAND,US-NC,35.44861,-76.21083,1914,2003
USW00093727,NEW RIVER MCAF,US-NC,34.70842,-77.43966,1955,2025
USC00316236,NORTH FORK 2,US-NC,35.66308,-82.34746,1942,2025
USC00316256,NORTH WILKESBORO,US-NC,36.1638,-81.1536,1921,2025
USC00316452,ORIENTAL,US-NC,35.03333,-76.7,1952,1968
USC00316507,OXFORD 1 E,US-NC,36.3,-78.61667,1920,1994
USC00316565,PARKER 1 E,US-NC,36.45,-81.66667,1917,1963
USC00316602,PATTERSON,US-NC,35.9983,-81.565,1898,2012
USC00316676,PERRYTOWN,US-NC,35.0556,-77.0859,2003,2025
USC00316686,PFAFFTOWN,US-NC,36.1562,-80.37021,2005,2025
USC00316742,PINEHURST SOUTHERN P,US-NC,35.2,-79.46667,1903,1977
USC00316805,PISGAH FOREST 3 NE,US-NC,35.27195,-82.64784,1939,2025
USC00312253,PISGAH FOREST 8 W,US-NC,35.28333,-82.83333,1948,1949
USC00316853,PLYMOUTH 5 E,US-NC,35.8723,-76.6592,1945,2025
USC00316908,PORES KNOB 4 ESE,US-NC,36.05,-81.1,1949,1957
USC00317074,RALEIGH 4 SW,US-NC,35.7294,-78.6838,1921,2010
USW00013722,RALEIGH DURHAM INTERNATIONAL AIRPORT,US-NC,35.89227,-78.78194,1944,2025
USC00317079,RALEIGH STATE UNIVERSITY,US-NC,35.79082,-78.69875,1892,2025
USC00317097,RANDLEMAN,US-NC,35.82197,-79.78975,1905,2025
USC00317165,RED SPRINGS 1 SE,US-NC,34.8122,-79.1622,1901,2021
USC00317197,REIDSVILLE,US-NC,36.35,-79.63333,1901,1963
USC00317202,REIDSVILLE 2 NW,US-NC,36.3796,-79.6944,1962,2025
USW00093781,ROANOKE RAPIDS HALIFAX CO AIRPORT,US-NC,36.43944,-77.70972,1998,2009
USC00317324,ROARING GAP 1 NW,US-NC,36.40869,-80.99539,1942,2016
USC00317363,ROCK HOUSE,US-NC,35.0,-83.1,1900,1958
USC00317400,ROCKY MOUNT 8 ESE,US-NC,35.8936,-77.6806,1914,2025
USW00013746,ROCKY MOUNT FAA AIRPORT,US-NC,35.96667,-77.8,1949,1976
USW00093759,ROCKY MOUNT WILSON AIRPORT,US-NC,35.85023,-77.89511,2000,2025
USC00317486,ROSMAN,US-NC,35.137,-82.8204,1935,2025
USC00317499,ROUGEMONT,US-NC,36.21194,-78.85694,1913,2005
USC00317516,ROXBORO 7 ESE,US-NC,36.34643,-78.88588,1893,2025
USC00317548,RURAL HALL,US-NC,36.2333,-80.3069,1948,2017
USC00317615,SALISBURY,US-NC,35.6836,-80.4822,1893,2025
USC00317508,SALISBURY 9 WNW,US-NC,35.7,-80.61667,1954,1982
USC00317656,SANFORD 8 NE,US-NC,35.53554,-79.04747,1972,2025
USC00317727,SCOTLAND NECK,US-NC,36.20944,-77.38417,1872,1995
USC00317789,SETTLE,US-NC,36.01667,-80.76667,1895,1957
USC00317813,SHALLOTTE AG,US-NC,33.9283,-78.3894,2005,2025
USC00317845,SHELBY 2 NW,US-NC,35.31099,-81.57096,1893,2025
USC00317924,SILER CITY 2 N,US-NC,35.7609,-79.46255,1916,2024
USC00317974,SLOAN 3 S,US-NC,34.78333,-77.81667,1893,1980
USC00317994,SMITHFIELD,US-NC,35.5174,-78.34446,1892,2025
USC00318089,SOUTHERN PINES 2 W,US-NC,35.16667,-79.43333,1893,1968
USC00318113,SOUTHPORT 5 N,US-NC,33.9947,-78.0077,1892,2016
USC00318292,STATESVILLE 2 NNE,US-NC,35.8099,-80.8808,1901,2025
USW00093743,SWANSBORO BOGUE FIELD MCAF,US-NC,34.68333,-77.03333,1980,2014
USC00318492,TAPOCO,US-NC,35.4477,-83.9388,1929,2013
USC00318500,TARBORO 1 S,US-NC,35.88413,-77.53857,1870,2025
USC00318694,TRANSOU,US-NC,36.40039,-81.30525,1946,2025
USC00318744,TRYON,US-NC,35.20574,-82.25178,1917,2025
USC00318754,TUCKASEGEE 2 S,US-NC,35.23333,-83.13333,1945,1977
USC00319555,W. KERR SCOTT RESV.,US-NC,36.1308,-81.2275,1965,2025
USC00318964,WADESBORO,US-NC,34.95884,-80.07746,1938,2024
USC00319100,WASHINGTON WWTP 4 W,US-NC,35.55239,-77.0723,1893,2025
USC00319147,WAYNESVILLE 1 E,US-NC,35.4868,-82.9681,1894,2025
USW00013774,WEEKSVILLE NAF,US-NC,36.23,-76.13,1945,1957
USC00319191,WELDON,US-NC,36.43333,-77.6,1872,1971
USC00319352,WHITEVILLE,US-NC,34.31667,-78.71667,1903,1975
USC00319467,WILMINGTON 7 N,US-NC,34.3208,-77.9205,1949,2025
USW00013748,WILMINGTON INTERNATIONAL AIRPORT,US-NC,34.26678,-77.89987,1948,2025
USC00319476,WILSON 3 SW,US-NC,35.69389,-77.94611,1916,2025
USW00093807,WINSTON SALEM REYNOLDS AIRPORT,US-NC,36.13347,-80.22441,1899,2025
USC00319675,YADKINVILLE 6 E,US-NC,36.1306,-80.5481,1940,2025
USC00319700,YANCEYVILLE 2 NNE,US-NC,36.43333,-79.33333,1949,1979
USC00320022,ADAMS 7 SSW,US-ND,48.33,-98.1184,1948,2022
USC00320096,ALEXANDER 4 NNW,US-ND,47.9022,-103.6608,1916,2013
USC00320127,ALMONT,US-ND,46.7252,-101.505,1984,2010
USC00320136,ALMONT 7 W,US-ND,46.71667,-101.65,1943,1984
USC00320189,AMBROSE 3 N,US-ND,48.9975,-103.4877,1950,2025
USC00320196,AMENIA,US-ND,47.0,-97.21667,1895,1979
USC00320209,AMIDON,US-ND,46.4819,-103.3222,1920,2012
USC00320369,ARVILLA STATE PARK,US-ND,47.91667,-97.5,1946,1967
USC00320382,ASHLEY,US-ND,46.0405,-99.3741,1893,2025
USC00320450,BALDHILL DAM,US-ND,47.036,-98.0831,1948,2025
USC00320590,BEACH,US-ND,46.9283,-104.0158,1906,2011
USC00320626,BELCOURT KEYA RADIO,US-ND,48.8411,-99.75138,1945,2025
USC00320639,BELFIELD 1 SW,US-ND,46.88333,-103.18333,1948,1978
USC00320729,BERTHOLD,US-ND,48.31389,-101.73278,1950,2005
USC00320766,BEULAH 1 W,US-ND,47.2622,-101.7906,1916,2007
USC00320767,BEULAH 2 NW,US-ND,47.2947,-101.8186,2007,2012
USC00320796,BISBEE 6 NE,US-ND,48.61667,-99.36667,1937,1982
USW00024011,BISMARCK MUNICIPAL AIRPORT,US-ND,46.78232,-100.75752,1936,2025
USC00320941,BOTTINEAU,US-ND,48.8216,-100.4527,1893,2025
USC00320961,BOWBELLS,US-ND,48.7994,-102.2463,1912,2013
USC00320966,BOWBELLS 5 E,US-ND,48.78333,-102.13333,1950,1952
USC00320995,BOWMAN,US-ND,46.19361,-103.37138,1915,2025
USC00321052,BREIEN,US-ND,46.37972,-100.94083,1948,2004
USC00321225,BUTTE 5 SE,US-ND,47.7947,-100.5847,1925,2017
USC00321288,CANDO 1 E,US-ND,48.4869,-99.1976,1901,2025
USC00321360,CARRINGTON,US-ND,47.44944,-99.12944,1929,2004
USC00321362,CARRINGTON 4 N,US-ND,47.5088,-99.1211,1967,2025
USC00321370,CARSON,US-ND,46.425,-101.57417,1912,2012
USC00321435,CAVALIER 7 NW,US-ND,48.8624,-97.7015,1927,2025
USC00321456,CENTER 4 SE,US-ND,47.0644,-101.2119,1938,2025
USC00321686,COLGATE,US-ND,47.2428,-97.6561,1914,2010
USC00321696,COLUMBUS 2 SW,US-ND,48.88333,-102.8,1950,1974
USC00321766,COOPERSTOWN,US-ND,47.405,-98.038,1903,2012
USC00321816,COURTENAY 1 NW,US-ND,47.24,-98.58472,1930,2025
USC00321871,CROSBY,US-ND,48.91583,-103.29805,1907,2023
USW00014912,DEVILS LAKE KDLR,US-ND,48.1069,-98.868,1921,2014
USC00322148,DEVILS LAKE MUNICIPAL AIRPORT,US-ND,48.11667,-98.9,2021,2025
USC00322188,DICKINSON EXPERIMENTAL STATION,US-ND,46.89194,-102.81167,1893,2025
USW00024012,DICKINSON THEODORE ROOSEVELT REGIONAL AIRPORT,US-ND,46.79968,-102.79715,1938,2025
USC00322298,DRAKE,US-ND,47.91667,-100.36667,1929,1982
USC00322304,DRAKE 9 NE,US-ND,48.04861,-100.30944,1964,2025
USC00322312,DRAYTON,US-ND,48.56083,-97.18083,1967,2000
USC00322365,DUNN CENTER 1 E,US-ND,47.3466,-102.5869,1918,2025
USC00322472,ECKMAN 2 SE,US-ND,48.65,-101.01667,1904,1975
USC00322482,EDGELEY 3 WNW,US-ND,46.36916,-98.76694,1901,2022
USC00322525,EDMORE 4 NW,US-ND,48.4583,-98.5169,1905,2017
USC00324656,EDMUNDS ARROWWOOD RE,US-ND,47.26667,-98.86667,1948,1974
USC00322570,ELBOWOODS,US-ND,47.58333,-102.15,1948,1954
USC00322605,ELLENDALE,US-ND,46.01055,-98.52583,1893,2019
USC00322695,ENDERLIN 2 W,US-ND,46.6171,-97.6383,1952,2025
USC00322735,EPPING,US-ND,48.28333,-103.36667,1908,1996
USC00322768,ESMOND 9 NNW,US-ND,48.1582,-99.8285,2013,2021
USC00322809,FAIRFIELD,US-ND,47.1905,-103.2247,1928,2014
USW00014914,FARGO HECTOR INTERNATIONAL AIRPORT,US-ND,46.92424,-96.81186,1891,2025
USC00322949,FESSENDEN,US-ND,47.6455,-99.6219,1911,2012
USC00323004,FLASHER,US-ND,46.458,-101.2,1999,2019
USC00323009,FLASHER 4 SE,US-ND,46.4,-101.2,1906,1975
USC00323019,FLAXTON,US-ND,48.9,-102.38333,1950,1958
USC00323064,FORBES 10 NW,US-ND,46.0347,-98.9436,1951,2013
USC00323117,FORMAN 5 SSE,US-ND,46.0333,-97.595,1893,2025
USC00323207,FORT YATES 4 SW,US-ND,46.05,-100.66667,1893,2000
USC00323196,FORTUNA 1 W,US-ND,48.908,-103.8055,1963,2025
USC00323217,FOXHOLM 7 N,US-ND,48.4583,-101.5697,1897,2025
USC00323277,FRYBURG 1 SSE,US-ND,46.86667,-103.3,1918,1952
USC00323287,FULLERTON 1 ESE,US-ND,46.15833,-98.39888,1898,2024
USC00323309,GACKLE,US-ND,46.6275,-99.13833,1948,2002
USC00323376,GARRISON,US-ND,47.6538,-101.4198,1948,2025
USW00094041,GARRISON,US-ND,47.646142,-101.440584,1998,2025
USC00323594,GRAFTON,US-ND,48.41806,-97.42472,1893,2011
USW00094925,GRAND FORKS AF,US-ND,47.96667,-97.4,1959,1970
USW00014916,GRAND FORKS INTERNATIONAL AIRPORT,US-ND,47.94281,-97.18294,1941,2025
USC00323621,GRAND FORKS UNIVERSITY NWS,US-ND,47.92172,-97.0975,1893,2025
USC00323665,GRAND RAPIDS 1 N,US-ND,46.46667,-98.35,1950,1962
USC00323686,GRANVILLE,US-ND,48.2675,-100.84389,1907,2004
USC00323701,GRASSY BUTTE 10 N,US-ND,47.51667,-103.23333,1950,1957
USC00323705,GRASSY BUTTE 2 ENE,US-ND,47.4011,-103.2072,1987,2025
USC00323736,GRENORA,US-ND,48.61667,-103.93333,1906,1990
USC00323846,HALLIDAY,US-ND,47.3544,-102.3372,1941,2014
USC00323908,HANKINSON,US-ND,46.06667,-96.9,1929,1993
USC00323936,HANNAH 2 N,US-ND,49.0,-98.68333,1905,1985
USC00323963,HANSBORO 4 NNE,US-ND,48.99889,-99.34639,1908,2011
USC00324013,HARVEY 4 NE,US-ND,47.8083,-99.8758,1942,2025
USC00324083,HAZELTON 4 NW,US-ND,46.5203,-100.3478,1948,2025
USC00324091,HEART BUTTE DAM,US-ND,46.5916,-101.8074,1984,2025
USC00324102,HEBRON,US-ND,46.9075,-102.0382,1963,2025
USC00324178,HETTINGER,US-ND,45.9925,-102.64417,1908,1999
USW00094038,HETTINGER MUNICIPAL AIRPORT,US-ND,46.0108,-102.65179,1996,2025
USC00324203,HILLSBORO 3 N,US-ND,47.4389,-97.0664,1905,2013
USC00324343,HURDSFIELD 8 SW,US-ND,47.35,-100.01667,1948,1997
USW00014919,JAMESTOWN MUNICIPAL AIRPORT,US-ND,46.92586,-98.67037,1948,2025
USC00324418,JAMESTOWN STATE HOSPITAL,US-ND,46.8844,-98.685,1881,2025
USC00324571,KEENE 3 S,US-ND,47.8966,-102.9208,1950,2025
USC00324646,KENMARE 1 WSW,US-ND,48.6691,-102.0975,1932,2025
USC00324722,KILLDEER,US-ND,47.3714,-102.7605,1998,2025
USC00324726,KILLDEER 8 NW,US-ND,47.46667,-102.83333,1893,1996
USC00324937,LA MOURE,US-ND,46.3625,-98.29194,1948,2025
USC00324879,LAKE METIGOSHE STATE PARK,US-ND,48.9797,-100.3344,1979,2025
USC00324958,LANGDON EXPERIMENTAL FARM,US-ND,48.7622,-98.3447,1897,2025
USC00325013,LARIMORE,US-ND,47.87417,-97.71056,1893,2006
USC00325078,LEEDS,US-ND,48.2881,-99.4317,1935,2007
USC00325210,LINTON,US-ND,46.2666,-100.2305,1917,2008
USC00325220,LISBON,US-ND,46.4444,-97.6928,1903,2025
USC00325320,LOSTWOOD 12 N,US-ND,48.55,-102.4,1951,1975
USC00325434,MADDOCK,US-ND,47.96194,-99.52611,1915,2004
USC00325479,MANDAN EXPERIMENTAL STATION,US-ND,46.8127,-100.9097,1913,2025
USC00325484,MANDAN FORT LINCOLN,US-ND,46.75,-100.86667,1948,1970
USC00325573,MARMARTH,US-ND,46.3,-103.91667,1909,1957
USC00325575,MARMARTH,US-ND,46.2958,-103.92,1950,2016
USC00325638,MAX,US-ND,47.8213,-101.2922,1929,2025
USC00325660,MAYVILLE,US-ND,47.4988,-97.3513,1893,2025
USC00325710,MC CLUSKY,US-ND,47.48277,-100.445,1917,2025
USC00325730,MC HENRY 3 W,US-ND,47.5808,-98.6422,1909,2025
USC00325754,MC LEOD 3 E,US-ND,46.3911,-97.2391,1912,2025
USC00325798,MEDINA,US-ND,46.8927,-99.2897,1905,2010
USC00325813,MEDORA,US-ND,46.9161,-103.5263,1948,2025
USC00325818,MEDORA 22 NNW,US-ND,47.23333,-103.6,1951,1970
USW00094011,MINOT AFB,US-ND,48.41667,-101.35,1959,1970
USC00325993,MINOT EXPERIMENTAL STATION,US-ND,48.1802,-101.2963,1905,2025
USW00024013,MINOT INTERNATIONAL AIRPORT,US-ND,48.25203,-101.26891,1948,2025
USC00326015,MOFFIT 3 SE,US-ND,46.6705,-100.22948,1943,2025
USC00326025,MOHALL,US-ND,48.7602,-101.509,1893,2023
USC00326105,MONTPELIER,US-ND,46.7005,-98.5839,1948,2025
USC00326155,MOTT,US-ND,46.3747,-102.32111,1907,2021
USC00326195,MUNICH 11 SSW,US-ND,48.51667,-98.91667,1947,1982
USC00326255,NAPOLEON,US-ND,46.51111,-99.7725,1893,2025
USC00326315,NEW ENGLAND,US-ND,46.54055,-102.86916,1894,2025
USC00326355,NEW ROCKFORD 7 WNW,US-ND,47.71667,-99.26667,1948,1958
USC00326365,NEW SALEM 5 NW,US-ND,46.8925,-101.4897,1893,2025
USC00326383,NEW TOWN 4 W,US-ND,47.97777,-102.57833,1952,1985
USC00326620,OAKES,US-ND,46.1458,-98.0919,1922,2019
USC00326857,PARK RIVER,US-ND,48.4,-97.75,1903,1995
USC00326867,PARSHALL,US-ND,47.95,-102.13333,1916,1979
USW00014924,PEMBINA,US-ND,48.9713,-97.2414,1898,2025
USC00327027,PETERSBURG 2 N,US-ND,48.0356,-98.0096,1930,2025
USC00327047,PETTIBONE,US-ND,47.11667,-99.53333,1919,1998
USC00327201,PORTAL,US-ND,49.0,-102.55,1893,1973
USC00327281,POWERS LAKE 1 N,US-ND,48.5722,-102.6466,1914,2006
USC00327311,PRETTY ROCK,US-ND,46.1758,-101.8561,1948,2025
USC00327450,REEDER,US-ND,46.1088,-102.9447,1950,2023
USC00327452,REEDER 13 N,US-ND,46.28556,-102.95111,1949,2002
USC00327461,REGAN 6 NE,US-ND,47.23333,-100.43333,1989,1998
USC00327530,RICHARDTON ABBEY,US-ND,46.8886,-102.3191,1916,2025
USC00327585,RIVERDALE,US-ND,47.49805,-101.375,1948,2025
USC00327655,ROLETTE 3 SE,US-ND,48.6297,-99.8069,1949,2025
USC00327664,ROLLA 1 NE,US-ND,48.8811,-99.5861,1904,2009
USC00327704,RUGBY,US-ND,48.3541,-99.9925,1904,2025
USC00327749,RYDER 1 NNW,US-ND,47.93333,-101.68333,1948,1973
USC00322385,SAN HAVEN,US-ND,48.83333,-100.03333,1948,1951
USC00327824,SAN HAVEN,US-ND,48.83333,-100.03333,1951,1986
USC00327952,SELFRIDGE,US-ND,46.06667,-100.91667,1919,1975
USC00320149,SENTINEL BUTTE 20 S,US-ND,46.61667,-103.81667,1948,1951
USC00327986,SHARON,US-ND,47.59833,-97.9,1923,2002
USC00328047,SHERWOOD,US-ND,48.9623,-101.631,1948,2022
USC00328057,SHEYENNE,US-ND,47.83333,-99.11667,1893,1984
USC00328065,SHIELDS,US-ND,46.233,-101.1291,1950,2025
USC00328276,STANLEY 3 NNW,US-ND,48.3566,-102.4116,1938,2017
USC00328366,STEELE 4 N,US-ND,46.8948,-99.9482,1894,2021
USC00328415,STREETER 5 NW,US-ND,46.7154,-99.4475,1987,2025
USC00328627,TAGUS,US-ND,48.3475,-101.9325,1928,2011
USC00328737,TIOGA 1 E,US-ND,48.3988,-102.918,1905,2014
USC00328792,TOWNER 2 NE,US-ND,48.3706,-100.3907,1896,2025
USC00328812,TROTTERS 3 SSE,US-ND,47.2841,-103.9005,1949,2011
USC00328807,TROTTERS 6 SE,US-ND,47.3,-103.86667,1926,1958
USC00328840,TURTLE LAKE,US-ND,47.5213,-100.8883,1912,2025
USC00328850,TUTTLE,US-ND,47.13333,-100.0,1930,1995
USC00328872,UNDERWOOD,US-ND,47.455,-101.1461,1954,2025
USC00328877,UNDERWOOD 12 W,US-ND,47.43333,-101.4,1912,1954
USC00328913,UPHAM 3 N,US-ND,48.61388,-100.72694,1940,2024
USC00328937,VALLEY CITY 3 NNW,US-ND,46.9558,-98.0203,1893,2011
USC00328970,VAN HOOK,US-ND,47.95,-102.35,1915,1952
USC00328990,VELVA,US-ND,48.06,-100.9413,1926,2025
USC00329035,VERONA,US-ND,46.3638,-98.0758,1948,2014
USC00329100,WAHPETON 3 N,US-ND,46.32333,-96.61083,1893,1999
USC00329155,WALHALLA 1 SW,US-ND,48.91333,-97.91806,1904,1998
USC00329195,WASHBURN,US-ND,47.2981,-101.03,1893,2020
USC00329219,WATAUGA S DAK 8 N,US-ND,46.0233,-101.5663,1950,2021
USC00329233,WATFORD CITY,US-ND,47.8038,-103.2891,1912,2022
USC00329246,WATFORD CITY 14 S,US-ND,47.6,-103.2597,1951,2024
USC00329333,WESTHOPE,US-ND,48.9097,-101.0191,1904,2012
USC00329400,WILDROSE 3 NW,US-ND,48.663,-103.213,1928,2012
USC00329426,WILLISTON AIRPORT,US-ND,48.25412,-103.7468,2019,2025
USC00329430,WILLISTON EXPERIMENTAL FARM,US-ND,48.1375,-103.7372,1956,2025
USW00094014,WILLISTON SLOULIN FIELD,US-ND,48.1738,-103.6366,1894,2020
USC00329445,WILLOW CITY,US-ND,48.606,-100.291,1893,2025
USC00329455,WILTON,US-ND,47.1602,-100.7891,1927,2011
USC00329515,WISHEK,US-ND,46.2608,-99.56,1903,2019
USC00329575,WOODWORTH,US-ND,47.1844,-99.2916,1951,2005
USC00329650,ZAP,US-ND,47.2877,-101.94,1914,2010
USC00250030,AGATE 3 E,US-NE,42.4244,-103.7347,1900,2025
USC00250050,AINSWORTH,US-NE,42.54669,-99.85161,1905,2025
USC00250070,ALBION,US-NE,41.6854,-98.0083,1893,2025
USC00250130,ALLIANCE 1 WNW,US-NE,42.1103,-102.8967,1894,2021
USW00024044,ALLIANCE MUNICIPAL AIRPORT ASOS,US-NE,42.05732,-102.80169,1996,2025
USC00250245,ANSELMO 2 WSW,US-NE,41.61079,-99.90442,1948,2025
USC00250320,ARCADIA,US-NE,41.42386,-99.15817,1893,2025
USC00250355,ARNOLD,US-NE,41.42719,-100.19463,1943,2025
USC00250365,ARTHUR,US-NE,41.56973,-101.6917,1929,2025
USC00250375,ASHLAND 2,US-NE,41.0407,-96.3811,1893,2018
USC00250420,ATKINSON 3 SW,US-NE,42.5136,-99.0302,1906,2025
USC00250427,ATLANTA 2 WNW,US-NE,40.37944,-99.49917,1952,2000
USC00250435,AUBURN 5 ESE,US-NE,40.3705,-95.7469,1893,2025
USC00250445,AURORA,US-NE,40.8586,-97.9958,1894,2008
USC00250525,BARTLETT 1 W,US-NE,41.8857,-98.5631,1948,2025
USC00250620,BEATRICE,US-NE,40.25,-96.75,1893,1984
USC00250622,BEATRICE 1 N,US-NE,40.2994,-96.75,1984,2025
USC00250640,BEAVER CITY,US-NE,40.1305,-99.8277,1893,2025
USW00014949,BELLEVUE OFFUTT AFB,US-NE,41.11667,-95.91667,1949,1970
USC00250760,BENKELMAN 1 N,US-NE,40.06456,-101.54371,1894,2023
USC00250770,BENNET,US-NE,40.67944,-96.50639,1942,2000
USC00250810,BERTRAND,US-NE,40.5283,-99.6352,1908,2011
USC00250865,BIG SPRINGS,US-NE,41.0654,-102.071,1916,2020
USC00250930,BLAIR,US-NE,41.55361,-96.14056,1893,2001
USC00250945,BLOOMFIELD,US-NE,42.5938,-97.6436,1905,2025
USC00250953,BLOOMINGTON 2 S,US-NE,40.06667,-99.03333,1907,1958
USC00251045,BOX BUTTE EXPERIMENTAL STATION,US-NE,42.13333,-102.95,1931,1981
USC00251065,BRADSHAW,US-NE,40.87948,-97.75071,1898,2025
USC00251130,BREWSTER,US-NE,41.9375,-99.86278,1912,2001
USC00251145,BRIDGEPORT,US-NE,41.66805,-103.10382,1897,2022
USC00251149,BRIDGEPORT 18 WSW,US-NE,41.5638,-103.3677,2002,2025
USC00251189,BROADWATER 3 WNW,US-NE,41.61102,-102.90144,2002,2022
USC00251200,BROKEN BOW 2 W,US-NE,41.4083,-99.675,1894,2025
USW00094946,BROKEN BOW MUNICIPAL AIRPORT,US-NE,41.43653,-99.63851,1999,2025
USC00251213,BROWNLEE,US-NE,42.28722,-100.62917,1962,1997
USC00251240,BRUNING,US-NE,40.3325,-97.5652,1894,2019
USC00251345,BURWELL 2 WSW,US-NE,41.76658,-99.17662,1948,2025
USC00251361,BUSHNELL 15 S,US-NE,41.01036,-103.87691,2002,2025
USC00251365,BUTTE,US-NE,42.913,-98.8511,1906,2022
USC00251415,CAMBRIDGE,US-NE,40.2845,-100.14189,1898,2025
USC00254260,CANADAY STEAM PLANT,US-NE,40.68333,-99.75,1948,1961
USC00251560,CENTRAL CITY,US-NE,41.12693,-98.02222,1878,2025
USC00251575,CHADRON 3 SW,US-NE,42.8083,-103.0533,1894,2025
USW00024017,CHADRON MUNICIPAL AIRPORT,US-NE,42.83736,-103.09806,2000,2025
USC00251590,CHAMBERS,US-NE,42.203,-98.7466,1911,2016
USC00251602,CHAPPELL,US-NE,41.094,-102.4716,2000,2025
USC00251660,CLARKSON,US-NE,41.72389,-97.12556,1940,2004
USC00251684,CLAY CENTER,US-NE,40.5208,-98.0536,1971,2025
USC00251680,CLAY CENTER 6 ESE,US-NE,40.5033,-97.9372,1915,2025
USC00251825,COLUMBUS 3 NE,US-NE,41.4638,-97.3277,1893,2025
USC00251835,COMSTOCK,US-NE,41.55694,-99.23722,1941,2002
USC00253652,CONCORD,US-NE,42.38447,-96.98844,2007,2025
USC00251990,CREIGHTON,US-NE,42.4602,-97.9047,1893,2011
USC00252000,CRESCENT LAKE NAT WLR,US-NE,41.76093,-102.43776,1935,2025
USC00252020,CRETE 4 ESE,US-NE,40.6092,-96.872,1893,2025
USC00252037,CROFTON,US-NE,42.7363,-97.4969,1988,2025
USC00252065,CULBERTSON,US-NE,40.23154,-100.83026,1889,2025
USC00252100,CURTIS,US-NE,40.6344,-100.5219,1893,2025
USC00252145,DALTON,US-NE,41.4086,-102.9661,1913,2018
USC00252147,DALTON 13 W,US-NE,41.4158,-103.2341,2002,2005
USC00252205,DAVID CITY 4 E,US-NE,41.24821,-97.05802,1889,2023
USC00252380,DODGE,US-NE,41.72333,-96.88278,1945,2009
USC00252560,EDISON,US-NE,40.2763,-99.7836,1914,2025
USC00252595,ELGIN,US-NE,41.9872,-98.0747,1911,2025
USC00252647,ELLSWORTH 15 NNE,US-NE,42.2651,-102.2134,1963,2008
USC00252645,ELLSWORTH 2 W,US-NE,42.06284,-102.31722,1943,2025
USC00254520,ELSMERE,US-NE,42.16667,-100.01667,1948,1959
USC00252680,ELSMERE 9 ENE,US-NE,42.1717,-100.0106,1980,2025
USC00252690,ELWOOD 8 S,US-NE,40.4767,-99.8861,1894,2025
USC00252715,EMERSON,US-NE,42.28294,-96.72603,1944,2025
USC00252741,ENDERS LAKE,US-NE,40.418,-101.5147,1951,2013
USC00252770,ERICSON 8 WNW,US-NE,41.80373,-98.82437,1893,2025
USC00252790,EUSTIS 2 NW,US-NE,40.6864,-100.0536,1944,2025
USC00252805,EWING,US-NE,42.2611,-98.3416,1893,2020
USC00252806,EWING 12 S,US-NE,42.08333,-98.38333,1948,1979
USC00252820,FAIRBURY 7 S,US-NE,40.04763,-97.18888,1893,2025
USC00252840,FAIRMONT,US-NE,40.64222,-97.59278,1894,2011
USW00094957,FALLS CITY BRENNER FIELD,US-NE,40.07912,-95.58928,1912,2025
USC00252980,FORT CALHOUN 4 W,US-NE,41.4453,-96.0929,2002,2024
USC00253015,FORT ROBINSON,US-NE,42.6655,-103.4618,1902,2018
USC00253035,FRANKLIN,US-NE,40.1,-98.96667,1888,1990
USC00253050,FREMONT,US-NE,41.43,-96.4669,1893,2025
USC00253065,FRIEND 3 E,US-NE,40.6558,-97.2208,1925,2025
USC00253075,FULLERTON,US-NE,41.3594,-97.9761,1901,2013
USC00253165,GAVINS POINT DAM,US-NE,42.84556,-97.47333,1961,1995
USC00253175,GENEVA,US-NE,40.53936,-97.59048,1893,2025
USC00253185,GENOA 2 W,US-NE,41.4513,-97.7644,1893,2025
USC00253355,GORDON 6 N,US-NE,42.8966,-102.20298,1898,2025
USC00253365,GOTHENBURG,US-NE,40.9394,-100.1513,1894,2025
USW00014935,GRAND ISLAND CENTRAL NE REGIONAL AIRPORT,US-NE,40.96146,-98.31304,1938,2025
USC00253425,GREELEY,US-NE,41.5462,-98.5331,1894,2025
USC00253461,GRESHAM 3 W,US-NE,41.031,-97.4704,1914,2025
USC00253467,GRETNA,US-NE,41.12713,-96.24744,1997,2025
USC00253485,GUIDE ROCK,US-NE,40.0691,-98.333,1900,2009
USC00253515,HAIGLER,US-NE,40.0136,-101.9408,1893,2014
USC00253540,HALSEY 2 W,US-NE,41.9,-100.3167,1903,1990
USC00253589,HARDY,US-NE,40.0136,-97.9288,1918,2009
USC00253595,HARLAN CO LAKE,US-NE,40.0892,-99.2133,1894,2025
USC00253605,HARRISBURG 12 WNW,US-NE,41.633,-103.9541,1911,2025
USC00253615,HARRISON,US-NE,42.6858,-103.8841,1893,2025
USC00253622,HARRISON 17 N,US-NE,42.93333,-103.86667,1948,1957
USC00253617,HARRISON 4 NW,US-NE,42.7433,-103.9219,2003,2016
USC00253618,HARRISON 9 NE,US-NE,42.8002,-103.7866,2003,2025
USC00253630,HARTINGTON,US-NE,42.61664,-97.2608,1893,2023
USC00253660,HASTINGS 4 N,US-NE,40.6471,-98.3835,1894,2025
USW00094949,HASTINGS MUNICIPAL AIRPORT,US-NE,40.60021,-98.42637,1996,2025
USC00253710,HAY SPRINGS,US-NE,42.6828,-102.6928,1893,2012
USC00253715,HAY SPRINGS 12 S,US-NE,42.51194,-102.69444,1951,2023
USW00024020,HAYES CENTER 1 NW,US-NE,40.52315,-101.03456,1894,2025
USC00253735,HEBRON,US-NE,40.175,-97.5902,1893,2025
USW00004998,HEBRON MUNICIPAL AIRPORT,US-NE,40.14917,-97.58667,2011,2025
USC00253755,HEMINGFORD,US-NE,42.3208,-103.0733,1964,2018
USC00253800,HERMAN,US-NE,41.66667,-96.21667,1946,1979
USC00253810,HERSHEY 5 SSE,US-NE,41.1056,-100.9775,1941,2025
USC00253825,HICKMAN,US-NE,40.6219,-96.6283,1894,2008
USC00253910,HOLDREGE,US-NE,40.4518,-99.3802,1894,2025
USC00253911,HOLDREGE 1 E,US-NE,40.43333,-99.38333,1957,1970
USW00004935,HOLDREGE BREWSTER FIELD AIRPORT,US-NE,40.45,-99.33917,2011,2025
USC00253950,HOMER 3 NE,US-NE,42.3366,-96.4319,1946,2008
USC00254035,HOWELLS,US-NE,41.7173,-97.0033,1934,2025
USC00254100,HYANNIS,US-NE,42.0,-101.75,1927,1996
USC00254101,HYANNIS 5 N,US-NE,42.0542,-101.756,1997,2010
USC00254110,IMPERIAL,US-NE,40.50905,-101.65147,1893,2025
USW00024091,IMPERIAL MUNICIPAL AIRPORT,US-NE,40.51063,-101.62432,1950,2025
USC00254115,INDIANOLA 2 N,US-NE,40.25,-100.41667,1893,1952
USC00254335,KEARNEY 4 NE,US-NE,40.7258,-99.0133,1894,2025
USW00014905,KEARNEY MUNICIPAL AIRPORT,US-NE,40.73333,-99.0,2011,2025
USC00254440,KIMBALL 2 NE,US-NE,41.2452,-103.6344,1893,2017
USC00254455,KINGSLEY DAM,US-NE,41.2097,-101.6705,1938,2025
USC00254604,LAMAR,US-NE,40.5302,-101.9694,1911,2009
USC00254655,LAUREL,US-NE,42.42639,-97.09111,1940,1999
USC00254775,LEXINGTON,US-NE,40.78333,-99.75,1893,1950
USW00014994,LEXINGTON JIM KELLY FIELD,US-NE,40.78861,-99.77083,1951,2025
USW00014904,LINCOLN AFB,US-NE,40.85,-96.76667,1949,1964
USC00254790,LINCOLN AGRNMY FARM,US-NE,40.85,-96.61667,1921,1968
USW00014939,LINCOLN AIRPORT,US-NE,40.84781,-96.76467,1942,2025
USC00254800,LINCOLN COLLEGE VIEW,US-NE,40.76667,-96.65,1925,1976
USC00254810,LINCOLN UNIVERSITY CAMPUS,US-NE,40.81667,-96.7,1948,1957
USW00014971,LINCOLN WASTE WATER TREATMENT PLANT,US-NE,40.8389,-96.6869,1881,2020
USC00254900,LODGEPOLE,US-NE,41.1488,-102.63621,1894,2022
USC00254985,LOUP CITY,US-NE,41.2789,-98.9697,1894,2025
USC00254986,LOUP CITY 6 NNE,US-NE,41.36111,-98.92222,1948,2002
USC00255020,LYMAN,US-NE,41.91694,-104.03583,1924,2006
USC00255040,LYNCH,US-NE,42.82992,-98.47099,1893,2024
USC00255050,LYONS,US-NE,41.9377,-96.4788,1895,2025
USC00255080,MADISON 2 W,US-NE,41.8291,-97.45,1894,2012
USC00255090,MADRID,US-NE,40.8508,-101.5427,1893,2023
USC00255105,MALCOLM,US-NE,40.908,-96.865,1942,2018
USC00255250,MASON CITY,US-NE,41.2211,-99.2938,1893,2016
USC00255310,MC COOK,US-NE,40.22887,-100.61,1894,2025
USC00255320,MC COOL JUNCTION,US-NE,40.7452,-97.5966,1895,2008
USW00094040,MCCOOK MUNICIPAL AIRPORT,US-NE,40.204,-100.59039,1997,2025
USC00255362,MEAD 6 S,US-NE,41.143,-96.4808,1968,2025
USC00255370,MEADOW GROVE,US-NE,42.02917,-97.73861,1941,2000
USC00255388,MEDICINE CREEK DAM,US-NE,40.37432,-100.23294,1951,2019
USC00255470,MERRIMAN,US-NE,42.91944,-101.70889,1897,2011
USC00255525,MILLER,US-NE,40.9283,-99.3886,1906,2025
USC00255555,MINATARE DAM USBR,US-NE,41.9178,-103.4842,1925,2025
USC00255565,MINDEN,US-NE,40.5155,-98.9513,1893,2025
USC00255590,MITCHELL 5 E,US-NE,41.948,-103.7008,1909,2017
USC00255655,MOOREFIELD,US-NE,40.6961,-100.3997,1947,2012
USC00255702,MULLEN 21 NW,US-NE,42.2505,-101.3363,1948,2006
USC00255700,MULLEN 3 S,US-NE,42.00669,-101.04446,1893,2022
USC00255780,NAPONEE,US-NE,40.0783,-99.1386,1940,2025
USC00251849,NE NEBRASKA EXPERIMENTAL STATION,US-NE,42.38333,-96.96667,1957,1964
USC00256018,NE NEBRASKA EXPERIMENTAL STATION,US-NE,42.38028,-96.95778,1964,1998
USC00255805,NEBRASKA CITY 1 NW,US-NE,40.68333,-95.88333,1895,1961
USC00255810,NEBRASKA CITY 2 NW,US-NE,40.6986,-95.8866,1933,2025
USC00255830,NELIGH,US-NE,42.1302,-98.0275,1918,2024
USC00255840,NELSON,US-NE,40.20284,-98.06346,1910,2023
USC00255860,NENZEL 20 S,US-NE,42.65,-101.16667,1916,1982
USC00255895,NEWCASTLE,US-NE,42.65325,-96.87743,1940,2025
USC00255925,NEWPORT,US-NE,42.6008,-99.3333,1895,2018
USC00255940,NICKERSON 3 NE,US-NE,41.567,-96.4422,1956,2023
USC00255960,NIOBRARA,US-NE,42.7472,-98.0466,1939,2005
USC00255990,NORFOLK,US-NE,42.03333,-97.41667,1893,1965
USW00014941,NORFOLK KARL STEFAN MEMORIAL AIRPORT,US-NE,41.97988,-97.4335,1945,2025
USC00256040,NORTH LOUP,US-NE,41.49579,-98.77422,1893,2025
USC00256075,NORTH PLATTE EXPERIMENTAL FARM,US-NE,41.0569,-100.7494,1917,2025
USW00024023,NORTH PLATTE REGIONAL AIRPORT,US-NE,41.12199,-100.66895,1948,2025
USC00256100,NW AGRICULTURAL LAB,US-NE,42.13333,-102.95,1981,1988
USC00256290,O NEILL,US-NE,42.4594,-98.6563,1893,2025
USC00256135,OAKDALE,US-NE,42.067,-97.9653,1893,2025
USC00256167,OCONTO,US-NE,41.1439,-99.7633,1948,2016
USC00256200,OGALLALA,US-NE,41.1275,-101.7205,1893,2025
USW00014942,OMAHA EPPLEY AIRFIELD,US-NE,41.31186,-95.90186,1948,2025
USW00094918,OMAHA WSFO,US-NE,41.36667,-96.01667,1954,2003
USC00256335,ORD,US-NE,41.6,-98.93333,1895,2025
USW00094958,ORD EVELYN SHARP FIELD,US-NE,41.62342,-98.94887,2000,2025
USC00256365,ORLEANS 2 W,US-NE,40.13419,-99.48258,1908,2025
USC00256375,OSCEOLA,US-NE,41.1844,-97.5514,1895,2025
USC00256385,OSHKOSH,US-NE,41.4014,-102.3465,1913,2025
USC00256395,OSMOND,US-NE,42.3569,-97.5969,1929,2008
USC00256450,OXFORD,US-NE,40.25,-99.63333,1899,1953
USC00256480,PALISADE,US-NE,40.3502,-101.1047,1909,2021
USC00256570,PAWNEE CITY,US-NE,40.1118,-96.1515,1902,2019
USC00256585,PAXTON,US-NE,41.1227,-101.3563,1898,2014
USC00256735,PILGER,US-NE,42.00667,-97.05611,1944,2001
USC00256795,PLATTSMOUTH 1 E,US-NE,41.0266,-95.8827,1894,2014
USC00256880,POTTER,US-NE,41.2183,-103.3206,1895,2004
USC00256970,PURDUM,US-NE,42.065,-100.2472,1902,2025
USC00257030,RANDOLPH,US-NE,42.36667,-97.35,1945,1979
USC00257040,RAVENNA,US-NE,41.0319,-98.9213,1893,2025
USC00257055,RAYMOND 2 E,US-NE,40.9536,-96.7442,1942,2016
USC00257070,RED CLOUD,US-NE,40.0977,-98.5197,1894,2025
USC00257110,RED WILLOW DAM,US-NE,40.3575,-100.6608,1962,2012
USC00257318,ROSE 10 WNW,US-NE,42.20333,-99.69972,1960,2000
USC00257330,ROSEMONT 2 S,US-NE,40.26667,-98.36667,1945,1968
USC00257415,RUSHVILLE,US-NE,42.7547,-102.4794,1941,2011
USC00257515,SAINT PAUL,US-NE,41.2077,-98.4608,1895,2025
USC00257640,SCHUYLER,US-NE,41.4424,-97.0655,1905,2012
USW00024028,SCOTTSBLUFF W B HEILIG FIELD AIRPORT,US-NE,41.87466,-103.60112,1893,2025
USC00257700,SEDAN,US-NE,40.33333,-97.88333,1940,1956
USC00257715,SEWARD,US-NE,40.9169,-97.0898,1893,2025
USC00257830,SIDNEY 6 NNW,US-NE,41.22924,-103.02142,1908,2025
USW00024030,SIDNEY MUNICIPAL AIRPORT,US-NE,41.09926,-102.98642,1948,2025
USC00258040,SPENCER 6 SSE,US-NE,42.79814,-98.65081,1895,2019
USC00258065,SPRAGUE,US-NE,40.63333,-96.73333,1942,1999
USC00258088,SPRINGFIELD 7 E,US-NE,41.0625,-96.0069,1995,2023
USC00258090,SPRINGVIEW 2 NW,US-NE,42.8389,-99.7781,1893,2025
USC00258110,STANTON,US-NE,41.95639,-97.22222,1893,2003
USC00258117,STANTON 7 NE,US-NE,42.0413,-97.1747,2003,2025
USC00258120,STAPLEHURST,US-NE,40.96667,-97.16667,1949,1995
USC00258130,STAPLETON 5 SSE,US-NE,41.41667,-100.46667,1913,1983
USC00258133,STAPLETON 5 W,US-NE,41.45805,-100.59848,1989,2025
USC00258202,STERLING,US-NE,40.4577,-96.3766,1949,2007
USC00258215,STOCKVILLE,US-NE,40.5323,-100.3855,1947,2025
USC00258255,STRATTON,US-NE,40.1519,-101.2286,1895,2014
USC00258320,SUPERIOR,US-NE,40.02976,-98.07596,1893,2025
USC00258395,SYRACUSE,US-NE,40.6661,-96.1891,1893,2025
USC00258410,TABLE ROCK 4 N,US-NE,40.2381,-96.0847,1893,2025
USC00258455,TAYLOR,US-NE,41.7679,-99.3788,1921,2021
USC00258465,TECUMSEH 1 S,US-NE,40.3544,-96.1938,1893,2025
USC00258480,TEKAMAH,US-NE,41.788,-96.2326,1893,2023
USW00094978,TEKAMAH MUNICIPAL AIRPORT,US-NE,41.76304,-96.17973,1996,2025
USC00258628,TRENTON DAM 1 N,US-NE,40.19032,-101.06684,1919,2025
USC00258650,TRYON,US-NE,41.55222,-100.95833,1945,2002
USC00258685,ULYSSES 3 NNE,US-NE,41.1,-97.2,1947,1974
USC00258735,UPLAND,US-NE,40.3436,-98.8664,1913,2014
USC00258745,UTICA,US-NE,40.8972,-97.3463,1916,2024
USW00024032,VALENTINE MILLER FIELD AIRPORT,US-NE,42.85855,-100.55141,1948,2025
USC00258755,VALENTINE NWR,US-NE,42.57032,-100.69327,1937,2025
USC00258795,VALLEY NWS,US-NE,41.3197,-96.3672,1994,2025
USC00258790,VALPARAISO,US-NE,41.08333,-96.83333,1897,1997
USC00258875,VIRGINIA,US-NE,40.2444,-96.4983,1926,2023
USC00258878,VIRGINIA 3 SE,US-NE,40.203,-96.463,2008,2018
USC00258905,WAHOO,US-NE,41.22139,-96.62222,1903,2003
USC00258915,WAKEFIELD 3 NW,US-NE,42.30168,-96.90022,1894,2025
USC00258920,WALLACE 2 W,US-NE,40.8433,-101.2094,1893,2025
USC00258935,WALTHILL,US-NE,42.1505,-96.4755,1909,2017
USC00259020,WAUNETA,US-NE,40.4121,-101.3611,1898,2012
USC00259045,WAYNE,US-NE,42.2298,-97.0277,1893,2025
USC00259090,WEEPING WATER,US-NE,40.86389,-96.14139,1893,2010
USC00259115,WELLFLEET,US-NE,40.7558,-100.73,1899,2011
USC00259200,WEST POINT,US-NE,41.845,-96.7141,1890,2025
USC00259150,WESTERN 2 W,US-NE,40.3925,-97.2397,1910,2017
USC00259193,WESTON 3 NW,US-NE,41.2211,-96.7775,2004,2020
USC00259265,WHITMAN,US-NE,42.05,-101.51667,1893,1951
USC00259266,WHITMAN 24 N,US-NE,42.4,-101.43333,1948,1984
USC00259325,WILSONVILLE,US-NE,40.1119,-100.1047,1894,2025
USC00259335,WINNEBAGO,US-NE,42.25,-96.46667,1900,1972
USC00259355,WINSIDE,US-NE,42.17639,-97.17583,1935,2001
USC00259475,WYMORE,US-NE,40.1269,-96.6711,1897,2010
USC00259510,YORK,US-NE,40.8678,-97.5922,1893,2008
USW00014989,YORK,US-NE,40.89417,-97.62583,2011,2025
USC00259513,YORK 3 N,US-NE,40.9152,-97.5997,2004,2025
USC00270038,ALEXANDRIA,US-NH,43.65,-71.86667,1938,1954
USC00270675,BENTON,US-NH,44.1,-71.88333,1940,1964
USC00270681,BENTON 5 SW,US-NH,44.0341,-71.9486,1965,2012
USC00270690,BERLIN,US-NH,44.4535,-71.18552,1886,2025
USW00094700,BERLIN REGIONAL AIRPORT,US-NH,44.57604,-71.1782,1996,2025
USC00270703,BETHLEHEM,US-NH,44.28333,-71.68333,1893,1991
USC00270706,BETHLEHEM 2,US-NH,44.3063,-71.6575,1992,2013
USC00270910,BRADFORD,US-NH,43.25861,-71.98,1938,1998
USC00272898,BRETTON WOODS,US-NH,44.26667,-71.45,1927,1970
USC00271048,BUCKS CORNER,US-NH,43.73333,-71.98333,1944,1957
USC00271099,CAMPTON,US-NH,43.85,-71.63333,1942,1968
USC00271187,CANNON MOUNTAIN,US-NH,44.16667,-71.7,1952,1974
USC00271552,CLAREMONT JUNCTION,US-NH,43.36667,-72.38333,1897,1973
USC00271647,COLEBROOK 3 SW,US-NH,44.86102,-71.53921,1960,2025
USW00014745,CONCORD MUNICIPAL AIRPORT,US-NH,43.20488,-71.50257,1939,2025
USC00271950,DEERING,US-NH,43.09083,-71.86778,1976,1997
USC00272023,DIXVILLE NOTCH,US-NH,44.86889,-71.32472,1931,2005
USC00272136,DUBLIN,US-NH,42.91667,-72.06667,1892,1976
USC00272174,DURHAM,US-NH,43.14192,-70.95004,1893,2024
USC00272284,EAST DEERING,US-NH,43.06667,-71.81667,1948,1976
USC00272303,EAST SANDWICH,US-NH,43.8099,-71.3425,2016,2025
USC00275013,EDWARD MACDOWELL LAKE,US-NH,42.8941,-71.9842,1950,2025
USC00272800,EPPING,US-NH,43.03043,-71.08337,1963,2025
USC00272842,ERROL,US-NH,44.7888,-71.123,1927,2013
USC00272999,FIRST CONNECTICUT LAKE,US-NH,45.0899,-71.2906,1918,2025
USC00273024,FITZWILLIAM 2 W,US-NH,42.7798,-72.1788,1930,2014
USC00273160,FRANCONIA,US-NH,44.23333,-71.75,1941,1981
USC00273177,FRANKLIN,US-NH,43.45,-71.66667,1900,1971
USC00273182,FRANKLIN FALLS DAM,US-NH,43.4703,-71.6537,1948,2025
USC00273359,GILMANTON,US-NH,43.45,-71.41667,1944,1964
USC00273409,GLENCLIFF,US-NH,43.98333,-71.9,1909,1954
USC00273415,GLENCLIFF 2,US-NH,43.9847,-71.8947,1978,2012
USC00273530,GRAFTON,US-NH,43.56667,-71.95,1884,2004
USC00273535,GRAY KNOB,US-NH,44.3326,-71.30931,2020,2025
USC00273626,GREENLAND,US-NH,43.021,-70.8257,1973,2025
USC00273658,GREENVILLE 1 NNE,US-NH,42.78273,-71.79853,1992,2025
USC00273660,GREENVILLE 2 NNE,US-NH,42.76667,-71.78333,1971,1988
USC00273850,HANOVER,US-NH,43.7052,-72.2855,1884,2025
USC00273860,HERMIT LAKE SNOWPLOT,US-NH,44.2613,-71.2833,2016,2025
USC00274234,HUDSON 1 SSE,US-NH,42.783,-71.4148,1948,2025
USW00054770,JAFFREY MUNICIPAL AIRPORT SILVER RANCH,US-NH,42.80667,-72.00126,1993,2025
USC00274304,JAFFREY SILVER RANCH AIRPARK,US-NH,42.8088,-72.0053,2011,2025
USC00274314,JEFFERSON,US-NH,44.4,-71.45,1940,1961
USC00274329,JEFFERSON,US-NH,44.4169,-71.5008,1963,2025
USC00274399,KEENE,US-NH,42.939,-72.3247,1893,2025
USC00274475,LAKEPORT,US-NH,43.55,-71.46667,1948,1982
USC00274480,LAKEPORT 2,US-NH,43.54914,-71.46456,1926,2025
USC00274556,LANCASTER,US-NH,44.49576,-71.57668,1892,2021
USW00094765,LEBANON MUNICIPAL AIRPORT,US-NH,43.62707,-72.30537,1962,2025
USW00014776,LEBANON REGIONAL AIRPORT,US-NH,43.63333,-72.31667,1949,1954
USC00274732,LINCOLN,US-NH,44.05,-71.66667,1921,1965
USC00275072,MANCHESTER,US-NH,43.03333,-71.48333,1885,1999
USW00014710,MANCHESTER AIRPORT,US-NH,42.92963,-71.43559,1948,2025
USC00275150,MARLOW,US-NH,43.1175,-72.2004,1941,2011
USC00275211,MASSABESIC LAKE,US-NH,42.9891,-71.3932,1942,2025
USC00275350,MEREDITH 3 NNE,US-NH,43.69307,-71.47342,1994,2020
USC00275362,MERIDEN,US-NH,43.55,-72.26667,1944,1957
USC00275412,MILFORD,US-NH,42.83944,-71.64861,1944,2008
USC00275500,MONROE 5 NNE,US-NH,44.31667,-72.0,1948,1998
USC00271339,MOULTONBORO 5 WSW,US-NH,43.71667,-71.46667,1952,1973
USC00275629,MOUNT SUNAPEE,US-NH,43.3325,-72.0791,1957,2015
USW00014755,MOUNT WASHINGTON,US-NH,44.27018,-71.30336,1948,2025
USC00275702,NASHUA,US-NH,42.76667,-71.45,1938,1994
USC00275712,NASHUA 2 NNW,US-NH,42.7913,-71.4735,1885,2025
USC00275730,NELSON,US-NH,42.98333,-72.13333,1940,1951
USC00275768,NEW CASTLE,US-NH,43.06667,-70.716667,1943,1954
USC00275843,NEW LONDON,US-NH,43.41667,-72.01667,1947,1957
USC00275868,NEWPORT,US-NH,43.3772,-72.1812,1928,2025
USC00275880,NEWTON,US-NH,42.883333,-71.033333,1889,1918
USC00275995,NORTH CONWAY,US-NH,44.0562,-71.1297,1974,2025
USC00276234,NORTH STRATFORD,US-NH,44.68199,-71.58575,1902,2021
USC00276368,NORTHWOOD,US-NH,43.21405,-71.24695,1956,2025
USC00276550,OTTER BROOK LAKE,US-NH,42.9453,-72.237,1958,2025
USC00276697,PETERBORO 2 S,US-NH,42.85,-71.95,1892,1994
USC00276818,PINKHAM NOTCH,US-NH,44.258,-71.2525,1930,2025
USC00276944,PLYMOUTH,US-NH,43.75,-71.68333,1887,1951
USC00276945,PLYMOUTH,US-NH,43.78333,-71.65,1951,2007
USC00276980,PORTSMOUTH,US-NH,43.06667,-70.71667,1954,1973
USW00004743,PORTSMOUTH PEASE AFB,US-NH,43.08333,-70.81667,1956,1970
USW00054791,ROCHESTER SKYHAVEN AIRPORT,US-NH,43.27938,-70.92427,2000,2025
USC00279474,RUMNEY,US-NH,43.8,-71.85,1944,1986
USC00277967,SOUTH DANBURY,US-NH,43.5,-71.9,1942,1981
USC00278081,SOUTH LYNDEBORO,US-NH,42.88333,-71.78333,1944,1999
USC00278194,SOUTH WEARE 1 SE,US-NH,43.05,-71.71667,1944,1969
USC00278539,SURRY MOUNTAIN LAKE,US-NH,42.99666,-72.31275,1948,2025
USC00278612,TAMWORTH 3,US-NH,43.9,-71.3,1974,2000
USC00278614,TAMWORTH 4,US-NH,43.86434,-71.26628,2000,2025
USC00278754,TUCKERMAN RAVINE,US-NH,44.26667,-71.28333,1947,1950
USC00278885,WARREN,US-NH,43.90994,-71.88781,1942,1991
USC00278960,WATERVILLE VALLEY,US-NH,43.95,-71.5,1921,1949
USC00278972,WEARE,US-NH,43.0847,-71.7383,1969,2005
USC00278973,WEARE 2 NE,US-NH,43.099,-71.7572,2012,2023
USC00270741,WEBSTER,US-NH,43.31667,-71.71667,1948,1991
USC00279045,WEBSTER,US-NH,43.3,-71.7,1992,1995
USC00279091,WENTWORTH,US-NH,43.86687,-71.91652,1944,2025
USC00279318,WEST LEBANON,US-NH,43.63333,-72.31667,1931,1960
USC00279618,WHITEFIELD,US-NH,44.38333,-71.6,1941,1972
USW00054728,WHITEFIELD MOUNT WASHINGTON REGIONAL AIRPORT,US-NH,44.36594,-71.55217,1996,2025
USC00279740,WINDHAM 3 NW,US-NH,42.81667,-71.33333,1948,1976
USC00279866,WOLFEBORO,US-NH,43.6,-71.23333,1961,1975
USC00279865,WOLFEBORO FALLS,US-NH,43.58333,-71.2,1931,1961
USC00279940,WOODSTOCK,US-NH,43.98333,-71.68333,1942,1980
USC00279966,YORK POND,US-NH,44.50673,-71.33357,1931,2025
USW00093730,ATLANTIC CITY INTERNATIONAL AIRPORT,US-NJ,39.45203,-74.56701,1947,2025
USW00013724,ATLANTIC CITY MARINA,US-NJ,39.37778,-74.42361,1873,2025
USW00013753,ATLANTIC CITY NAS,US-NJ,39.45,-74.58333,1943,1958
USC00280346,AUDUBON,US-NJ,39.88333,-75.08333,1950,1990
USC00280690,BELLEPLAIN ST FOREST,US-NJ,39.2484,-74.843,1922,2007
USW00004783,BELMAR,US-NJ,40.18333,-74.11667,1962,1963
USC00280721,BELMAR 2 SW,US-NJ,40.15,-74.06667,1941,1967
USW00004739,BELMAR ASC,US-NJ,40.18333,-74.06667,1955,1971
USC00280729,BELVIDERE,US-NJ,40.83333,-75.08333,1893,1981
USC00280907,BOONTON 1 SE,US-NJ,40.89174,-74.39635,1893,2025
USC00280978,BRANCHVILLE,US-NJ,41.15,-74.75,1954,1982
USC00280990,BRANT BEACH BEACH HAVEN,US-NJ,39.5655,-74.2453,1986,2015
USC00281028,BRIDGETON 1 NE,US-NJ,39.46667,-75.2,1893,1958
USW00054743,CALDWELL ESSEX CO AIRPORT,US-NJ,40.87645,-74.28284,1999,2025
USC00281327,CANISTEAR RESERVOIR,US-NJ,41.10922,-74.48275,1948,2025
USC00281335,CANOE BROOK,US-NJ,40.7436,-74.3539,1931,2025
USC00281351,CAPE MAY 2 NW,US-NJ,38.95341,-74.93611,1894,2025
USC00281582,CHARLOTTEBURG RESERVOIR,US-NJ,41.02996,-74.42477,1893,2025
USC00281598,CHATSWORTH,US-NJ,39.81667,-74.53333,1948,1979
USC00282023,CRANFORD,US-NJ,40.66661,-74.32349,1969,2016
USC00282209,DEEPWATER,US-NJ,39.68333,-75.5,1940,1959
USC00282644,ELIZABETH,US-NJ,40.66301,-74.23561,1893,2008
USC00282768,ESSEX FELLS SERVICE BUILDING,US-NJ,40.83189,-74.28649,1949,2021
USC00282805,ESTELL MANOR,US-NJ,39.38293,-74.82932,1965,2025
USC00283029,FLEMINGTON 5 NNW,US-NJ,40.57404,-74.88158,1898,2025
USC00283102,FORTESCUE,US-NJ,39.23333,-75.16667,1945,1977
USC00283181,FREEHOLD MARLBORO,US-NJ,40.31358,-74.25106,1893,2025
USC00283291,GLASSBORO 2 NE,US-NJ,39.73583,-75.09528,1948,2004
USC00283516,GREENWOOD LAKE,US-NJ,41.13861,-74.32444,1941,2009
USC00283662,HAMMONTON 1 NE,US-NJ,39.64415,-74.80478,1893,2025
USC00283704,HARRISON,US-NJ,40.7481,-74.152,1996,2025
USC00283935,HIGH POINT PARK,US-NJ,41.306,-74.6713,1956,2005
USC00283706,HIGHLAND LAKES 1 SW,US-NJ,41.16332,-74.45938,2016,2025
USC00283951,HIGHTSTOWN 2 W,US-NJ,40.26639,-74.56417,1893,2025
USC00284229,INDIAN MILLS 2 W,US-NJ,39.79952,-74.78042,1901,2025
USC00284339,JERSEY CITY,US-NJ,40.74194,-74.05722,1905,1997
USW00014780,LAKEHURST NAS,US-NJ,40.03333,-74.35,1945,2002
USC00284627,LAKEWOOD 2 ENE,US-NJ,40.1,-74.18333,1948,1957
USC00284635,LAMBERTVILLE,US-NJ,40.35958,-74.94461,1931,2025
USC00284653,LAMBERTVILLE RIVER,US-NJ,40.36667,-74.95,1893,1949
USC00284735,LAYTON 3 NW,US-NJ,41.25,-74.85,1900,1962
USC00284887,LITTLE FALLS,US-NJ,40.8858,-74.2261,1903,2004
USC00284987,LONG BRANCH OAKHURST,US-NJ,40.29698,-74.00153,1907,2025
USC00285003,LONG VALLEY,US-NJ,40.7875,-74.77889,1929,2004
USC00285197,MANVILLE,US-NJ,40.55,-74.56667,1941,1967
USC00285243,MARGATE,US-NJ,39.33768,-74.50366,1995,2025
USC00285346,MAYS LANDING 1 W,US-NJ,39.45044,-74.74723,1944,2025
USW00014706,MCGUIRE AFB,US-NJ,40.01667,-74.6,1949,1970
USC00285503,MIDLAND PARK,US-NJ,40.9939,-74.1453,1945,2014
USC00285576,MILLVILLE,US-NJ,39.4,-75.05,1893,1970
USW00013735,MILLVILLE MUNICIPAL AIRPORT,US-NJ,39.36623,-75.07778,1943,2025
USC00285728,MOORESTOWN 4 E,US-NJ,39.96834,-74.86499,1893,2025
USC00285769,MORRIS PLAINS 1 W,US-NJ,40.83333,-74.5,1941,1990
USC00286062,NEW BRUNSWICK,US-NJ,40.46667,-74.43333,1896,1968
USC00286055,NEW BRUNSWICK 3 SE,US-NJ,40.47282,-74.42259,1968,2025
USW00014734,NEWARK LIBERTY INTERNATIONAL AIRPORT,US-NJ,40.68275,-74.16927,1843,2025
USC00286177,NEWTON,US-NJ,41.05528,-74.75917,1893,2005
USC00286460,OAK RIDGE RESERVOIR,US-NJ,41.03564,-74.50124,1941,2025
USC00286775,PATERSON,US-NJ,40.9,-74.15,1893,1974
USC00286843,PEMBERTON,US-NJ,39.97083,-74.68278,1902,2002
USC00286864,PENNSAUKEN 1 N,US-NJ,39.96617,-75.02186,1991,2025
USC00286964,PHILADELPHIA MT. HOLLY WEATHER FORECAST OFFICE,US-NJ,40.0135,-74.81796,1993,2025
USC00286974,PHILLIPSBURG,US-NJ,40.68333,-75.18333,1903,1977
USC00286979,PHILLIPSBURG EASTON BRIDGE,US-NJ,40.69555,-75.19994,1940,2025
USC00287079,PLAINFIELD,US-NJ,40.6036,-74.4025,1893,2012
USC00287131,PLEASANTVILLE 1 N,US-NJ,39.41667,-74.51667,1898,1958
USC00287301,POTTERSVILLE 2 NNW,US-NJ,40.737,-74.7322,1968,2015
USC00287328,PRINCETON WATER WORK,US-NJ,40.33333,-74.66667,1941,1986
USC00287372,QUAKERTOWN,US-NJ,40.56667,-74.95,1940,1951
USC00287393,RAHWAY,US-NJ,40.60056,-74.25694,1940,2000
USC00287545,RIDGEFIELD,US-NJ,40.83333,-74.01667,1916,1960
USC00287587,RINGWOOD,US-NJ,41.0917,-74.2683,1902,2015
USC00281211,ROEBLING,US-NJ,40.11712,-74.77362,1907,2022
USC00287825,RUNYON,US-NJ,40.43333,-74.33333,1907,1958
USC00287833,RUTHERFORD,US-NJ,40.81667,-74.11667,1944,1951
USC00287865,SANDY HOOK,US-NJ,40.4633,-74.0055,1873,2012
USC00287936,SEABROOK FARMS,US-NJ,39.4871,-75.2201,1949,2025
USC00288173,SOMERDALE 4 SW,US-NJ,39.83671,-75.04462,1998,2025
USW00054785,SOMERSET AIRPORT,US-NJ,40.62406,-74.66898,1999,2025
USC00288194,SOMERVILLE 4 NW,US-NJ,40.6153,-74.6531,1893,2006
USW00093780,SOUTH JERSEY REGIONAL AIRPORT,US-NJ,39.94076,-74.84075,1997,2025
USC00288644,SUSSEX 1 NW,US-NJ,41.21863,-74.62105,1893,2023
USW00054793,SUSSEX AIRPORT,US-NJ,41.19925,-74.62592,2000,2025
USC00288680,SWEDESBORO,US-NJ,39.73333,-75.31667,1946,1954
USC00288685,SWEDESBORO 5 NW,US-NJ,39.78333,-75.4,1946,1959
USW00094741,TETERBORO AIRPORT,US-NJ,40.85898,-74.05616,1969,2025
USC00288816,TOMS RIVER,US-NJ,39.95,-74.2167,1893,2011
USC00288878,TRENTON 2,US-NJ,40.23333,-74.76667,1865,1959
USW00014792,TRENTON MERCER AIRPORT,US-NJ,40.27681,-74.81587,1945,2025
USW00014773,TRENTON WEATHER SERVICE OFFICE CITY,US-NJ,40.2269,-74.7465,1913,1981
USC00288899,TUCKERTON 2 NE,US-NJ,39.6026,-74.3387,1898,2009
USC00289135,VINELAND,US-NJ,39.48333,-75.0,1893,1959
USW00013775,WILDWOOD NAS,US-NJ,38.98333,-74.91667,1945,1945
USC00289910,WOODSTOWN PITTSGROV 4 E,US-NJ,39.54611,-75.16444,1901,2003
USC00290022,ABBOTT 1 SE,US-NM,36.3027,-104.2497,1909,2025
USC00290041,ABIQUIU DAM,US-NM,36.2402,-106.4277,1957,2025
USW00023057,ACOMITA AIRPORT,US-NM,35.05,-107.71667,1941,1953
USC00290119,ADOBE RANCH,US-NM,33.56667,-107.9,1941,1994
USC00290125,AFTON,US-NM,32.11667,-106.86667,1942,1999
USC00290199,ALAMOGORDO,US-NM,32.9181,-105.955,1909,2009
USC00290225,ALBUQUERQUE FOOTHILLS NE,US-NM,35.13156,-106.49516,1991,2025
USW00023050,ALBUQUERQUE INTERNATIONAL AIRPORT,US-NM,35.04189,-106.61545,1931,2025
USC00290245,ALCALDE,US-NM,36.0908,-106.0566,1953,2025
USC00290268,ALEMAN RANCH,US-NM,32.93083,-106.93278,1943,2000
USC00290377,AMISTAD 5 SSW,US-NM,35.8741,-103.1819,1925,2025
USC00290394,ANCHO,US-NM,33.93333,-105.75,1909,1971
USC00290404,ANGEL FIRE 2 S,US-NM,36.36667,-105.3,1990,1993
USC00290417,ANIMAS 3 ESE,US-NM,31.938,-108.7688,1923,2020
USC00290525,ARCH,US-NM,34.11278,-103.16667,1908,2005
USC00290600,ARTESIA 6 S,US-NM,32.7547,-104.3835,1905,2025
USC00290606,ASPEN GROVE RANCH 1 W,US-NM,36.65,-106.18333,1909,1948
USC00290640,AUGUSTINE 2 E,US-NM,34.075,-107.6211,1926,2025
USC00290646,AURORA,US-NM,36.26667,-105.05,1909,1960
USC00290692,AZTEC RUINS NATIONAL MONUMENT,US-NM,36.835,-108.0005,1895,2025
USC00290743,BANDELIER NATIONAL MONUM,US-NM,35.78333,-106.26667,1924,1976
USC00290795,BATEMAN RANCH,US-NM,36.51667,-106.31667,1909,1970
USC00290806,BEAR CREEK RANCH,US-NM,32.95,-108.41667,1940,1959
USC00290818,BEAVERHEAD R S,US-NM,33.4286,-108.1,1916,2008
USC00290846,BELEN,US-NM,34.66667,-106.76667,1941,1976
USC00290858,BELL RANCH,US-NM,35.5297,-104.0936,1899,2010
USC00290903,BERNALILLO,US-NM,35.31667,-106.55,1895,1982
USC00290915,BERNARDO,US-NM,34.4219,-106.8325,1962,2025
USC00290983,BINGHAM 2 NE,US-NM,33.9113,-106.3494,1939,2025
USC00290992,BITTER LAKES WL REFUGE,US-NM,33.4594,-104.4041,1950,2024
USC00291000,BLACK LAKE,US-NM,36.3119,-105.2691,1909,2010
USC00291018,BLACK ROCK,US-NM,35.1,-108.78333,1908,1949
USC00291063,BLOOMFIELD 3 SE,US-NM,36.6669,-107.9602,1892,2018
USC00291080,BLUEWATER 3 WSW,US-NM,35.25,-108.03333,1896,1959
USC00291138,BOSQUE DEL APACHE,US-NM,33.8044,-106.8908,1894,2025
USC00291180,BRAZOS LODGE,US-NM,36.7444,-106.4472,1970,2008
USC00291223,BROADVIEW,US-NM,34.83333,-103.2,1920,1947
USC00291269,BUEYEROS 4 NW,US-NM,36.01667,-103.73333,1929,1968
USC00291286,CABALLO DAM,US-NM,32.8965,-107.3077,1936,2025
USC00291303,CABEZON 5 SW,US-NM,35.58333,-107.16667,1939,1951
USC00291332,CAMERON,US-NM,34.90389,-103.44278,1927,1998
USC00291389,CANJILON R S,US-NM,36.4819,-106.4402,1938,2025
USC00291423,CANTON,US-NM,34.27528,-104.16361,1942,2012
USC00291440,CAPITAN,US-NM,33.5311,-105.5947,1909,2014
USC00291450,CAPULIN,US-NM,36.7386,-103.9935,1995,2025
USC00291452,CAPULIN 6 SSE,US-NM,36.66667,-103.95,1930,1969
USC00291454,CAPULIN NATIONAL MONUMEN,US-NM,36.78333,-103.96667,1966,1979
USC00291469,CARLSBAD,US-NM,32.3479,-104.2224,1900,2021
USC00291480,CARLSBAD CAVERNS,US-NM,32.1783,-104.4433,1935,2024
USC00291515,CARRIZOZO 1 SW,US-NM,33.6308,-105.8964,1908,2011
USC00291532,CARSON SEEP NEAR,US-NM,32.1,-104.76667,1895,1938
USW00093033,CAVERN CITY AIRPORT,US-NM,32.33355,-104.25846,1930,2025
USC00291630,CERRO,US-NM,36.7408,-105.5955,1910,2022
USC00291647,CHACO CANYON NATIONAL MON,US-NM,36.0286,-107.9106,1909,2023
USC00291653,CHACON,US-NM,36.16667,-105.38333,1909,1985
USC00291664,CHAMA,US-NM,36.9177,-106.578,1893,2025
USC00291807,CIENEGA 5 SSW,US-NM,32.03333,-105.1,1955,1963
USC00291813,CIMARRON 4 SW,US-NM,36.4661,-104.9456,1904,2025
USC00293145,CIRCLE F RANCH,US-NM,33.9,-105.0,1942,1980
USC00291870,CLAUNCH,US-NM,34.13333,-106.0,1940,1952
USC00291881,CLAYTON 9 SSE,US-NM,36.33333,-103.1,1907,1959
USW00023051,CLAYTON MUNICIPAL AIR PARK,US-NM,36.44834,-103.15366,1896,2025
USC00291910,CLIFF 11 SE,US-NM,32.834,-108.5048,1944,2025
USC00291913,CLINES CORNERS,US-NM,35.05,-105.68333,1959,1968
USW00003027,CLINES CORNERS,US-NM,35.003027,-105.662781,1998,2025
USC00291918,CLINES CORNERS 7 SE,US-NM,34.9319,-105.5872,1968,2013
USC00291927,CLOUDCROFT,US-NM,32.96667,-105.75,1901,1987
USC00291931,CLOUDCROFT,US-NM,32.91998,-105.74721,1987,2025
USC00291939,CLOVIS,US-NM,34.4288,-103.1991,1910,2011
USC00291963,CLOVIS 13 N,US-NM,34.5988,-103.2161,1949,2025
USW00023008,CLOVIS CANNON AFB,US-NM,34.38333,-103.31667,1951,1970
USC00291982,COCHITI DAM,US-NM,35.6413,-106.3322,1975,2025
USW00023058,COLUMBUS,US-NM,31.82972,-107.63889,1909,2011
USC00292030,CONCHAS DAM,US-NM,35.4072,-104.1905,1936,2025
USC00292093,CORONA,US-NM,34.25,-105.58333,1909,1977
USC00292139,COWLES,US-NM,35.81667,-105.66667,1894,1964
USC00292207,CROSSROADS 2,US-NM,33.51333,-103.34028,1929,2001
USC00292219,CROWNPOINT,US-NM,35.68333,-108.15,1914,1969
USC00292241,CUBA,US-NM,35.9951,-106.9704,1938,2025
USC00292250,CUBERO,US-NM,35.0883,-107.5177,1977,2025
USC00292321,CUNICO RANCH,US-NM,36.68333,-104.11667,1940,1970
USC00292367,DATIL,US-NM,34.15,-107.85,1905,1951
USC00292384,DAWSON,US-NM,36.66667,-104.78333,1909,1961
USC00292436,DEMING,US-NM,32.25306,-107.75306,1892,2010
USW00023078,DEMING MUNICIPAL AIRPORT,US-NM,32.25923,-107.72056,1961,2025
USC00292453,DES MOINES,US-NM,36.75,-103.83333,1916,1994
USC00292476,DIAMOND T RANCH,US-NM,34.35,-106.61667,1946,1952
USC00292510,DILIA,US-NM,35.1841,-105.0569,1941,2022
USC00292608,DULCE,US-NM,36.9358,-107.0,1906,2021
USC00292665,DURAN,US-NM,34.4691,-105.3975,1908,1951
USC00292700,EAGLE NEST,US-NM,36.5575,-105.2627,1929,2025
USC00292751,EDGEWOOD,US-NM,35.05,-106.13333,1944,1959
USC00292757,EICKS RANCH,US-NM,31.48333,-108.93333,1916,1961
USW00023060,EL MORRO CAA AIRPORT,US-NM,35.01667,-108.4,1940,1949
USC00292785,EL MORRO NATIONAL MON,US-NM,35.038,-108.3491,1938,2025
USC00292820,EL RITO,US-NM,36.3466,-106.1877,1903,2022
USC00292837,EL VADO DAM,US-NM,36.5927,-106.73,1906,2025
USC00292848,ELEPHANT BUTTE DAM,US-NM,33.146,-107.1843,1908,2025
USC00292854,ELIDA,US-NM,33.9402,-103.6572,1910,2013
USC00292865,ELK,US-NM,32.916,-105.3381,1895,2025
USC00292945,ENGLE,US-NM,33.18333,-107.03333,1894,1961
USC00293031,ESPANOLA,US-NM,35.9988,-106.0588,1895,2012
USC00293060,ESTANCIA 4 N,US-NM,34.8241,-106.0344,1904,2020
USC00293073,EUBANK RANCH,US-NM,36.45,-106.5,1948,1951
USC00293094,EXPERIMENT FARM,US-NM,35.01667,-106.68333,1938,1957
USC00293134,FARMINGTON 4 NE,US-NM,36.75,-108.16667,1914,1978
USC00293142,FARMINGTON AG SCIENCE CNT,US-NM,36.6897,-108.3086,1978,2025
USW00023090,FARMINGTON FOUR CORNERS REGIONAL AIRPORT,US-NM,36.74354,-108.22931,1948,2025
USC00293157,FAYWOOD,US-NM,32.6287,-107.8733,1946,2013
USC00293225,FLORIDA,US-NM,32.43333,-107.48333,1929,1992
USC00293231,FLOYD,US-NM,34.21667,-103.55,1929,1959
USC00293174,FLYING H,US-NM,33.0,-105.1,1917,1964
USC00293260,FORREST,US-NM,34.8,-103.6,1939,1961
USC00293265,FORT BAYARD 4 W,US-NM,32.7901,-108.22685,1897,2025
USC00293288,FORT STANTON,US-NM,33.5,-105.51667,1896,1974
USC00293294,FORT SUMNER,US-NM,34.4666,-104.2319,1909,2011
USC00293296,FORT SUMNER 5 S,US-NM,34.3941,-104.2502,1948,2025
USC00293305,FORT WINGATE,US-NM,35.46667,-108.53333,1897,1966
USC00293340,FRUITLAND,US-NM,36.73806,-108.34833,1893,2010
USC00293368,GAGE,US-NM,32.22611,-108.08667,1899,2007
USC00293420,GALLUP 5 E,US-NM,35.53333,-108.65,1918,1979
USW00023081,GALLUP MUNICIPAL AIRPORT,US-NM,35.50857,-108.79319,1973,2025
USC00293425,GALLUP RANGER STATION,US-NM,35.45,-108.56667,1966,1975
USC00293448,GARFIELD,US-NM,32.75,-107.26667,1920,1948
USC00293488,GASCON,US-NM,35.8917,-105.4481,1953,2022
USC00293505,GAVILAN,US-NM,36.43333,-106.96667,1929,1970
USC00293511,GHOST RANCH,US-NM,36.3336,-106.4744,1942,2023
USC00293552,GLADSTONE,US-NM,36.21667,-103.93333,1920,1957
USC00293577,GLENWOOD,US-NM,33.3216,-108.8794,1948,2025
USC00293586,GLORIETA,US-NM,35.5816,-105.7727,1915,2010
USC00293592,GOLDEN,US-NM,35.2655,-106.2144,1903,2025
USC00293621,GOVERNADOR,US-NM,36.68333,-107.36667,1925,1951
USC00293626,GOWER,US-NM,35.33333,-108.75,1919,1948
USC00293649,GRAN QUIVIRA NATIONAL MON,US-NM,34.2594,-106.0931,1905,2025
USC00293678,GRANTS,US-NM,35.16667,-107.86667,1945,1956
USC00293682,GRANTS MILAN MUNICIPAL AIRPORT,US-NM,35.1663,-107.8991,1953,2017
USC00293706,GRENVILLE,US-NM,36.5938,-103.6191,1940,2022
USC00293775,HACHITA 1 W,US-NM,31.9194,-108.3441,1909,2023
USC00293792,HAGERMAN,US-NM,33.11667,-104.33333,1920,1960
USC00293839,HARRINGTON RANCH,US-NM,34.85,-107.23333,1944,1953
USC00293849,HASSELL,US-NM,34.71667,-104.01667,1929,1959
USC00293855,HATCH,US-NM,32.6775,-107.19583,1894,2008
USC00293946,HERMANAS,US-NM,31.85,-107.98333,1909,1959
USC00293969,HICKMAN,US-NM,34.51667,-107.93333,1943,1985
USC00294009,HILLSBORO,US-NM,32.9202,-107.5656,1893,2025
USC00294026,HOBBS,US-NM,32.7263,-103.1313,1912,2022
USC00294028,HOBBS FAA,US-NM,32.6933,-103.2125,1941,2025
USW00023002,HOLLOMAN AFB,US-NM,32.85,-106.1,1949,1970
USC00294066,HOLY GHOST CANYON,US-NM,35.76667,-105.7,1946,1956
USC00294112,HOPE,US-NM,32.80954,-104.73791,1905,2025
USC00294141,HOSPAH,US-NM,35.73333,-107.75,1943,1948
USC00294175,HOUSE,US-NM,34.6344,-103.8902,1940,2017
USC00294192,HUDSON 5 S,US-NM,35.2,-103.51667,1948,1953
USC00294301,INMAN RANCH,US-NM,33.4,-107.9,1948,1954
USC00294306,IONE,US-NM,35.75,-103.3,1910,1961
USC00294346,JAL,US-NM,32.11076,-103.18717,1919,2023
USC00294366,JEMEZ DAM,US-NM,35.3886,-106.5438,1953,2025
USC00294369,JEMEZ SPRINGS,US-NM,35.7783,-106.6872,1910,2025
USC00294375,JEWETT WORK CENTER,US-NM,33.98333,-108.63333,1923,1967
USC00294398,JOHNSON RANCH,US-NM,35.9547,-107.0855,1944,2025
USC00294402,JONES TRADING POST,US-NM,35.3,-108.98333,1949,1953
USC00294426,JORNADA EXPERIMENTAL RANGE,US-NM,32.6161,-106.7404,1914,2025
USC00294506,KINGSTON RANGER STATION,US-NM,32.91667,-107.68333,1915,1953
USC00294652,LA MADERA SKI AREA,US-NM,35.21667,-106.41667,1950,1952
USC00294719,LAGUNA,US-NM,35.0463,-107.3736,1905,2006
USC00294736,LAKE AVALON,US-NM,32.48333,-104.25,1914,1979
USC00294742,LAKE MALOYA,US-NM,36.9825,-104.3752,1942,2025
USC00294747,LAKE MC MILLAN,US-NM,32.6,-104.33333,1940,1949
USC00294799,LAS CRUCES,US-NM,32.3,-106.76667,1897,1958
USW00023039,LAS CRUCES WHITE SANDS MISSILE RANGE,US-NM,32.38333,-106.48333,1949,1962
USC00294850,LAS VEGAS 2 NW,US-NM,35.61667,-105.26667,1892,1983
USW00023054,LAS VEGAS MUNICIPAL AIRPORT,US-NM,35.65582,-105.13853,1940,2025
USC00294862,LAS VEGAS WASTE WATER PLANT,US-NM,35.5677,-105.213,1983,2025
USC00294936,LEVY,US-NM,36.08333,-104.68333,1908,1961
USC00294960,LINDRITH 1 WSW,US-NM,36.3041,-107.0541,1971,2023
USC00295056,LOGAN,US-NM,35.36667,-103.41667,1906,1960
USC00295073,LONG CANYON,US-NM,37.0,-103.65,1941,1959
USC00295079,LORDSBURG 4 SE,US-NM,32.30944,-108.65306,1892,2012
USC00295084,LOS ALAMOS,US-NM,35.8644,-106.3213,1910,2025
USC00295147,LOS LUNAS,US-NM,34.8,-106.73333,1892,1958
USC00295150,LOS LUNAS 3 SSW,US-NM,34.7675,-106.7611,1957,2025
USC00295204,LOVINGTON 2 WNW,US-NM,32.96667,-103.38333,1919,1967
USC00295244,LULU,US-NM,32.43333,-105.61667,1916,1961
USC00295273,LUNA R S,US-NM,33.8225,-108.9416,1903,2015
USC00295290,LYBROOK,US-NM,36.2302,-107.5472,1951,2011
USC00295353,MAGDALENA,US-NM,34.11667,-107.23333,1905,1993
USC00295370,MALJAMAR,US-NM,32.8568,-103.7624,1942,2012
USC00295490,MAXWELL 3 NW,US-NM,36.5697,-104.5866,1905,2023
USC00295502,MAYHILL RANGER STATION,US-NM,32.91667,-105.46667,1917,1976
USC00295583,MC INTOSH 4 NW,US-NM,34.91667,-106.08333,1928,1976
USC00295516,MCCARTY RANCH,US-NM,35.6022,-103.3644,1983,2016
USC00295560,MCGAFFEY 5 SE,US-NM,35.3363,-108.4447,1949,2014
USC00295617,MELROSE,US-NM,34.4277,-103.625,1908,2018
USC00295651,MESA SERVICE STATION,US-NM,33.98333,-104.68333,1938,1953
USC00295657,MESCALERO,US-NM,33.15,-105.78333,1911,1978
USC00295685,MEXICAN SPRINGS,US-NM,35.8,-108.83333,1934,1972
USC00295691,MIAMI,US-NM,36.35,-104.76667,1907,1959
USC00295725,MILLS,US-NM,36.06667,-104.2,1915,1951
USC00295754,MIMBRES 4 NNW,US-NM,32.91004,-108.00385,1905,2025
USC00295874,MONTOYA 10 SE,US-NM,35.0,-103.93333,1909,1957
USC00295920,MOSES 10 N,US-NM,36.86667,-103.06667,1941,1952
USC00295937,MOSQUERO 1 NE,US-NM,35.8022,-103.9438,1926,2021
USC00295960,MOUNTAIN PARK,US-NM,32.95407,-105.82316,1894,2025
USC00295965,MOUNTAINAIR,US-NM,34.5208,-106.2605,1902,2025
USC00295968,MOUNTAINAIR 8 NW,US-NM,34.6241,-106.3102,2008,2025
USC00296023,NAGEEZI,US-NM,36.26667,-107.75,1949,1951
USC00296028,NAMBE 1,US-NM,35.9,-105.98333,1893,1974
USC00296030,NAMBE 2,US-NM,35.88333,-105.95,1942,1950
USC00296040,NARA VISA,US-NM,35.61667,-103.1,1905,1966
USC00296043,NARROWS,US-NM,33.38333,-107.16667,1948,1964
USC00296061,NAVAJO DAM,US-NM,36.8047,-107.6213,1963,2025
USC00290222,NETHERWOOD PARK,US-NM,35.1,-106.61667,1935,1954
USC00296098,NEWCOMB,US-NM,36.3,-108.71667,1948,1971
USC00296115,NEWKIRK,US-NM,35.07,-104.2574,1926,2009
USC00296258,OBAR,US-NM,35.55,-103.2,1926,1968
USC00296275,OCATE 2 NW,US-NM,36.1838,-105.0608,1960,2025
USC00296281,OCHOA,US-NM,32.1664,-103.4249,1942,2019
USC00296321,OJO CALIENTE,US-NM,36.3,-106.05,1944,1982
USC00296412,OPTIMO,US-NM,35.9,-104.71667,1910,1959
USC00296435,OROGRANDE,US-NM,32.3788,-106.0924,1904,2015
USC00296465,OTIS,US-NM,36.3338,-107.8408,1905,2024
USW00023056,OTTO FAA AIRPORT,US-NM,35.08333,-106.01667,1909,1954
USC00296532,PALMA 2 NE,US-NM,35.0,-105.45,1905,1968
USC00296619,PASAMONTE,US-NM,36.2994,-103.7408,1910,2025
USC00296630,PASTURA 6 SSE,US-NM,34.7,-104.91667,1909,1956
USC00296659,PEARL,US-NM,32.65,-103.38333,1906,1996
USC00296676,PECOS NATIONAL MONUMENT,US-NM,35.5488,-105.6886,1916,2025
USC00296687,PEDERNAL 9 E,US-NM,34.6152,-105.4739,1929,2025
USC00296705,PENASCO RANGER STATION,US-NM,36.16667,-105.68333,1901,1976
USC00296723,PENISTAJA,US-NM,35.9,-107.15,1943,1955
USC00296728,PENNINGTON,US-NM,36.31667,-103.58333,1925,1959
USC00296754,PETROGLYPH NATIONAL MON,US-NM,35.1391,-106.7108,1994,2025
USC00296791,PFEISTER RANCH,US-NM,34.6,-106.21667,1942,1955
USC00296797,PHILMONT RANCH,US-NM,36.61667,-105.05,1941,1961
USC00296803,PICACHO,US-NM,33.35,-105.13333,1951,1978
USC00296804,PICACHO,US-NM,33.3502,-105.14,1980,2019
USC00296808,PIE TOWN,US-NM,34.3,-108.13333,1936,1953
USC00296854,PINOS ALTOS,US-NM,32.86667,-108.21667,1911,1973
USC00297008,PORTALES,US-NM,34.1741,-103.3519,1905,2025
USC00297014,PORTALES 7 WNW,US-NM,34.23333,-103.43333,1934,1960
USC00297026,PORTER,US-NM,35.23333,-103.28333,1923,1984
USC00297054,PRAIRIEVIEW,US-NM,33.11667,-103.2,1911,1950
USC00297094,PROGRESSO,US-NM,34.4208,-105.8913,1929,2012
USC00297168,QUAY 2 S,US-NM,34.9,-103.75,1923,1959
USC00297180,QUEMADO,US-NM,34.3447,-108.4922,1915,2025
USC00297226,RAGLAND 3 SSW,US-NM,34.78,-103.7491,1935,2025
USC00297254,RAMON 8 SW,US-NM,34.1508,-105.0044,1957,2009
USC00297277,RATON,US-NM,36.9,-104.43333,1894,1953
USC00297279,RATON FILTER PLANT,US-NM,36.9194,-104.4325,1953,2025
USW00023052,RATON MUNICIPAL CREWS FIELD AIRPORT,US-NM,36.74177,-104.50764,1948,2025
USC00297323,RED RIVER,US-NM,36.7101,-105.4165,1906,2021
USC00297340,REDROCK 1 NNE,US-NM,32.7047,-108.728,1905,2025
USC00297346,REGINA,US-NM,36.18333,-106.95,1914,1969
USC00297380,RENCONA,US-NM,35.28333,-105.6,1923,1962
USC00294101,RESERVE RANGER STATION,US-NM,33.71667,-108.78333,1906,1954
USC00297386,RESERVE RANGER STATION,US-NM,33.7158,-108.7769,1954,2025
USC00297403,RIBERA,US-NM,35.36667,-105.45,1950,1964
USC00297488,ROAD FORKS,US-NM,32.21667,-108.96667,1942,1957
USC00297534,RODEO,US-NM,31.83333,-109.03333,1909,1978
USW00023045,RODEO CAA AIRPORT,US-NM,31.93333,-108.98333,1940,1954
USC00297604,ROSWELL,US-NM,33.31667,-104.43333,1893,1950
USW00023009,ROSWELL INDUSTRIAL AIR PARK,US-NM,33.30735,-104.50817,1942,2025
USW00023043,ROSWELL MUNICIPAL AIRPORT,US-NM,33.4,-104.53333,1893,1972
USC00297638,ROY,US-NM,35.93312,-104.1375,1905,2014
USC00297649,RUIDOSO,US-NM,33.3677,-105.6611,1941,2025
USC00297689,RUTLEDGE RANCH,US-NM,36.95,-103.1,1941,1959
USC00297707,SABINAL,US-NM,34.53333,-106.8,1933,1952
USC00297809,SAN CRISTOBAL,US-NM,36.58333,-105.6,1947,1958
USC00297827,SAN FIDEL 2 E,US-NM,35.1,-107.6,1920,1976
USC00297867,SAN JON,US-NM,35.1086,-103.3283,1907,2021
USC00297918,SAN MATEO,US-NM,35.33333,-107.65,1918,1988
USC00298015,SANDIA PARK,US-NM,35.21056,-106.36556,1939,2009
USC00298072,SANTA FE,US-NM,35.68333,-105.9,1849,1972
USC00298085,SANTA FE 2,US-NM,35.6194,-105.9753,1972,2025
USC00298090,SANTA FE 2 SE,US-NM,35.68333,-105.93333,1948,1951
USW00023049,SANTA FE CO MUNICIPAL AIRPORT,US-NM,35.61096,-106.09574,1941,2025
USC00298095,SANTA RITA,US-NM,32.8,-108.06667,1948,1952
USC00298107,SANTA ROSA,US-NM,34.9562,-104.7217,1913,2020
USC00298187,SEDAN 7 NW,US-NM,36.2,-103.21667,1911,1960
USC00298284,SHIPROCK,US-NM,36.795,-108.69167,1926,2007
USC00298324,SILVER CITY,US-NM,32.78333,-108.26667,1901,1964
USW00093063,SILVER CITY GRANT CO AIRPORT,US-NM,32.63333,-108.16667,1960,2025
USC00298352,SKARDA,US-NM,36.76667,-105.96667,1942,1983
USC00298387,SOCORRO,US-NM,34.06053,-106.88423,1893,2025
USC00298415,SOLANO,US-NM,35.86667,-104.05,1948,1959
USC00298501,SPRINGER,US-NM,36.3627,-104.5849,1892,2020
USC00298518,STANLEY 2 NNE,US-NM,35.1766,-105.9438,1954,2023
USC00298524,STAR LAKE,US-NM,35.9247,-107.4655,1922,2008
USC00290131,STATE UNIVERSITY,US-NM,32.28333,-106.75,1892,1959
USC00298535,STATE UNIVERSITY,US-NM,32.2823,-106.7598,1959,2025
USC00290205,SUMNER LAKE,US-NM,34.6,-104.38333,1948,1975
USC00298596,SUMNER LAKE,US-NM,34.6033,-104.3811,1975,2025
USC00298639,TAIBAN,US-NM,34.45,-104.01667,1952,1977
USC00298650,TAJIQUE 4 N,US-NM,34.8,-106.3,1910,1970
USC00298668,TAOS,US-NM,36.3906,-105.5864,1892,2016
USC00298713,TATUM,US-NM,33.2422,-103.3611,1919,2025
USC00298788,TERERRO,US-NM,35.76667,-105.66667,1946,1961
USC00292324,THOMPSON CANYON RANCH,US-NM,32.53333,-108.63333,1942,1985
USC00298830,THOREAU,US-NM,35.41667,-108.23333,1953,1992
USC00298845,TIERRA AMARILLA 4 N,US-NM,36.7663,-106.5536,1927,2012
USC00298873,TIJERAS RANGER STATION,US-NM,35.06667,-106.38333,1910,1962
USC00298919,TOHATCHI 1 ESE,US-NM,35.85,-108.73333,1914,1979
USC00299031,TORREON NAVAJO MISSION,US-NM,35.7991,-107.1813,1961,2025
USC00299085,TRES PIEDRAS,US-NM,36.6511,-105.9725,1905,2016
USC00299113,TRUCHAS,US-NM,36.03333,-105.81667,1909,1962
USC00299128,TRUTH OR CONSEQUENCES,US-NM,33.1353,-107.2316,1951,2018
USW00093045,TRUTH OR CONSEQUENCES MUNICIPAL AIRPORT,US-NM,33.23685,-107.26849,1950,2025
USC00299148,TUCUMCARI,US-NM,35.16667,-103.7,1909,1956
USC00299156,TUCUMCARI 4 NE,US-NM,35.2005,-103.6866,1904,2025
USW00023048,TUCUMCARI MUNICIPAL AIRPORT,US-NM,35.18052,-103.60144,1948,2025
USC00299165,TULAROSA,US-NM,33.0719,-106.0412,1909,2019
USC00299193,TURQUOISE BONANZA CR,US-NM,35.55,-106.1,1954,1996
USC00299245,UNION VALLEY,US-NM,33.76667,-103.63333,1923,1958
USC00299284,UTE DAM,US-NM,35.36,-103.4433,1965,2019
USC00299330,VALMORA,US-NM,35.8166,-104.9244,1893,2018
USC00299405,VAUGHN,US-NM,34.60125,-105.20663,1909,2021
USC00299448,VERMEJO PARK,US-NM,36.88333,-104.95,1966,1981
USC00299496,VILLANUEVA,US-NM,35.2666,-105.3572,1942,2025
USC00299583,WEDGEWOOD PLACE,US-NM,32.88333,-107.6,1943,1955
USC00299686,WHITE SANDS NATIONAL MON.,US-NM,32.7822,-106.1759,1939,2025
USC00299691,WHITE SIGNAL,US-NM,32.56182,-108.36107,1942,2025
USC00299697,WHITE TAIL,US-NM,33.23333,-105.55,1914,1959
USC00299806,WINSTON,US-NM,33.3497,-107.6491,1949,2013
USC00298192,WOLF CANYON,US-NM,35.96667,-106.78333,1912,1951
USC00299820,WOLF CANYON,US-NM,35.9477,-106.7469,1952,2025
USC00299823,WOOFTER RANCH,US-NM,33.76667,-107.3,1921,1951
USC00299840,YATES 6 S,US-NM,36.05,-103.86667,1929,1959
USC00299851,YESO 2 S,US-NM,34.403,-104.6128,1942,2025
USC00299857,YESO OVERTON RANCH,US-NM,34.31667,-104.73333,1943,1959
USC00290989,YORK RANCH,US-NM,33.8,-108.33333,1948,1957
USC00292362,YORK RANCH,US-NM,33.8,-108.33333,1957,1974
USW00093044,ZUNI,US-NM,35.0705,-108.8388,1949,2025
USC00260046,ADAVEN,US-NV,38.11667,-115.58333,1914,1982
USC00260099,ALAMO,US-NV,37.36667,-115.16667,1921,1962
USC00260150,AMARGOSA FARMS GAREY,US-NV,36.5716,-116.4619,1965,2014
USC00260282,ANTELOPE VALLEY FARR,US-NV,39.96417,-117.43417,1984,1998
USC00260438,ARTHUR 4 NW,US-NV,40.78078,-115.18524,1910,2025
USC00260507,AUSTIN NUMBER 2,US-NV,39.493,-117.0675,1887,2025
USC00260668,BASALT,US-NV,38.0,-118.26667,1941,1957
USC00260688,BATTLE MOUNTAIN,US-NV,40.65,-116.93333,1893,1945
USW00024119,BATTLE MOUNTAIN 4 SE,US-NV,40.6118,-116.8917,1944,2022
USC00260714,BEATTY,US-NV,36.91667,-116.75,1917,1972
USC00260795,BEOWAWE,US-NV,40.5903,-116.4749,1893,2022
USC00260800,BEOWAWE 49 S U OF N RANCH,US-NV,39.9004,-116.5876,1972,2025
USC00261071,BOULDER CITY,US-NV,35.98,-114.84639,1931,2004
USC00261358,CALIENTE,US-NV,37.6128,-114.5265,1903,2020
USC00261415,CARLIN NEWMONT MINE,US-NV,40.915,-116.3175,1966,2002
USC00261485,CARSON CITY,US-NV,39.1254,-119.7679,1893,2025
USC00261590,CATHEDRAL GORGE STATE PARK,US-NV,37.8044,-114.4069,2003,2025
USC00261630,CENTRAL NEVADA FIELD,US-NV,39.38333,-117.31667,1965,1986
USC00261755,COALDALE JUNCTION,US-NV,38.05,-117.9,1941,1970
USC00261905,CONTACT,US-NV,41.77056,-114.75278,1948,1999
USC00262091,CURRANT HIGHWAY STATION,US-NV,38.8,-115.35,1963,1977
USC00262229,DENIO,US-NV,41.9897,-118.6335,1951,2017
USC00262243,DESERT NATIONAL WILDLIFE REFUGE,US-NV,36.4381,-115.3601,1940,2025
USW00003160,DESERT ROCK AIRPORT,US-NV,36.6206,-116.0278,1978,2025
USC00262276,DIABLO,US-NV,37.91667,-116.05,1959,1979
USC00262350,DOLLY VARDEN,US-NV,40.33333,-114.51667,1981,1985
USC00262390,DUCKWATER,US-NV,38.85222,-115.63611,1966,2003
USC00262394,DUFURRENA DENIO 22 WSW,US-NV,41.8679,-119.0147,1959,2024
USC00262431,DYER 5 S,US-NV,37.6065,-118.0,1903,2018
USW00024121,ELKO REGIONAL AIRPORT,US-NV,40.82402,-115.78635,1888,2025
USW00023154,ELY AIRPORT,US-NV,39.29537,-114.84666,1888,2025
USC00262656,EMIGRANT PASS HIGHWAY,US-NV,40.64972,-116.30222,1954,2001
USC00266349,EMIGRANT PASS HIGHWAY,US-NV,40.66667,-116.31667,1944,1954
USC00262708,EUREKA,US-NV,39.517,-115.9621,1888,2025
USW00003170,EUREKA AIRPORT,US-NV,39.6013,-116.0055,1997,2025
USW00093123,FALLON CAA AIRPORT,US-NV,39.41667,-118.71667,1950,1954
USC00262780,FALLON EXPERIMENT STATION,US-NV,39.4572,-118.7811,1903,2025
USW00093102,FALLON NAAS,US-NV,39.41667,-118.71667,1945,2024
USC00262840,FERNLEY,US-NV,39.61667,-119.25,1907,1974
USC00262860,FISH CREEK RANCH,US-NV,39.26667,-116.0,1943,1964
USC00263090,GERLACH,US-NV,40.6517,-119.3579,1948,2019
USC00263101,GEYSER RANCH,US-NV,38.66833,-114.63611,1904,2002
USC00263205,GLENBROOK,US-NV,39.0753,-119.9411,1901,2025
USC00263245,GOLCONDA,US-NV,40.95667,-117.49222,1892,2008
USC00263250,GOLCONDA TIPTON RANC,US-NV,40.75,-117.5,1978,1982
USC00263285,GOLDFIELD,US-NV,37.708,-117.233,1906,2009
USC00263340,GREAT BASIN NATIONAL PARK,US-NV,39.0055,-114.2205,1987,2025
USC00264514,GREAT BASIN NATIONAL PARK,US-NV,39.0,-114.21667,1937,1987
USC00263515,HAWTHORNE AIRPORT,US-NV,38.55,-118.66667,1887,1991
USC00263957,IMLAY,US-NV,40.6564,-118.1631,1914,2025
USW00023141,INDIAN SPRINGS,US-NV,36.58333,-115.68333,2006,2012
USC00264016,JACKPOT,US-NV,41.9829,-114.6586,1986,2025
USC00264038,JARBIDGE 4 N,US-NV,41.93333,-115.43333,1916,1995
USC00264095,JIGGS 2 NE,US-NV,40.44471,-115.65794,1978,2025
USC00264086,JIGGS 3 N,US-NV,40.45,-115.65,1910,1972
USC00264199,KIMBERLY,US-NV,39.26667,-115.03333,1928,1958
USC00264236,KINGS RIVER VALLEY OROVADA 26 NW,US-NV,41.7437,-118.2259,1956,2025
USC00264349,LAHONTAN DAM,US-NV,39.4688,-119.0644,1911,2025
USC00264384,LAKE VALLEY STEWARD,US-NV,38.31667,-114.65,1971,1998
USC00264391,LAMOILLE 2 N,US-NV,40.7441,-115.4856,1999,2025
USC00264395,LAMOILLE PH,US-NV,40.68333,-115.46667,1916,1972
USC00264394,LAMOILLE YOST,US-NV,40.71778,-115.52306,1975,2004
USC00264429,LAS VEGAS,US-NV,36.16667,-115.13333,1895,1956
USW00053123,LAS VEGAS AIR TERMINAL,US-NV,36.21205,-115.19394,2000,2025
USW00023112,LAS VEGAS NELLIS AFB,US-NV,36.25,-115.03333,1949,1970
USC00264527,LEONARD CREEK RANCH DENIO 33 S,US-NV,41.5167,-118.7193,1954,2025
USC00264698,LOVELOCK,US-NV,40.17,-118.4776,1895,2025
USW00024172,LOVELOCK DERBY FIELD AIRPORT,US-NV,40.06843,-118.57018,1948,2025
USC00264745,LUND,US-NV,38.8677,-115.0166,1957,2018
USC00264824,MALA VISTA RANCH,US-NV,41.31667,-115.25,1939,1965
USC00264835,MANHATTAN POWER HOUSE,US-NV,38.53333,-117.08333,1948,1951
USC00264852,MARK TWAIN CAMP,US-NV,38.18333,-118.75,1950,1965
USC00264858,MARLETTE LAKE,US-NV,39.16667,-119.91667,1913,1952
USW00023169,MCCARRAN INTERNATIONAL AIRPORT,US-NV,36.0719,-115.16343,1948,2025
USC00264935,MCDERMITT,US-NV,41.99343,-117.71672,1892,2025
USC00264950,MCGILL,US-NV,39.41403,-114.77397,1892,2025
USC00265092,METROPOLIS,US-NV,41.28333,-115.01667,1965,1995
USC00265168,MINA,US-NV,38.3878,-118.1091,1896,2025
USC00265191,MINDEN,US-NV,38.9547,-119.7758,1906,2025
USC00265352,MONTELLO 2 NE,US-NV,41.278,-114.1705,1895,2017
USC00265400,MOUNT CHARLESTON FIRE STATION,US-NV,36.25951,-115.64585,1949,2025
USC00265445,MOUNT ROSE HIGHWAY S,US-NV,39.33333,-119.88333,1959,1966
USC00265392,MOUNTAIN CITY R S,US-NV,41.8375,-115.96528,1955,1999
USC00265605,NIXON,US-NV,39.83333,-119.35,1928,1974
USC00265705,NORTH LAS VEGAS,US-NV,36.2347,-115.1163,1951,2016
USC00265722,OASIS,US-NV,41.0333,-114.4713,1987,2012
USC00265818,OROVADA 3 W,US-NV,41.5684,-117.8388,1911,2025
USC00265846,OVERTON,US-NV,36.55006,-114.4582,1939,2025
USC00265869,OWYHEE,US-NV,41.95,-116.1,1948,2017
USC00265890,PAHRUMP 4 NW,US-NV,36.2615,-116.0563,1914,2025
USC00266005,PARADISE VALLEY 1 NW,US-NV,41.50222,-117.54778,1894,2010
USC00266130,PENOYER VALLEY,US-NV,37.6486,-115.8008,1967,2006
USC00266148,PEQUOP,US-NV,41.06667,-114.53333,1948,1985
USC00266242,PINE VALLEY CARLIN 20 S,US-NV,40.4369,-116.119,1982,2025
USC00266252,PIOCHE,US-NV,37.9338,-114.4522,1888,2016
USC00266504,QUINN RIVER CROSSING,US-NV,41.56667,-118.43333,1901,1951
USC00266514,RACHEL,US-NV,37.6467,-115.746,2008,2025
USC00266630,RATTLESNAKE,US-NV,38.45,-116.16667,1948,1966
USC00266691,RED ROCK CANYON SPRING MOUNT RANCH STATE PARK,US-NV,36.0686,-115.4603,1977,2025
USC00266746,REESE RIVER IONE 13 NE,US-NV,39.06264,-117.41343,1972,2025
USW00023185,RENO AIRPORT,US-NV,39.50769,-119.76829,1937,2025
USC00267123,RUBY LAKE NWR,US-NV,40.2022,-115.4931,1940,2023
USC00267175,RUTH,US-NV,39.2763,-114.9911,1958,2022
USC00267192,RYE PATCH DAM,US-NV,40.4661,-118.3047,1935,2025
USC00267261,SAND PASS,US-NV,40.31667,-119.8,1913,1971
USC00267319,SARCOBATUS,US-NV,37.26667,-117.01667,1941,1961
USC00267358,SCHURZ,US-NV,38.95,-118.81667,1920,1957
USC00267369,SEARCHLIGHT,US-NV,35.4661,-114.92161,1913,2025
USC00267443,SHELDON,US-NV,41.85,-119.63333,1933,1972
USC00267450,SHOSHONE 5 N,US-NV,38.9162,-114.4022,1988,2007
USC00267463,SILVERPEAK,US-NV,37.7617,-117.5658,1967,2025
USC00267609,SMITH 1 N,US-NV,38.81667,-119.33333,1908,1966
USC00267620,SMOKY VALLEY CARVERS,US-NV,38.784,-117.1739,1949,2025
USC00267690,SOUTH FORK STATE RECREATION AREA,US-NV,40.6764,-115.7451,1993,2025
USC00267697,SPARKS,US-NV,39.5558,-119.7333,1988,2022
USC00267750,SPRING VALLEY STATE PARK,US-NV,38.0405,-114.18,1974,2025
USC00267806,STATELINE HARRAH S,US-NV,38.96667,-119.95,1984,1998
USC00267820,STEAD,US-NV,39.6253,-119.8836,1985,2025
USW00023118,STEAD AFB,US-NV,39.66667,-119.86667,1952,1966
USC00267873,SULPHUR,US-NV,40.9,-118.66667,1914,1953
USC00267908,SUNNYSIDE LUND 31 S,US-NV,38.4231,-115.0226,1891,2025
USC00267925,SUNRISE MNR LAS VGAS,US-NV,36.2,-115.08333,1961,1989
USC00268160,TONOPAH,US-NV,38.0694,-117.2355,1902,2025
USW00023153,TONOPAH AIRPORT,US-NV,38.05049,-117.09063,1954,2025
USC00268186,TOPAZ LAKE,US-NV,38.7395,-119.518,1957,2025
USC00268346,TUSCARORA,US-NV,41.3144,-116.2226,1957,2017
USC00268349,TUSCARORA ANDRAE RAN,US-NV,41.4,-116.08333,1888,1956
USC00268500,UNIVERSITY OF NEVADA EXPER,US-NV,39.51667,-119.78333,1949,1954
USC00268588,VALLEY OF FIRE STATE PARK,US-NV,36.4302,-114.514,1972,2025
USC00268689,VERDI,US-NV,39.51667,-119.98333,1894,1956
USC00268761,VIRGINIA CITY,US-NV,39.3128,-119.6483,1887,2025
USC00268822,WABUSKA 6 SE,US-NV,39.0747,-119.1189,1972,2025
USC00268977,WELLINGTON RANGER STATION,US-NV,38.75,-119.36667,1942,1973
USC00268988,WELLS,US-NV,41.11697,-114.97871,1895,2024
USC00269072,WILD HORSE RESERVOIR,US-NV,41.6381,-115.80543,1982,2025
USC00269122,WILKINS,US-NV,41.43333,-114.75,1948,1980
USC00269168,WINNEMUCCA 3 SSW,US-NV,40.9386,-117.7513,1999,2025
USW00024128,WINNEMUCCA AIRPORT,US-NV,40.90178,-117.80812,1877,2025
USC00269229,YERINGTON,US-NV,38.9991,-119.1575,1894,2025
USC00300023,ADDISON,US-NY,42.1013,-77.2344,1893,2020
USW00014735,ALBANY INTERNATIONAL AIRPORT,US-NY,42.74722,-73.79913,1938,2025
USC00300055,ALBION,US-NY,43.22458,-78.22362,1938,2025
USC00300063,ALCOVE DAM,US-NY,42.47231,-73.92792,1942,2025
USC00300077,ALEXANDRIA BAY 1 SW,US-NY,44.33333,-75.91667,1932,1972
USC00300085,ALFRED,US-NY,42.27985,-77.76643,1893,2025
USC00300093,ALLEGANY STATE PARK,US-NY,42.1003,-78.7497,1924,2025
USC00300159,AMSTERDAM LOCK 1O,US-NY,42.91667,-74.13333,1902,1959
USC00300183,ANGELICA,US-NY,42.3108,-78.023,1893,2025
USC00300220,ARCADE,US-NY,42.53482,-78.45724,1893,2025
USC00300254,ARKVILLE 2 W,US-NY,42.1394,-74.6536,1948,2017
USC00300321,AUBURN,US-NY,42.9327,-76.5447,1897,2025
USC00300331,AURORA RESEARCH FARM,US-NY,42.7338,-76.6591,1956,2024
USC00300343,AVON,US-NY,42.9203,-77.7557,1895,2025
USC00300351,BABYLON,US-NY,40.71667,-73.36667,1918,1959
USC00300360,BAINBRIDGE 2 E,US-NY,42.28333,-75.45,1907,1992
USC00300368,BAKERS MILLS,US-NY,43.61667,-74.03333,1940,1977
USC00300379,BALDWINSVILLE,US-NY,43.15,-76.3333,1893,2025
USC00300412,BARKER 4 NE,US-NY,43.36667,-78.48333,1941,1976
USC00300443,BATAVIA,US-NY,43.02966,-78.16822,1911,2025
USC00300448,BATH,US-NY,42.3488,-77.3477,1953,2014
USW00014797,BEAR MOUNTAIN WEATHER BUREAU,US-NY,41.31667,-74.0,1948,1953
USC00300500,BEAVER FALLS,US-NY,43.887,-75.4349,1934,2025
USC00300511,BEDFORD HILLS,US-NY,41.23333,-73.71667,1899,1977
USC00300540,BEERSTON,US-NY,42.11667,-75.11667,1911,1951
USC00300608,BENNETTS BRIDGE,US-NY,43.5318,-75.9526,1941,2025
USC00300641,BERLIN 5 S,US-NY,42.61667,-73.36667,1903,2000
USC00300668,BIG MOOSE 3 SE,US-NY,43.8176,-74.87263,1931,2025
USW00004725,BINGHAMTON GREATER AP,US-NY,42.20678,-75.97993,1951,2025
USC00300706,BLACK RIVER 1 SW,US-NY,44.0,-75.81667,1940,1975
USC00300766,BOLIVAR,US-NY,42.1225,-78.20639,1896,1999
USC00300780,BOONVILLE 2 N,US-NY,43.51667,-75.36667,1912,1966
USC00300785,BOONVILLE 4 SSW,US-NY,43.4361,-75.3697,1949,2025
USC00300870,BREWERTON LOCK 23,US-NY,43.2386,-76.1964,1932,2025
USC00300889,BRIDGEHAMPTON,US-NY,40.952,-72.2977,1930,2025
USC00300929,BROADALBIN,US-NY,43.05083,-74.19806,1939,2001
USC00300937,BROCKPORT,US-NY,43.216,-77.9529,1893,2025
USW00014733,BUFFALO NIAGARA INTERNATIONAL AIRPOR,US-NY,42.93998,-78.73606,1938,2025
USC00301068,BUSKIRK,US-NY,42.9361,-73.43257,2011,2025
USC00301093,CAIRO,US-NY,42.31667,-74.01667,1924,1963
USC00301095,CAIRO 4 NW,US-NY,42.31667,-74.03306,1978,2012
USC00301101,CALLICOON,US-NY,41.76667,-75.05,1949,1966
USC00301110,CAMDEN,US-NY,43.3305,-75.8416,1946,2025
USC00301144,CANAJOHARIE,US-NY,42.91667,-74.58333,1897,1976
USC00301152,CANANDAIGUA 3 S,US-NY,42.84505,-77.28071,1942,2025
USC00301160,CANASTOTA,US-NY,43.08333,-75.76667,1932,1983
USC00301168,CANDOR 2 SE,US-NY,42.1944,-76.3127,1944,2020
USC00301173,CANISTEO 1 SW,US-NY,42.26083,-77.61611,1949,2008
USW00014743,CANTON 4 SE,US-NY,44.5772,-75.1097,1893,2024
USC00301207,CARMEL,US-NY,41.43333,-73.68333,1888,1995
USC00301211,CARMEL 4 N,US-NY,41.4725,-73.655,2003,2024
USC00301260,CATSKILL 1 N,US-NY,42.23333,-73.86667,1896,1977
USC00305673,CATTARAUGUS,US-NY,42.32449,-78.86701,1948,2021
USC00301272,CAZENOVIA,US-NY,42.91667,-75.86667,1913,1951
USC00301309,CENTERPORT,US-NY,40.88345,-73.37309,2003,2025
USC00301387,CHASM FALLS,US-NY,44.75,-74.21667,1926,1995
USC00301391,CHATHAM,US-NY,42.36667,-73.6,1904,1970
USC00301401,CHAZY,US-NY,44.8786,-73.3953,1902,2011
USC00301413,CHEMUNG,US-NY,42.0025,-76.6384,1888,2016
USC00301436,CHERRY VALLEY 2 NNE,US-NY,42.8238,-74.7386,1944,2011
USC00301492,CINCINNATUS,US-NY,42.5433,-75.8947,1928,2010
USC00301521,CLARYVILLE,US-NY,41.91355,-74.57232,1945,2016
USC00301580,CLYDE LOCK 26,US-NY,43.05901,-76.83844,1918,2025
USC00301589,COBLESKILL,US-NY,42.66667,-74.5,1946,1956
USC00301623,COLDEN 1 N,US-NY,42.66306,-78.68306,1957,2002
USC00301664,COLTON 2 N,US-NY,44.5842,-74.9573,1934,2025
USC00301708,CONKLINGVILLE DAM,US-NY,43.3203,-73.9256,1948,2025
USC00301713,CONKLINGVILLE DAM 2,US-NY,43.31667,-73.91667,1948,1961
USC00301752,COOPERSTOWN,US-NY,42.7166,-74.9266,1893,2025
USC00301761,COPAKE,US-NY,42.1131,-73.5522,1988,2017
USC00301787,CORNING,US-NY,42.1341,-77.0691,1909,2025
USC00301799,CORTLAND,US-NY,42.6,-76.18333,1895,2000
USC00301966,DANNEMORA,US-NY,44.7192,-73.7205,1906,2025
USC00301974,DANSVILLE,US-NY,42.56477,-77.71762,1917,2025
USW00094704,DANSVILLE MUNICIPAL AIRPORT,US-NY,42.56985,-77.71426,1945,2025
USC00302079,DE RUYTER 4 N,US-NY,42.81667,-75.88333,1903,1984
USC00302031,DELANSON 2 NE,US-NY,42.7672,-74.1711,2005,2022
USC00302036,DELHI 2 SE,US-NY,42.2533,-74.905,1924,2025
USC00302047,DELTA DAM,US-NY,43.2735,-75.4271,2000,2014
USC00302071,DERBY 2 NW,US-NY,42.7,-79.0,1945,1961
USC00302137,DOLGEVILLE,US-NY,43.08333,-74.76667,1920,1994
USC00302169,DOWNSVILLE DAM,US-NY,42.0772,-74.9827,1959,2025
USW00014747,DUNKIRK CHAUTAUQUA CO AIRPORT,US-NY,42.4932,-79.27623,1945,2025
USC00302286,EAST CHATHAM,US-NY,42.43944,-73.50278,2001,2009
USC00302366,EAST JEWETT,US-NY,42.23432,-74.14436,1985,2021
USC00302291,EASTCHESTER,US-NY,40.93333,-73.8,1944,1958
USC00302554,ELIZABETHTOWN,US-NY,44.2138,-73.5986,1897,2025
USC00302574,ELLENBURG DEPOT,US-NY,44.913,-73.8223,1898,2022
USC00302582,ELLENVILLE,US-NY,41.7167,-74.4,1945,2014
USC00302599,ELMA,US-NY,42.85,-78.63333,1942,1982
USC00302610,ELMIRA,US-NY,42.0997,-76.8358,1893,2025
USW00014748,ELMIRA CORNING REGIONAL AIRPORT,US-NY,42.15658,-76.90291,1938,2025
USC00302666,EPHRATAH,US-NY,43.01667,-74.53333,1912,1960
USC00302760,FARMINGDALE 2 NE,US-NY,40.75,-73.43333,1916,1956
USW00054787,FARMINGDALE REPUBLIC AIRPORT,US-NY,40.73443,-73.41637,1999,2025
USW00014749,FORT PLAIN WEATHER BUREAU AIRPORT,US-NY,42.96667,-74.66667,1943,1948
USC00302964,FORT SCHUYLER,US-NY,40.8,-73.8,1890,1959
USC00303025,FRANKLINVILLE,US-NY,42.32933,-78.46378,1896,2025
USW00014768,FREDERICK DOUGLASS GREATER ROCHESTER INTERNATIONAL AIRPORT,US-NY,43.11723,-77.67539,1926,2025
USC00303050,FREEVILLE 1 NE,US-NY,42.5178,-76.3351,1948,2025
USC00303087,FULTON,US-NY,43.3049,-76.3938,1900,2025
USW00054773,FULTON OSWEGO CO AIRPORT,US-NY,43.35037,-76.38316,1996,2025
USC00303102,GABRIELS,US-NY,44.43333,-74.16667,1900,1978
USC00303177,GENEVA EXPERIMENT ST,US-NY,42.88333,-77.0,1892,1968
USC00303184,GENEVA RESEARCH FARM,US-NY,42.8766,-77.0307,1969,2025
USW00004727,GENEVA SAMPSON AFB,US-NY,42.75,-76.9,1952,1956
USC00303259,GLENHAM,US-NY,41.51667,-73.93333,1932,1996
USC00303284,GLENS FALLS FARM,US-NY,43.3246,-73.6781,1943,2015
USC00303299,GLENS FALLS FEDR DAM,US-NY,43.28333,-73.66667,1948,1956
USC00303289,GLENS FALLS FIRE STATION,US-NY,43.31667,-73.65,1893,1956
USW00014750,GLENS FALLS FLOYD BENNETT MEMORIAL AIRPORT,US-NY,43.33849,-73.61024,1944,2025
USC00303319,GLOVERSVILLE,US-NY,43.04917,-74.35917,1893,2006
USC00303354,GOWANDA CORRECTIONAL,US-NY,42.48333,-78.93333,1945,1997
USC00303360,GRAFTON,US-NY,42.78333,-73.46667,1950,2004
USC00303416,GRAVESVILLE 2 N,US-NY,43.13333,-75.11667,1950,1960
USC00303444,GREENE,US-NY,42.32426,-75.77095,1909,2025
USC00303452,GREENFIELD CENTER,US-NY,43.11667,-73.83333,1903,1955
USC00303464,GREENPORT POWER HOUS,US-NY,41.10194,-72.37306,1958,2000
USW00014717,GRIFFISS AFB,US-NY,43.23333,-75.4,1893,1995
USC00303602,HAMILTON,US-NY,42.81667,-75.53333,1894,1963
USC00303722,HASKINVILLE,US-NY,42.42056,-77.5675,1900,2000
USC00303766,HECTOR,US-NY,42.5,-76.88333,1967,1997
USC00303773,HEMLOCK,US-NY,42.7746,-77.6083,1898,2025
USC00303781,HEMPSTEAD GARDEN CIT,US-NY,40.71667,-73.63333,1948,1972
USC00303786,HEMPSTEAD MALVERNE,US-NY,40.68333,-73.66667,1941,1966
USW00014708,HEMPSTEAD MITCHELL FIELD AFB,US-NY,40.73333,-73.6,1948,1961
USC00303839,HIGH FALLS,US-NY,41.83333,-74.13333,1927,1967
USC00303851,HIGHMARKET 2 W,US-NY,43.60514,-75.55438,1924,2025
USC00303881,HILTON,US-NY,43.28333,-77.78333,1945,1959
USC00303889,HINCKLEY 2 SW,US-NY,43.3,-75.15,1926,1993
USC00303916,HOFFMEISTER 3 W,US-NY,43.38333,-74.73333,1920,1965
USC00303961,HOOKER 12 NNW,US-NY,43.8524,-75.7158,1911,2025
USC00303970,HOPE,US-NY,43.31167,-74.24778,1931,1998
USC00303983,HORNELL ALMOND DAM,US-NY,42.3488,-77.7044,1950,2025
USC00304025,HUDSON CORRECTIONAL FACILITY,US-NY,42.24746,-73.79219,1957,2025
USC00304111,INGHAMS,US-NY,43.06667,-74.76667,1948,1960
USW00004781,ISLIP LI MACARTHUR AIRPORT,US-NY,40.79389,-73.10181,1963,2025
USC00304174,ITHACA CORNELL UNIVERSITY,US-NY,42.44915,-76.44905,1893,2025
USC00304206,JAMESTOWN,US-NY,42.1,-79.25,1895,1960
USC00304207,JAMESTOWN 4 ENE,US-NY,42.11,-79.1591,1960,2025
USW00094789,JFK INTERNATIONAL AIRPORT,US-NY,40.63915,-73.7639,1948,2025
USC00304271,JOHNSONVILLE,US-NY,42.91667,-73.51667,1948,1965
USC00304473,KORTRIGHT 2,US-NY,42.41667,-74.8,1960,1994
USW00014732,LAGUARDIA AIRPORT,US-NY,40.77945,-73.88027,1939,2025
USC00304555,LAKE PLACID 2 S,US-NY,44.3042,-73.9839,1897,2025
USC00304575,LANSING MANOR,US-NY,42.4486,-74.4653,1985,2025
USC00304647,LAWRENCEVILLE 3 SW,US-NY,44.7582,-74.6692,1931,2008
USC00304715,LEWISTON,US-NY,43.1755,-79.0446,1935,2025
USC00304731,LIBERTY 1 NE,US-NY,41.8017,-74.74,1898,2025
USC00304767,LINDEN,US-NY,42.88333,-78.16667,1912,1965
USC00304791,LITTLE FALLS CITY RESERVOIR,US-NY,43.0603,-74.8686,1897,2015
USC00304796,LITTLE FALLS MILL ST,US-NY,43.03333,-74.86667,1920,1994
USC00304808,LITTLE VALLEY,US-NY,42.2473,-78.8125,1941,2025
USC00304844,LOCKPORT 2 SE,US-NY,43.1521,-78.65342,1893,2025
USC00304849,LOCKPORT 4 NE,US-NY,43.2,-78.63333,1961,1994
USC00304912,LOWVILLE,US-NY,43.7929,-75.4829,1891,2025
USC00304939,LYNDONVILLE,US-NY,43.3391,-78.3893,2000,2017
USC00304952,MACEDON LOCK E30,US-NY,43.0731,-77.30196,1918,2025
USC00304984,MALLORY,US-NY,43.31667,-76.1,1962,1975
USW00094725,MASSENA INTERNATIONAL AIRPORT,US-NY,44.93341,-74.84836,1948,2025
USC00305129,MASSENA SNELL LOCK,US-NY,44.98333,-74.78333,1894,1962
USC00305199,MCKEEVER,US-NY,43.61667,-75.11667,1926,1953
USC00305233,MECKLENBURG 4 SW,US-NY,42.44212,-76.75761,2003,2025
USC00305291,MIDDLEBURG,US-NY,42.6,-74.31667,1942,1977
USC00305310,MIDDLETOWN 2 NW,US-NY,41.4603,-74.4489,1893,2011
USC00305334,MILLBROOK,US-NY,41.8552,-73.67,1941,2004
USC00305346,MILLERTON,US-NY,41.95,-73.51667,1941,1953
USC00305377,MINEOLA,US-NY,40.7328,-73.6183,1938,2011
USC00305426,MOHONK LAKE,US-NY,41.77196,-74.15366,1896,2025
USC00305435,MONGAUP VALLEY 4 SSW,US-NY,41.5705,-74.7933,1945,1974
USW00004789,MONTGOMERY ORANGE CO AIRPORT,US-NY,41.50908,-74.26458,1998,2025
USC00305512,MORRISVILLE 6 SW,US-NY,42.8416,-75.7263,1911,2025
USC00305560,MOUNT LEBANON,US-NY,42.46667,-73.4,1944,1970
USC00305597,MOUNT MORRIS 2 W,US-NY,42.7313,-77.9054,1893,2025
USC00305604,MOUNT PLEASANT FARM,US-NY,42.45,-76.36667,1957,1978
USC00305606,MOUNT SINAI,US-NY,40.933,-73.0191,2001,2025
USC00305687,NEW BERLIN,US-NY,42.61667,-75.33333,1907,1997
USC00305759,NEW PALTZ 4 SW,US-NY,41.68333,-74.13333,1972,1983
USC00300621,NEW YORK BENSONHURST,US-NY,40.6,-73.96667,1950,1951
USW00014786,NEW YORK FLOYD BENNETT FIELD,US-NY,40.58333,-73.88333,1945,1970
USC00305804,NEW YORK LAUREL HILL,US-NY,40.73333,-73.93333,1922,1983
USC00305679,NEWARK,US-NY,43.04657,-77.08411,1918,2025
USC00305714,NEWCOMB,US-NY,43.9707,-74.222,1959,2025
USC00305711,NEWCOMB 3 W,US-NY,43.96667,-74.21667,1940,1977
USC00305769,NEWPORT 7 NE,US-NY,43.2,-74.91667,1985,1995
USW00004724,NIAGARA FALLS INTERNATIONAL AIRPORT,US-NY,43.1083,-78.93818,1951,2025
USC00305869,NORFOLK,US-NY,44.80528,-74.99972,1941,2004
USC00305925,NORTH CREEK 5 SE,US-NY,43.6611,-73.8969,1907,2025
USC00306062,NORTHVILLE,US-NY,43.1592,-74.2042,1903,2025
USC00306085,NORWICH,US-NY,42.5117,-75.5197,1906,2025
USW00094728,NY CITY CENTRAL PARK,US-NY,40.77898,-73.96925,1869,2025
USC00306164,OGDENSBURG 4 NE,US-NY,44.7281,-75.4442,1893,2023
USC00306184,OLD FORGE,US-NY,43.71263,-74.96943,1907,2025
USC00306196,OLEAN,US-NY,42.0737,-78.4518,1909,2025
USC00306224,ONEONTA,US-NY,42.45,-75.06667,1894,1956
USC00306229,ONEONTA 3 SE,US-NY,42.45,-75.0,1948,1969
USC00306301,OSSINING SING SING,US-NY,41.15,-73.86667,1940,1959
USC00306314,OSWEGO,US-NY,43.44991,-76.53685,1926,2025
USC00306411,PARISHVILLE 1 WNW,US-NY,44.63333,-74.83333,1941,1981
USC00306441,PATCHOGUE 2 N,US-NY,40.79667,-73.00139,1937,1997
USC00306459,PAUL SMITHS,US-NY,44.43333,-74.26667,1903,1966
USC00306464,PAVILION 2 NE,US-NY,42.91142,-77.98088,1956,2017
USC00306510,PENN YAN,US-NY,42.67111,-77.06278,1897,2001
USC00306517,PENN YAN 8 W,US-NY,42.66667,-77.18333,1984,1994
USW00054778,PENN YAN AIRPORT,US-NY,42.64405,-77.05286,1998,2025
USC00306538,PERU 2 WSW,US-NY,44.56551,-73.57042,1938,2022
USC00306623,PISECO,US-NY,43.4614,-74.5231,1942,2011
USC00306649,PLATTE CLOVE,US-NY,42.1389,-74.0914,1998,2020
USC00306659,PLATTSBURGH AFB,US-NY,44.65,-73.46667,1898,1995
USW00094733,PLATTSBURGH CLINTON CO AIRPORT,US-NY,44.68722,-73.52306,1998,2007
USW00004742,PLATTSBURGH INTERNATIONAL AIRPORT,US-NY,44.65,-73.46667,1956,1970
USW00064776,PLATTSBURGH INTERNATIONAL AIRPORT,US-NY,44.63923,-73.46312,2007,2025
USC00306674,PLEASANTVILLE,US-NY,41.13139,-73.77583,1944,1999
USC00306774,PORT JERVIS,US-NY,41.3891,-74.6905,1893,2025
USC00306745,PORTAGEVILLE 1 N,US-NY,42.59033,-78.02604,1898,2022
USC00306817,POUGHKEEPSIE,US-NY,41.68333,-73.93333,1893,1971
USW00014757,POUGHKEEPSIE HUDSON VALLEY REGIONAL AIRPORT,US-NY,41.62574,-73.88155,1948,2025
USC00306831,PRATTSBURG 2 NW,US-NY,42.53333,-77.3,1944,1986
USC00306867,PULASKI,US-NY,43.5696,-76.1163,1948,2025
USC00306941,RAQUETTE LAKE,US-NY,43.81667,-74.66667,1892,1952
USC00307115,RIFTON 1 N,US-NY,41.85,-74.05,1921,1967
USC00307210,ROCK HILL 3 SW,US-NY,41.5916,-74.6143,1963,2022
USC00307274,ROSENDALE 2 E,US-NY,41.84807,-74.04726,1956,2025
USC00307317,ROXBURY,US-NY,42.28333,-74.56667,1915,1972
USC00307329,RUSHFORD,US-NY,42.3915,-78.2484,1954,2025
USC00308058,S WALES EMERY PARK,US-NY,42.71667,-78.6,1931,1985
USC00307400,SALAMANCA 2,US-NY,42.1506,-78.7204,1991,2008
USC00307405,SALEM,US-NY,43.16667,-73.31667,1942,1997
USC00307413,SALISBURY,US-NY,43.16667,-74.86667,1897,1975
USC00307472,SARANAC LAKE,US-NY,44.33333,-74.13333,1893,1966
USW00094740,SARANAC LAKE ADIRONDACK REGIONAL AIRPORT,US-NY,44.39279,-74.20288,1998,2025
USC00307480,SARATOGA SPRINGS 4 N,US-NY,43.1,-73.83333,1895,1951
USC00307484,SARATOGA SPRINGS 4 SW,US-NY,43.0413,-73.82126,1955,2025
USC00307497,SCARSDALE,US-NY,40.98333,-73.8,1904,1991
USW00004782,SCHENECTADY,US-NY,42.83333,-73.91667,1898,1985
USC00307524,SCHROON LAKE,US-NY,43.83333,-73.76667,1946,1967
USC00307633,SETAUKET STRONG,US-NY,40.958611,-73.104722,1885,2018
USC00307659,SHARON SPRINGS 1 N,US-NY,42.8,-74.6,1911,1953
USC00307705,SHERBURNE,US-NY,42.6773,-75.5066,1907,2025
USW00054790,SHIRLEY BROOKHAVEN AIRPORT,US-NY,40.82121,-72.86742,1999,2025
USC00307742,SHRUB OAK,US-NY,41.3325,-73.837,1950,2025
USC00307780,SKANEATELES,US-NY,42.9461,-76.4313,1900,2025
USC00307799,SLIDE MOUNTAIN,US-NY,42.0167,-74.4167,1948,2012
USC00307842,SODUS 1 W,US-NY,43.2359,-77.0841,1922,2025
USC00307944,SOUTH EDWARDS 1 E,US-NY,44.26667,-75.2,1927,1978
USC00308080,SPECULATOR,US-NY,43.5,-74.36167,1901,2000
USC00308088,SPENCER 2 N,US-NY,42.25,-76.5,1943,1994
USC00308096,SPENCERTOWN,US-NY,42.33333,-73.55,1929,1959
USC00308104,SPIER FALLS,US-NY,43.23333,-73.75,1901,1975
USC00308152,STAFFORD,US-NY,42.98333,-78.08333,1931,1967
USC00308160,STAMFORD,US-NY,42.4,-74.63333,1948,2004
USW00014714,STEWART FIELD,US-NY,41.5,-74.1,1948,1970
USC00308248,STILLWATER RESERVOIR,US-NY,43.89131,-75.03612,1925,2025
USC00308321,SUFFERN,US-NY,41.11667,-74.11667,1940,1955
USC00308322,SUFFERN,US-NY,41.11278,-74.15722,1956,1999
USC00308380,SYRACUSE,US-NY,43.05,-76.15,1922,1940
USW00014771,SYRACUSE HANCOCK INTERNATIONAL AIRPORT,US-NY,43.1111,-76.10384,1938,2025
USC00308455,THERESA 4 NW,US-NY,44.27543,-75.83689,1941,2025
USC00308503,TICONDEROGA,US-NY,43.85,-73.41667,1897,1972
USW00014772,TICONDEROGA 3 NE,US-NY,43.88333,-73.4,1941,1980
USC00308578,TRENTON FALLS,US-NY,43.2761,-75.1566,1909,2025
USC00308586,TRIBES HILL,US-NY,42.9464,-74.2886,1904,2015
USC00308594,TROUPSBURG 4 NE,US-NY,42.06667,-77.48333,1944,2003
USC00308631,TUPPER LAKE SUNMOUNT,US-NY,44.2307,-74.4382,1899,2025
USC00308739,UTICA,US-NY,43.08333,-75.2,1948,1991
USW00094794,UTICA ONEIDA CO AIRPORT,US-NY,43.145,-75.38389,1950,2007
USC00308746,VALATIE 1 N,US-NY,42.4333,-73.6833,1971,2009
USC00308839,VICTOR 2 NW,US-NY,43.00299,-77.4484,1893,2025
USC00308902,WALDEN 2 NE,US-NY,41.56667,-74.16667,1922,1959
USC00308910,WALES,US-NY,42.7211,-78.5437,1948,2025
USC00308932,WALTON 2,US-NY,42.1847,-75.1455,1997,2025
USC00308944,WANAKENA RANGER SCHOOL,US-NY,44.148,-74.9003,1910,2010
USC00308962,WARSAW 6 SW,US-NY,42.6855,-78.2202,1952,2025
USC00308967,WARWICK,US-NY,41.26667,-74.36667,1900,1974
USC00308987,WATERLOO,US-NY,42.9013,-76.8641,1932,2020
USC00309000,WATERTOWN,US-NY,43.9761,-75.8753,1893,2025
USW00094790,WATERTOWN INTERNATIONAL AIRPORT,US-NY,43.98872,-76.02609,1949,2025
USC00309055,WELLESLEY ISLAND,US-NY,44.3565,-75.9285,1974,2005
USC00309072,WELLSVILLE,US-NY,42.1173,-77.9475,1956,2025
USC00307557,WELLSVILLE 4 NNW,US-NY,42.16667,-77.98333,1948,1975
USW00054757,WELLSVILLE MUNICIPAL AIRPORT,US-NY,42.10775,-77.98424,2000,2025
USC00309292,WEST POINT,US-NY,41.3906,-73.9608,1890,2024
USW00094745,WESTCHESTER CO AIRPORT,US-NY,41.06236,-73.70454,1946,2025
USC00309189,WESTFIELD 2 SSE,US-NY,42.29556,-79.58556,1895,2003
USW00014719,WESTHAMPTON GABRESKI AIRPORT,US-NY,40.85055,-72.61928,1951,2025
USW00014715,WHEELER SACK FIELD ARMY AIR FIELD,US-NY,44.05,-75.73333,1952,1970
USC00309389,WHITEHALL,US-NY,43.5575,-73.4011,1932,2025
USC00309425,WHITESVILLE 1 N,US-NY,42.05983,-77.75539,1954,2025
USC00309516,WINDHAM 3 E,US-NY,42.3031,-74.2011,1900,2008
USC00309533,WISCOY 1 E,US-NY,42.51667,-78.05,1940,1995
USC00309544,WOLCOTT 3 NW,US-NY,43.25,-76.86667,1948,1996
USC00309593,WYOMING 3 W,US-NY,42.82025,-78.14782,2014,2025
USC00309690,YOUNGSTOWN 1 S,US-NY,43.23472,-79.05109,2004,2025
USW00014895,AKRON CANTON AIRPORT,US-OH,40.91811,-81.44342,1948,2025
USW00014813,AKRON FULTON INTERNATIONAL AIRPORT,US-OH,41.03732,-81.46341,1948,2025
USW00014896,AKRON NAS,US-OH,41.03333,-81.48333,1952,1957
USC00330083,ALEXANDRIA 4 WSW,US-OH,40.08333,-82.68333,1893,1988
USC00330256,ASHLAND 2 SW,US-OH,40.83333,-82.35,1936,2010
USW00004857,ASHTABULA CO AIRPORT,US-OH,41.7794,-80.69683,1998,2025
USC00330274,ATHENS 5 NW,US-OH,39.38333,-82.18333,1893,1980
USC00330279,ATHENS OU,US-OH,39.3224,-82.0995,1948,2025
USC00330460,BATAVIA 4 N,US-OH,39.11667,-84.16667,1948,1951
USC00330563,BELLEFONTAINE,US-OH,40.3535,-83.7754,1894,2025
USC00330676,BEVERLY STP,US-OH,39.54747,-81.62835,1905,2025
USC00330862,BOWLING GREEN WWTP,US-OH,41.3831,-83.6111,1893,2025
USC00331072,BUCYRUS,US-OH,40.8126,-82.9698,1893,2025
USC00331152,CADIZ,US-OH,40.26861,-80.99806,1893,2009
USC00331178,CALDWELL 6 NW,US-OH,39.81667,-81.6,1936,1990
USC00331197,CAMBRIDGE,US-OH,40.0111,-81.5794,1948,2021
USC00331202,CAMBRIDGE STATE HOSPITAL,US-OH,40.08333,-81.58333,1893,1963
USC00331245,CANFIELD 1 S,US-OH,41.01667,-80.76667,1896,1998
USC00331353,CATAWBA ISLAND 1 SW,US-OH,41.55,-82.85,1916,1959
USC00331404,CENTERBURG 2 SE,US-OH,40.2913,-82.6546,1950,2025
USC00331458,CHARDON,US-OH,41.58732,-81.19138,1945,2025
USC00331466,CHARLES MILL LAKE,US-OH,40.74028,-82.35735,1939,1987
USW00093818,CHESAPEAKE HUNTINGTON AIRPORT,US-OH,38.41667,-82.5,1941,1960
USC00331515,CHEVIOT,US-OH,39.1547,-84.6233,1965,2017
USC00331528,CHILLICOTHE MND CITY,US-OH,39.37444,-83.00361,1972,2010
USC00331536,CHILO MELDAHL LOCKS AND DAM,US-OH,38.79741,-84.17314,1920,2025
USC00331541,CHIPPEWA LAKE,US-OH,41.0517,-81.9361,1895,2015
USW00093890,CINCINNATI ABBE WEATHER SERVICE OFFICE,US-OH,39.15,-84.51667,1916,1982
USC00331566,CINCINNATI AULT PARK,US-OH,39.13333,-84.41667,1942,1957
USW00093812,CINCINNATI MUNICIPAL AIRPORT LUNKEN FIELD,US-OH,39.106,-84.41609,1948,2025
USC00331592,CIRCLEVILLE,US-OH,39.6104,-82.9555,1894,2025
USW00004853,CLEVELAND BURKE LAKEFRONT AIRPORT,US-OH,41.52568,-81.66908,1998,2025
USW00014820,CLEVELAND HOPKINS INTERNATIONAL AIRPORT,US-OH,41.40568,-81.85191,1938,2025
USC00331653,CLEVELAND SHAKER HEI,US-OH,41.46667,-81.56667,1942,1953
USW00093834,COLUMBUS NAS,US-OH,39.98333,-82.88333,1945,1954
USC00331778,COLUMBUS OHIO STATE,US-OH,40.0,-83.01667,1893,1957
USW00004804,COLUMBUS OHIO STATE UNIVERSITY AIRPORT,US-OH,40.078406,-83.078332,1997,2025
USW00013812,COLUMBUS RICKENBACKER,US-OH,39.81667,-82.93333,1946,1970
USC00331781,COLUMBUS SULLIVANT A,US-OH,39.95,-83.11667,1952,1983
USC00331782,COLUMBUS UNIVERSITY,US-OH,40.0,-83.05,1957,1970
USC00331783,COLUMBUS VLY CROSSING,US-OH,39.9047,-82.9199,1946,2015
USC00331905,COSHOCTON ARGICULTURAL RESEARCH STATION,US-OH,40.37083,-81.79083,1956,2015
USC00331890,COSHOCTON WPC PLANT,US-OH,40.2403,-81.871,1908,2024
USW00093815,DAYTON INTERNATIONAL AIRPORT,US-OH,39.90638,-84.21853,1948,2025
USC00332067,DAYTON MCD,US-OH,39.78175,-84.19025,1893,2025
USW00053859,DAYTON WRIGHT BROTHERS AIRPORT,US-OH,39.5918,-84.2263,1997,2025
USW00013840,DAYTON WRIGHT PATTERSON AFB,US-OH,39.83333,-84.05,1946,1970
USC00332090,DEER CREEK LAKE,US-OH,39.6254,-83.2132,1970,1987
USC00332098,DEFIANCE,US-OH,41.2783,-84.3847,1893,2025
USW00004851,DEFIANCE AIRPORT,US-OH,41.3357,-84.4285,1998,2025
USC00332119,DELAWARE,US-OH,40.3175,-83.07389,1896,2001
USC00332156,DENNISON WATER WORKS,US-OH,40.4,-81.35,1909,1981
USC00332251,DORSET,US-OH,41.6764,-80.6663,1956,2018
USC00332270,DOVER,US-OH,40.53333,-81.48333,1893,1937
USW00014823,EAST LIVERPOOL WEATHER BUREAU AIRPORT,US-OH,40.68333,-80.63333,1948,1948
USC00332599,ELYRIA 3 E,US-OH,41.3815,-82.0558,1949,2014
USW00004849,ELYRIA LORAIN CO AIRPORT,US-OH,41.34628,-82.17885,1998,2025
USC00333483,FAIRFIELD,US-OH,39.35,-84.58333,1913,1985
USW00014825,FINDLAY AIRPORT,US-OH,41.01369,-83.66814,1942,2025
USC00332791,FINDLAY WPCC,US-OH,41.0461,-83.6622,1893,2025
USC00332928,FRANKLIN,US-OH,39.5536,-84.319,1923,2025
USC00332956,FREDERICKTOWN 4 S,US-OH,40.41667,-82.53333,1939,2012
USC00332974,FREMONT,US-OH,41.33353,-83.11959,1901,2025
USC00333021,GALION WATER WORKS,US-OH,40.7231,-82.7999,1948,2025
USC00333029,GALLIPOLIS,US-OH,38.82075,-82.18171,1928,2025
USC00333094,GENEVA 4 SW,US-OH,41.76667,-81.0,1915,1965
USC00333125,GERMANTOWN 3 NE,US-OH,39.66667,-84.33333,1914,1952
USC00333144,GIBRALTER ISLAND,US-OH,41.66667,-82.81667,1953,1959
USC00333375,GREENVILLE WATER PLANT,US-OH,40.1032,-84.6504,1893,2025
USC00333393,GREER,US-OH,40.5518,-82.2015,1946,2025
USC00333478,HAMILTON 2,US-OH,39.4,-84.58333,1909,1971
USW00053855,HAMILTON BUTLER CO REGIONAL AIRPORT,US-OH,39.36119,-84.52063,1997,2025
USC00333722,HICKSVILLE,US-OH,41.28743,-84.75967,1965,2025
USC00333758,HILLSBORO,US-OH,39.2334,-83.6091,1893,2025
USC00333780,HIRAM,US-OH,41.30718,-81.14759,1893,2025
USC00333801,HOLGATE,US-OH,41.25,-84.15,1929,1951
USC00333874,HOYTVILLE 2 NE,US-OH,41.21667,-83.76667,1952,2012
USC00333876,HUDSON,US-OH,41.25,-81.25,1895,1922
USC00333971,IRONTON,US-OH,38.53333,-82.68333,1900,1982
USC00333987,IRWIN,US-OH,40.11667,-83.48333,1941,1997
USC00334004,JACKSON 3 NW,US-OH,39.07909,-82.70651,1914,2025
USW00014821,JOHN GLENN INTERNATIONAL AIRPORT,US-OH,39.99068,-82.87703,1945,2025
USC00334189,KENTON,US-OH,40.64851,-83.606,1893,2025
USC00334258,KIRTLAND HOLDEN,US-OH,41.61667,-81.3,1988,1994
USC00334260,KIRTLAND HOLDEN 2,US-OH,41.61667,-81.3,1994,2010
USC00333915,LAKEVIEW,US-OH,40.4911,-83.92532,1948,2025
USC00334363,LAKEVIEW 3 NE,US-OH,40.51667,-83.88333,1914,1983
USC00334383,LANCASTER 2 NW,US-OH,39.73333,-82.63333,1936,1996
USW00053844,LANCASTER FAIRFIELD CO AIRPORT,US-OH,39.75725,-82.66333,1996,2025
USW00004850,LIMA ALLEN CO AIRPORT,US-OH,40.70806,-84.0214,1998,2025
USC00334551,LIMA WWTP,US-OH,40.7247,-84.1294,1901,2025
USC00334672,LOGAN,US-OH,39.5326,-82.3939,1948,2025
USC00334681,LONDON STATE FISH HATCHERY,US-OH,39.8972,-83.5096,1918,2025
USC00334874,MANSFIELD 5 W,US-OH,40.76047,-82.61668,1899,2025
USW00014891,MANSFIELD LAHM REGIONAL AIRPORT,US-OH,40.8204,-82.51769,1948,2025
USC00334929,MARIETTA WATER WORKS,US-OH,39.43333,-81.46667,1893,1963
USC00334927,MARIETTA WWTP,US-OH,39.4087,-81.4329,1963,2025
USC00334942,MARION 2 N,US-OH,40.6142,-83.13001,1936,2020
USW00004855,MARION MUNICIPAL AIRPORT,US-OH,40.61576,-83.06731,1998,2025
USC00334967,MARSHALLVILLE 1 SSW,US-OH,40.88333,-81.73333,1946,2010
USC00334979,MARYSVILLE,US-OH,40.19382,-83.26751,1917,2025
USC00335041,MCCONNELSVILLE LOCK7,US-OH,39.6521,-81.8561,1893,2012
USC00335220,MIDDLETOWN,US-OH,39.5161,-84.4071,1923,2025
USC00335268,MILFORD,US-OH,39.18139,-84.28667,1969,2004
USC00335297,MILLERSBURG,US-OH,40.5375,-81.9197,1916,2025
USC00335315,MILLPORT 2 NW,US-OH,40.7692,-80.8562,1893,2013
USC00335438,MONTPELIER,US-OH,41.58924,-84.5858,1893,2025
USC00335505,MOSQUITO CREEK LAKE,US-OH,41.29853,-80.76418,1944,2025
USC00335543,MOUNT HEALTHY EXPERIMENTAL FA,US-OH,39.28333,-84.56667,1914,1955
USC00335664,NAPOLEON,US-OH,41.38333,-84.11667,1893,1962
USC00335669,NAPOLEON,US-OH,41.3939,-84.1144,1962,2009
USC00335667,NAPOLEON 1 SW,US-OH,41.3816,-84.1513,2009,2025
USC00335786,NEW CARLISLE,US-OH,39.9317,-84.0329,1914,2025
USC00335857,NEW LEXINGTON 2 NW,US-OH,39.73315,-82.21559,1942,2025
USC00335894,NEW PHILADELPHIA,US-OH,40.48778,-81.43167,1948,2006
USW00004852,NEW PHILADELPHIA CLEVER FIELD,US-OH,40.47031,-81.42176,1998,2025
USW00004858,NEWARK HEATH AIRPORT,US-OH,40.02635,-82.46346,1999,2025
USC00335747,NEWARK WATER WORKS,US-OH,40.0875,-82.4128,1934,2025
USC00336118,NORWALK WWTP,US-OH,41.26342,-82.61462,1894,2025
USC00336196,OBERLIN,US-OH,41.2802,-82.2187,1893,2025
USC00336342,OTTAWA,US-OH,41.0324,-84.0543,1948,2025
USC00336346,OTTAWA NWR,US-OH,41.61203,-83.2013,1972,1989
USC00336389,PAINESVILLE 4 NW,US-OH,41.75288,-81.29533,1950,2025
USC00336405,PANDORA,US-OH,40.9462,-83.9614,1949,2025
USC00336465,PAULDING,US-OH,41.1247,-84.5919,1914,2025
USC00336590,PHILO,US-OH,39.86667,-81.9,1901,1965
USC00336600,PHILO 3 SW,US-OH,39.8386,-81.9166,1895,2013
USC00336645,PIQUA,US-OH,40.1525,-84.2372,1893,2025
USC00336697,PLEASANT HILL,US-OH,40.0553,-84.3581,1922,2025
USC00336729,PLYMOUTH 2 WSW,US-OH,40.98333,-82.7,1935,1982
USC00336781,PORTSMOUTH SCIOTOVILLE,US-OH,38.7569,-82.8872,1893,2025
USC00336882,PUT IN BAY,US-OH,41.65,-82.8,1916,1997
USC00336912,RACINE DAM 23,US-OH,38.88333,-81.86667,1931,1969
USC00337120,RIPLEY EXPERIMENTAL FARM,US-OH,38.78722,-83.79722,1959,2005
USC00337417,SALINEVILLE 2 SSW,US-OH,40.6,-80.85,1972,1985
USW00014846,SANDUSKY,US-OH,41.452,-82.723,1936,2025
USC00337538,SEDALIA,US-OH,39.73389,-83.4775,1940,2008
USC00337559,SENECAVILLE LAKE,US-OH,39.9222,-81.4347,1939,2014
USC00337700,SIDNEY 2 N,US-OH,40.31667,-84.16667,1893,1978
USC00337925,SPRINGFIELD,US-OH,39.91667,-83.81667,1943,1969
USC00338025,STEUBENVILLE,US-OH,40.3765,-80.6283,1941,2025
USC00338313,TIFFIN,US-OH,41.10451,-83.18786,1893,2012
USC00338332,TIPP CITY,US-OH,39.9573,-84.17491,1939,2025
USC00338353,TOLEDO COAST GUARD S,US-OH,40.68333,-83.48333,1950,1971
USW00004848,TOLEDO EXECUTIVE AIRPORT,US-OH,41.56327,-83.47671,1998,2025
USW00094830,TOLEDO EXPRESS AIRPORT,US-OH,41.58705,-83.80538,1955,2025
USW00014849,TOLEDO WBAS,US-OH,41.56667,-83.46667,1939,2025
USC00338378,TOM JENKINS DAM BURR OAK,US-OH,39.54444,-82.05812,1953,1987
USC00338534,UPPER SANDUSKY,US-OH,40.83333,-83.28333,1893,2013
USC00338552,URBANA WRF,US-OH,40.0991,-83.7823,1895,2025
USC00338560,UTICA,US-OH,40.21667,-82.43333,1944,1994
USC00338609,VAN WERT 1 S,US-OH,40.8494,-84.5808,1893,2025
USC00338642,VERSAILLES,US-OH,40.2211,-84.4955,1914,2025
USC00338769,WARREN 3 S,US-OH,41.2019,-80.8105,1893,2025
USC00338774,WARREN OHIO EDISON,US-OH,41.21667,-80.8,1914,1971
USC00338794,WASHINGTON COURT HOUSE,US-OH,39.5353,-83.4239,1916,2025
USC00338810,WATERLOO,US-OH,38.70081,-82.47304,1960,2021
USC00338822,WAUSEON WATER PLANT,US-OH,41.5183,-84.1452,1893,2025
USC00338830,WAVERLY,US-OH,39.1114,-82.9797,1893,2025
USC00338951,WESTERVILLE,US-OH,40.1268,-82.9441,1952,2025
USC00339190,WILLOWGHBY EAST LAKE,US-OH,41.66667,-81.43333,1894,1976
USC00339219,WILMINGTON 3 N,US-OH,39.49118,-83.82005,1915,2019
USW00013841,WILMINGTON AIR PARK,US-OH,39.43084,-83.777,1949,2025
USC00339299,WOODSFIELD 2 N,US-OH,39.7787,-81.1009,2001,2018
USC00339322,WOOSTER 2 SE,US-OH,40.78333,-81.93333,1914,1959
USC00339312,WOOSTER EXPERIMENTAL STATION,US-OH,40.78126,-81.91986,1893,2021
USW00004842,WOOSTER WAYNE CO AIRPORT,US-OH,40.87324,-81.88864,1997,2025
USW00013813,WRIGHT PATTERSON AFB,US-OH,39.78333,-84.1,1953,1962
USC00339361,XENIA 6 SSE,US-OH,39.613,-83.9058,1916,2025
USW00014852,YOUNGSTOWN WARREN REGIONAL AIRPORT,US-OH,41.25478,-80.67361,1934,2025
USW00093824,ZANESVILLE MUNICIPAL AIRPORT,US-OH,39.94609,-81.89315,1946,2025
USC00340017,ADA,US-OK,34.78639,-96.685,1907,2011
USW00013902,ALTUS AFB,US-OK,34.65,-99.26667,1953,1970
USC00340184,ALTUS DAM,US-OK,34.8847,-99.2964,1945,2020
USC00340179,ALTUS IRIG RES STATION,US-OK,34.5902,-99.3344,1903,2011
USC00340193,ALVA 1 W,US-OK,36.8014,-98.6878,1894,2025
USC00340215,AMES,US-OK,36.2483,-98.1883,1896,2025
USC00340224,ANADARKO,US-OK,35.0619,-98.1988,1893,2016
USC00340256,ANTLERS,US-OK,34.2208,-95.615,1918,2025
USC00340260,APACHE,US-OK,34.888,-98.3605,1909,2025
USC00340292,ARDMORE,US-OK,34.1773,-97.1617,1901,2025
USW00013903,ARDMORE AFB,US-OK,34.3,-97.01667,1953,1959
USW00013965,ARDMORE INTERMEDIATE FIELD,US-OK,34.3,-97.15,1946,1969
USC00340332,ARNETT 3 NE,US-OK,36.16534,-99.72029,1911,2025
USC00340391,ATOKA,US-OK,34.3983,-96.14,1926,2018
USC00340394,ATOKA DAM,US-OK,34.45,-96.06667,1963,1999
USC00340535,BARNSDALL,US-OK,36.56528,-96.16639,1943,2002
USW00003959,BARTLESVILLE MUNICIPAL AIRPORT,US-OK,36.7664,-96.01292,1920,2025
USC00340584,BEAR MOUNTAIN TOWER,US-OK,34.13944,-94.95194,1938,1998
USC00340593,BEAVER,US-OK,36.8125,-100.5308,1896,2017
USC00340755,BILLINGS,US-OK,36.5297,-97.4472,1914,2025
USC00340782,BIXBY,US-OK,35.98333,-95.88333,1943,2005
USC00340814,BLACKWELL 1 W,US-OK,36.8,-97.3,1916,1974
USC00340908,BOISE CITY 2 E,US-OK,36.7236,-102.4805,1908,2020
USC00340980,BOSWELL,US-OK,34.02111,-95.87222,1941,1999
USC00341067,BRAGGS,US-OK,35.66667,-95.2,1943,1981
USC00341144,BRISTOW,US-OK,35.8291,-96.3916,1915,2012
USC00341157,BROKEN ARROW 2 SW,US-OK,36.03333,-95.81667,1941,1975
USC00341162,BROKEN BOW 1 N,US-OK,34.0497,-94.738,1917,2021
USC00341243,BUFFALO,US-OK,36.8002,-99.6399,1907,2012
USC00341256,BURBANK,US-OK,36.69278,-96.73194,1948,2011
USC00341396,CAMARGO,US-OK,36.01667,-99.28333,1923,1975
USC00341441,CANTON,US-OK,36.05,-98.58333,1914,1953
USC00341441,CANTON,US-OK,36.05,-98.58333,1914,1953
USC00341445,CANTON,US-OK,36.06167,-98.59,1943,2002
USC00341499,CARNASAW TOWER,US-OK,34.14417,-94.63778,1938,2001
USC00341504,CARNEGIE,US-OK,35.17556,-98.57944,1914,2005
USC00341544,CARTER TOWER,US-OK,34.2661,-94.7753,1939,2010
USC00341544,CARTER TOWER,US-OK,34.2661,-94.7753,1939,2010
USC00341684,CHANDLER,US-OK,35.7062,-96.8801,1901,2020
USC00341706,CHATTANOOGA,US-OK,34.42134,-98.64786,1905,2025
USC00341724,CHEROKEE,US-OK,36.7673,-98.4244,1915,2014
USC00341738,CHEYENNE 1 WSW,US-OK,35.60859,-99.69762,1923,2025
USC00341747,CHICKASHA,US-OK,35.03333,-97.95,1901,1966
USC00341750,CHICKASHA EXPERIMENTAL STATION,US-OK,35.0488,-97.9158,1953,2025
USC00341828,CLAREMORE 2 ENE,US-OK,36.3225,-95.5808,1900,2020
USC00341855,CLAYTON,US-OK,34.58333,-95.35,1947,1969
USC00341891,CLEVELAND 1,US-OK,36.31667,-96.46667,1913,1952
USC00341891,CLEVELAND 1,US-OK,36.31667,-96.46667,1913,1952
USC00341909,CLINTON,US-OK,35.50139,-98.97722,1936,2005
USW00013999,CLINTON REGIONAL AIRPORT,US-OK,35.53827,-98.93278,1945,1946
USW00003932,CLINTON SHERMAN AIRPORT,US-OK,35.35677,-99.20411,1958,2025
USC00341927,CLOUD CHIEF 2 SE,US-OK,35.23333,-98.81667,1893,1975
USC00341936,CLOUDY TOWER,US-OK,34.38333,-95.25,1938,1973
USC00341954,COALGATE 1 WNW,US-OK,34.55,-96.23333,1904,1982
USC00341954,COALGATE 1 WNW,US-OK,34.55,-96.23333,1904,1982
USC00342125,CORDELL,US-OK,35.30083,-98.99583,1936,2011
USC00342242,CRESCENT 5 WSW,US-OK,35.9269,-97.6743,1940,2025
USC00342318,CUSHING,US-OK,35.9802,-96.7758,1937,2013
USC00342341,DACOMA 2 NE,US-OK,36.68333,-98.55,1898,1975
USC00342660,DUNCAN,US-OK,34.50648,-97.93128,1936,2025
USC00342660,DUNCAN,US-OK,34.50648,-97.93128,1936,2025
USC00342678,DURANT,US-OK,34.0,-96.3686,1901,2022
USC00342818,EL RENO 1 N,US-OK,35.54889,-97.95528,1893,2006
USC00342836,ELDORADO,US-OK,34.46667,-99.65,1903,1975
USC00342849,ELK CITY 4 W,US-OK,35.3925,-99.50639,1904,2025
USC00342912,ENID,US-OK,36.4194,-97.8747,1894,2025
USW00013909,ENID VANCE AFB,US-OK,36.33333,-97.91667,1949,1970
USC00342944,ERICK,US-OK,35.2164,-99.8628,1904,2025
USC00342993,EUFAULA 6 SSW,US-OK,35.19306,-95.59028,1896,2002
USC00342993,EUFAULA 6 SSW,US-OK,35.19306,-95.59028,1896,2002
USC00343047,FAIRVIEW,US-OK,36.26667,-98.48333,1932,1977
USC00343070,FARGO 3 ENE,US-OK,36.39107,-99.56438,1942,2025
USC00343070,FARGO 3 ENE,US-OK,36.39107,-99.56438,1942,2025
USC00343083,FARRIS 3 WNW,US-OK,34.26667,-95.91667,1944,1995
USC00343088,FARRY,US-OK,36.8,-98.96667,1942,1957
USC00343182,FLASHMAN TOWER,US-OK,34.48333,-95.0,1938,1984
USC00343250,FORAKER,US-OK,36.87361,-96.56917,1944,2001
USC00343250,FORAKER,US-OK,36.87361,-96.56917,1944,2001
USC00343281,FORT COBB,US-OK,35.10361,-98.44278,1938,1975
USC00343286,FORT GIBSON DAM,US-OK,35.86667,-95.23333,1946,1979
USC00343295,FORT RENO,US-OK,35.56667,-98.03333,1893,1951
USW00013945,FORT SILL POST FIELD AF,US-OK,34.65,-98.4,1949,1970
USC00343304,FORT SUPPLY,US-OK,36.54417,-99.535,1940,2012
USC00343353,FREDERICK,US-OK,34.3862,-99.0199,1904,2011
USC00343353,FREDERICK,US-OK,34.3862,-99.0199,1904,2011
USW00003981,FREDERICK MUNICIPAL AIRPORT,US-OK,34.35307,-98.98762,1998,2025
USC00343358,FREEDOM,US-OK,36.7648,-99.1128,1948,2015
USW00013975,GAGE AIRPORT,US-OK,36.29659,-99.76865,1904,2025
USC00343448,GARBER,US-OK,36.43333,-97.58333,1938,1975
USC00343489,GATE,US-OK,36.85,-100.0569,1959,2025
USC00343497,GEARY,US-OK,35.6306,-98.3217,1911,2025
USC00343628,GOODWELL RESEARCH STATION,US-OK,36.5913,-101.618,1910,2025
USC00343700,GRAND RIVER DAM,US-OK,36.46667,-95.05,1941,1979
USC00343709,GRANDFIELD 4 NW,US-OK,34.28333,-98.73333,1941,1994
USC00343740,GREAT SALT PLAINS DAM,US-OK,36.7425,-98.133,1946,2025
USC00343794,GROVE,US-OK,36.58056,-94.76806,1935,1975
USC00343821,GUTHRIE,US-OK,35.8161,-97.395,1893,2014
USW00053913,GUTHRIE MUNICIPAL AIRPORT,US-OK,35.85167,-97.4142,1998,2025
USC00343835,GUYMON,US-OK,36.70278,-101.47806,1909,2009
USC00343836,GUYMON LEE RANCH,US-OK,36.53333,-101.4,1947,1958
USW00003030,GUYMON MUNICIPAL AIRPORT,US-OK,36.68185,-101.50515,1998,2025
USC00343862,HALLETT 1 NW,US-OK,36.25,-96.6,1944,1973
USC00343871,HAMMON 3 SSW,US-OK,35.585,-99.39528,1920,2005
USC00343884,HANNA,US-OK,35.20278,-95.88972,1941,2001
USC00343902,HARDESTY,US-OK,36.61667,-101.18333,1941,1957
USC00343956,HASKELL,US-OK,35.82583,-95.69333,1943,2005
USC00344001,HEALDTON 3 E,US-OK,34.2332,-97.4202,1894,2025
USC00344019,HELENA 1 SSE,US-OK,36.538,-98.2661,1906,2025
USC00344055,HENNESSEY 4 ESE,US-OK,36.0941,-97.8349,1895,2012
USC00344055,HENNESSEY 4 ESE,US-OK,36.0941,-97.8349,1895,2012
USC00344064,HERD,US-OK,36.86667,-96.2,1942,1957
USC00344064,HERD,US-OK,36.86667,-96.2,1942,1957
USC00344098,HEYBURN DAM,US-OK,35.95,-96.28333,1949,1968
USW00093986,HOBART MUNICIPAL AIRPORT,US-OK,34.98908,-99.05282,1910,2025
USC00344235,HOLDENVILLE 2 SSE,US-OK,35.0567,-96.3861,1901,2016
USC00344235,HOLDENVILLE 2 SSE,US-OK,35.0567,-96.3861,1901,2016
USC00344249,HOLLIS 5 E,US-OK,34.6808,-99.8135,1922,2011
USC00344258,HOLLOW,US-OK,36.88056,-95.28667,1940,2006
USC00344258,HOLLOW,US-OK,36.88056,-95.28667,1940,2006
USC00344289,HOMINY,US-OK,36.40306,-96.39111,1936,2007
USC00344289,HOMINY,US-OK,36.40306,-96.39111,1936,2007
USC00344298,HOOKER,US-OK,36.85953,-101.22125,1906,2025
USC00344384,HUGO,US-OK,34.02111,-95.53806,1915,2006
USC00344393,HULAH DAM,US-OK,36.91667,-96.1,1946,1997
USC00344451,IDABEL,US-OK,33.9335,-94.8278,1907,2025
USC00344564,JAY 1 NE,US-OK,36.41667,-94.8,1940,1978
USC00344573,JEFFERSON 3 SE,US-OK,36.68562,-97.74861,1894,2025
USC00344573,JEFFERSON 3 SE,US-OK,36.68562,-97.74861,1894,2025
USC00344766,KENTON,US-OK,36.90306,-102.965,1900,2006
USC00344807,KEYSTONE 3 SSW,US-OK,36.13333,-96.28333,1948,1964
USC00344812,KEYSTONE DAM,US-OK,36.15,-96.25,1957,1997
USC00344820,KIAMICHI TOWER,US-OK,34.63333,-94.81667,1938,1969
USC00344861,KINGFISHER,US-OK,35.8582,-97.9295,1897,2025
USC00344861,KINGFISHER,US-OK,35.8582,-97.9295,1897,2025
USC00344865,KINGSTON,US-OK,33.93,-96.69611,1946,2008
USC00344865,KINGSTON,US-OK,33.93,-96.69611,1946,2008
USC00344915,KONAWA,US-OK,34.9613,-96.75,1942,2018
USC00344950,LAHOMA RESEARCH STATION,US-OK,36.3895,-98.1061,1982,2025
USC00344969,LAKE C BLACKWELL,US-OK,36.15,-97.18333,1941,1952
USC00344975,LAKE EUFAULA,US-OK,35.29278,-95.43222,1970,2004
USC00344976,LAKE HEFNER 2,US-OK,35.58333,-97.58333,1949,1975
USC00344976,LAKE HEFNER 2,US-OK,35.58333,-97.58333,1949,1975
USC00344978,LAKE OVERHOLSER,US-OK,35.4879,-97.6645,1948,1979
USC00345045,LAVERNE,US-OK,36.69917,-99.89667,1939,2009
USC00345045,LAVERNE,US-OK,36.69917,-99.89667,1939,2009
USC00345063,LAWTON,US-OK,34.6098,-98.4573,1912,2023
USC00345068,LAWTON 2 N,US-OK,34.63582,-98.40338,1936,2025
USW00003950,LAWTON MUNICIPAL AIRPORT,US-OK,34.55771,-98.4172,1996,2025
USC00345108,LEHIGH 4 SW,US-OK,34.4339,-96.2717,1893,2025
USC00345216,LINDSAY 2 W,US-OK,34.82611,-97.63861,1938,2010
USC00345437,LYONS 2 N,US-OK,35.76278,-94.73444,1942,2003
USC00345468,MADILL,US-OK,34.0919,-96.7708,1936,2025
USC00345468,MADILL,US-OK,34.0919,-96.7708,1936,2025
USC00345509,MANGUM,US-OK,34.891,-99.5016,1920,2023
USC00345509,MANGUM,US-OK,34.891,-99.5016,1920,2023
USC00345522,MANNFORD 6 NW,US-OK,36.1747,-96.4433,1943,2014
USC00345540,MARAMEC,US-OK,36.24611,-96.68389,1943,2003
USC00345540,MARAMEC,US-OK,36.24611,-96.68389,1943,2003
USC00345563,MARIETTA 5 SW,US-OK,33.8761,-97.1641,1937,2021
USC00345563,MARIETTA 5 SW,US-OK,33.8761,-97.1641,1937,2021
USC00345581,MARLOW 1 WSW,US-OK,34.6368,-97.9786,1900,2025
USW00093950,MCALESTER REGIONAL AIRPORT,US-OK,34.88237,-95.78154,1893,2025
USC00345713,MCGEE CREEK DAM,US-OK,34.30983,-95.86748,1982,2025
USC00345779,MEEKER 5 W,US-OK,35.5051,-96.9772,1894,2016
USC00345855,MIAMI,US-OK,36.8833,-94.8833,1917,2018
USC00346035,MORAVIA 1 E,US-OK,35.11673,-99.48897,1941,2025
USC00346035,MORAVIA 1 E,US-OK,35.11673,-99.48897,1941,2025
USC00346130,MUSKOGEE,US-OK,35.778,-95.3338,1905,2025
USW00093953,MUSKOGEE DAVIS FIELD,US-OK,35.65765,-95.36583,1996,2025
USC00346139,MUTUAL,US-OK,36.2282,-99.17,1915,2023
USC00346278,NEWKIRK 5 NE,US-OK,36.94227,-97.00586,1898,2025
USC00346386,NORMAN 3 SSE,US-OK,35.18083,-97.43772,1894,2025
USW00093908,NORMAN NAS,US-OK,35.23333,-97.41667,1945,1946
USC00346391,NORMAN UNIVERSITY OF OKLAH,US-OK,35.21667,-97.43333,1933,1956
USC00346562,OAKWOOD 3 SW,US-OK,35.9,-98.73333,1909,1975
USC00346629,OKEENE,US-OK,36.12167,-98.315,1903,2011
USC00346638,OKEMAH,US-OK,35.4252,-96.3033,1912,2012
USC00346663,OKLAHOMA CITY EAST,US-OK,35.46667,-97.46667,1934,1974
USW00013919,OKLAHOMA CITY TINKER AFB,US-OK,35.41667,-97.38333,1949,1970
USW00003954,OKLAHOMA CITY WILEY POST AIRPORT,US-OK,35.54113,-97.64725,1996,2025
USW00013967,OKLAHOMA CITY WILL ROGERS WORLD AIRPORT,US-OK,35.38843,-97.60035,1941,2025
USC00346670,OKMULGEE WATER WORKS,US-OK,35.6238,-96.025,1910,2012
USC00346729,OOLOGAH DAM,US-OK,36.43333,-95.68333,1956,1979
USC00346764,ORR,US-OK,34.03333,-97.53333,1944,1955
USC00346926,PAULS VALLEY 4 WSW,US-OK,34.72528,-97.28139,1893,2011
USC00346935,PAWHUSKA,US-OK,36.6691,-96.3472,1898,2016
USC00346940,PAWNEE,US-OK,36.3566,-96.8108,1943,2023
USC00346989,PENSACOLA,US-OK,36.45,-95.13333,1923,1948
USC00347003,PERKINS,US-OK,35.9743,-97.027,1927,2019
USC00347012,PERRY,US-OK,36.2886,-97.2897,1894,2025
USC00347196,PONCA CITY,US-OK,36.72306,-97.09028,1893,2014
USW00013969,PONCA CITY MUNICIPAL AIRPORT,US-OK,36.73689,-97.10234,1948,2025
USC00347214,PONTOTOC 1 N,US-OK,34.5052,-96.6223,1941,2025
USC00347246,POTEAU,US-OK,35.05,-94.63333,1917,1985
USC00347264,PRAGUE 2 W,US-OK,35.4876,-96.7302,1943,2025
USC00347309,PRYOR,US-OK,36.30917,-95.32972,1926,2004
USC00347327,PURCELL 2 SW,US-OK,34.98583,-97.38417,1893,2010
USC00347372,QUINTON,US-OK,35.13333,-95.36667,1941,1998
USC00347390,RALSTON,US-OK,36.5044,-96.7438,1922,2025
USC00347534,REGNIER,US-OK,36.9425,-102.63139,1890,2006
USC00347556,RENFROW,US-OK,36.92639,-97.63139,1941,1991
USC00347579,REYDON,US-OK,35.62556,-99.91056,1941,2007
USC00347727,ROOSEVELT,US-OK,34.8511,-99.0208,1943,2025
USC00347732,ROSE,US-OK,36.21667,-95.03333,1942,1951
USC00347844,SAGEEYAH,US-OK,36.36667,-95.66667,1928,1957
USC00347844,SAGEEYAH,US-OK,36.36667,-95.66667,1928,1957
USC00347862,SALLISAW 2 NW,US-OK,35.4572,-94.8047,1893,2015
USC00347921,SAPULPA 1 W,US-OK,36.0,-96.13333,1899,1975
USC00347952,SAYRE,US-OK,35.29374,-99.62831,1936,2025
USC00348042,SEMINOLE,US-OK,35.23124,-96.68014,1933,2025
USC00348101,SHATTUCK 1 NW,US-OK,36.2892,-99.8932,1943,1954
USC00348110,SHAWNEE,US-OK,35.3552,-96.92031,1901,2025
USC00348258,SKIATOOK,US-OK,36.365,-96.00278,1944,2001
USC00348285,SMITHVILLE,US-OK,34.46778,-94.64278,1888,2008
USC00348299,SNYDER,US-OK,34.65032,-98.95437,1906,2021
USC00348335,SOUTH GRAND LAKE,US-OK,36.55,-94.9,1942,1954
USC00348380,SPAVINAW,US-OK,36.3894,-95.0597,1923,2025
USC00348416,SPIRO,US-OK,35.245,-94.625,1941,2009
USC00348497,STIGLER 1 SE,US-OK,35.24528,-95.11444,1938,1951
USC00348501,STILLWATER 2 W,US-OK,36.1175,-97.095,1893,2025
USW00003965,STILLWATER REGIONAL AIRPORT,US-OK,36.16238,-97.08931,1996,2025
USC00348587,SULPHUR PLATT NL PK,US-OK,34.5,-96.96667,1917,1978
USC00348627,SUPPLY 1 E,US-OK,36.56667,-99.55,1893,1975
USC00348677,TAHLEQUAH,US-OK,35.9369,-94.9644,1900,2008
USC00348708,TALOGA,US-OK,36.0405,-98.9624,1900,2017
USC00348769,TENKILLER FERRY DAM,US-OK,35.6,-95.05,1949,1979
USC00348879,TIPTON 4 S MESONET,US-OK,34.4397,-99.1376,1938,2025
USC00348884,TISHOMINGO NATIONAL WLR,US-OK,34.20695,-96.64242,1902,2025
USC00348951,TRIBBEY 1 N,US-OK,35.13333,-97.05,1941,1965
USW00013968,TULSA INTERNATIONAL AIRPORT,US-OK,36.19854,-95.87825,1938,2025
USW00053908,TULSA RICHARD L JONES JR AIRPORT,US-OK,36.04243,-95.99016,1998,2025
USC00349017,TURPIN 4 SSE,US-OK,36.8136,-100.8636,1982,2013
USC00349023,TUSKAHOMA,US-OK,34.6147,-95.2802,1917,2013
USC00349086,UNION CITY,US-OK,35.3672,-97.8872,1914,2017
USC00349118,VALLIANT 3 W,US-OK,33.998,-95.1433,1941,2015
USC00349203,VINITA 2 N,US-OK,36.5469,-95.1322,1895,2012
USC00349212,VINSON,US-OK,34.90028,-99.86139,1940,2011
USC00349278,WALTERS,US-OK,34.3604,-98.3006,1914,2013
USC00349364,WATONGA,US-OK,35.8578,-98.4139,1902,2025
USC00349382,WATTS 5 N,US-OK,36.18333,-94.56667,1922,1954
USC00349391,WAUKOMIS,US-OK,36.28333,-97.9,1897,1958
USC00349399,WAURIKA DAM,US-OK,34.23333,-98.05,1987,1997
USC00349404,WAYNOKA,US-OK,36.5758,-98.8797,1938,2025
USC00349422,WEATHERFORD,US-OK,35.5199,-98.6986,1905,2025
USC00349445,WEBBERS FALLS 5 WSW,US-OK,35.48139,-95.20389,1900,2007
USC00349503,WEST BRANCH,US-OK,36.25,-96.65,1944,1975
USC00349571,WETUMKA 3 NE,US-OK,35.26139,-96.20806,1945,2006
USC00349575,WEWOKA 3 SW,US-OK,35.1313,-96.5389,1937,2018
USC00349629,WICHITA MOUNTAIN WLR,US-OK,34.7325,-98.7125,1906,2025
USC00349634,WILBURTON 9 ENE,US-OK,34.96111,-95.17111,1921,2004
USC00349724,WISTER 3 S,US-OK,34.9416,-94.7038,1946,2025
USC00349760,WOODWARD,US-OK,36.4408,-99.3819,1895,2025
USC00349762,WOODWARD FIELD STATION,US-OK,36.41667,-99.4,1936,1979
USC00349773,WYANDOTTE 1 N,US-OK,36.81667,-94.71667,1911,1968
USC00349841,YUBA 2 W,US-OK,33.81667,-96.23333,1948,1975
USC00350036,ADEL,US-OR,42.1762,-119.89571,1956,2025
USC00350041,ADRIAN,US-OR,43.73333,-117.06667,1909,1972
USC00350078,ALBANY,US-OR,44.65,-123.1,1893,1963
USC00350118,ALKALI LAKE,US-OR,42.96751,-119.9933,1961,2025
USC00350190,ANDREWS 23 ESE,US-OR,42.3,-118.21667,1959,1964
USC00350197,ANTELOPE 6 SSW,US-OR,44.8197,-120.7533,1924,2025
USC00350265,ARLINGTON,US-OR,45.7212,-120.2064,1893,2025
USC00350304,ASHLAND,US-OR,42.21306,-122.71478,1892,2025
USC00350318,ASTOR EXPERIMENT STATION,US-OR,46.15,-123.81667,1937,1973
USC00350324,ASTORIA,US-OR,46.183333,-123.83333,1887,1960
USW00094224,ASTORIA AIRPORT PORT OF,US-OR,46.15694,-123.88326,1953,2025
USW00094281,AURORA STATE AIRPORT,US-OR,45.24656,-122.77095,1997,2025
USC00350356,AUSTIN 3 S,US-OR,44.5747,-118.4913,1912,2012
USW00024130,BAKER CITY AIRPORT,US-OR,44.84301,-117.80987,1943,2025
USW00024199,BAKER KBKR,US-OR,44.76667,-117.83333,1928,1981
USC00350471,BANDON 2 NNE,US-OR,43.15024,-124.40032,1897,2025
USC00350699,BEND 7 NE,US-OR,44.1182,-121.2113,1991,2025
USC00350723,BEULAH,US-OR,43.9091,-118.1523,1893,2009
USC00350773,BIRKENFELD 1 N,US-OR,46.0,-123.33333,1939,1969
USC00350781,BLACKBUTTE 1 N,US-OR,43.5947,-123.0705,1900,1965
USC00350858,BOARDMAN,US-OR,45.8472,-119.6933,1971,2025
USC00350897,BONNEVILLE DAM,US-OR,45.6354,-121.9523,1937,2025
USC00351055,BROOKINGS,US-OR,42.04645,-124.28783,1912,2025
USC00351067,BROTHERS,US-OR,43.8094,-120.6,1959,2011
USW00024134,BURNS FEDERAL BUILDING,US-OR,43.58333,-119.05,1939,1980
USW00094185,BURNS MUNICIPAL AIRPORT,US-OR,43.59486,-118.95788,1973,2025
USC00351324,CANARY,US-OR,43.91667,-124.03333,1932,1970
USC00351352,CANYON CITY,US-OR,44.4,-118.95,1893,1953
USC00351407,CASCADE LOCKS,US-OR,45.6779,-121.874,1894,2025
USC00351433,CASCADIA,US-OR,44.3913,-122.4811,1908,2012
USC00351448,CAVE JUNCTION 1 WNW,US-OR,42.1597,-123.6422,1962,2016
USC00351546,CHEMULT,US-OR,43.2291,-121.7894,1937,2018
USC00351552,CHERRY GROVE 2 S,US-OR,45.41667,-123.25,1936,1983
USC00351571,CHILOQUIN,US-OR,42.58333,-121.86667,1913,1979
USC00351682,CLOVERDALE,US-OR,45.205,-123.8925,1940,2025
USC00351765,CONDON,US-OR,45.2408,-120.179,1894,2018
USC00351834,COQUILLE,US-OR,43.16667,-124.2,1942,1954
USC00351852,CORNUCOPIA,US-OR,45.0,-117.2,1909,1972
USC00351862,CORVALLIS STATE UNIVERSITY,US-OR,44.6341,-123.19,1893,2025
USC00351877,CORVALLIS WATER BUREAU,US-OR,44.5077,-123.4575,1936,2025
USC00351897,COTTAGE GROVE 2 E,US-OR,43.7916,-123.0275,1916,2025
USC00351902,COTTAGE GROVE DAM,US-OR,43.7178,-123.0578,1943,2025
USC00351926,COVE 1 E,US-OR,45.30798,-117.79255,1917,2024
USC00351946,CRATER LAKE NPS HQ,US-OR,42.89765,-122.13387,1919,2025
USC00351978,CRESCENT LAKE JUNCTN,US-OR,43.53333,-121.93333,1938,1973
USC00352018,DAIRY 3 NE YONNA,US-OR,42.26667,-121.46667,1949,1953
USC00352112,DALLAS 2 NE,US-OR,44.9464,-123.2911,1928,2025
USC00352135,DANNER,US-OR,42.9447,-117.3389,1929,2011
USC00352168,DAYVILLE,US-OR,44.46667,-119.53333,1895,1978
USC00352173,DAYVILLE 8 NW,US-OR,44.5563,-119.6447,1978,2023
USC00352277,DETROIT,US-OR,44.73333,-122.15,1894,1972
USC00352290,DETROIT,US-OR,44.73333,-122.23333,1949,1954
USC00352292,DETROIT DAM,US-OR,44.7241,-122.2547,1954,2025
USC00352305,DIAMOND 4 WNW,US-OR,43.03333,-118.75,1893,1957
USC00352345,DISSTON 1 NE LAYING CREEK,US-OR,43.7077,-122.7394,1923,1975
USC00352374,DORENA,US-OR,43.7822,-122.963,1948,2025
USC00352406,DRAIN,US-OR,43.65917,-123.32513,1902,2025
USC00352415,DREWSEY,US-OR,43.8081,-118.3776,1970,2014
USC00352440,DUFUR,US-OR,45.4538,-121.1303,1904,2015
USC00352482,DURKEE 3 NNW,US-OR,44.61667,-117.48333,1948,1976
USC00352564,ECHO,US-OR,45.75,-119.18333,1903,1971
USC00352597,ELGIN,US-OR,45.567,-117.924,1937,2009
USC00352633,ELKTON 3 SW,US-OR,43.5991,-123.5991,1936,2008
USC00352672,ENTERPRISE RANGER STATION,US-OR,45.4256,-117.2972,1931,1981
USC00352693,ESTACADA 2 SE,US-OR,45.2695,-122.3168,1909,2025
USW00024221,EUGENE MAHLON SWEET FIELD,US-OR,44.13311,-123.21563,1938,2025
USC00352800,FALLS CITY 2 SSW,US-OR,44.8358,-123.4525,1896,2025
USC00352867,FERN RIDGE VENETA,US-OR,44.0494,-123.3702,1943,2025
USC00352928,FISH LAKE,US-OR,42.38333,-122.35,1918,1956
USC00352997,FOREST GROVE,US-OR,45.5247,-123.1025,1893,2025
USC00353022,FORT KLAMATH 7 SW,US-OR,42.61667,-122.08333,1953,1965
USC00353058,FOX,US-OR,44.65,-119.15,1949,1957
USC00353095,FREMONT 5 NW,US-OR,43.39361,-121.21222,1909,1996
USC00353121,FRIEND 1 W,US-OR,45.35,-121.26667,1923,1976
USC00353232,GERBER DAM,US-OR,42.20516,-121.13136,1925,2022
USC00353402,GOVERNMENT CAMP,US-OR,45.3008,-121.7425,1951,2025
USC00353430,GRANITE 4 WSW,US-OR,44.8,-118.5,1905,1967
USC00353445,GRANTS PASS,US-OR,42.42382,-123.32193,1893,2025
USC00353542,GRIZZLY,US-OR,44.5181,-120.9401,1934,2025
USC00353604,HALFWAY,US-OR,44.8773,-117.1095,1936,2025
USC00353659,HARNEY BRANCH EXPERI,US-OR,43.58333,-118.93333,1922,1954
USC00353666,HARPER,US-OR,43.86667,-117.61667,1919,1975
USC00353692,HART MOUNTAIN REFUGE,US-OR,42.54874,-119.65579,1939,2025
USC00353705,HASKINS DAM,US-OR,45.3127,-123.35,1931,2025
USC00353770,HEADWORKS PORTLAND WATER B,US-OR,45.4486,-122.1547,1899,2025
USC00353827,HEPPNER,US-OR,45.3653,-119.5639,1893,2025
USC00353847,HERMISTON 1 SE,US-OR,45.82889,-119.26361,1906,1998
USW00004113,HERMISTON MUNICIPAL AIRPORT,US-OR,45.8259,-119.26121,1998,2025
USC00353908,HILLSBORO,US-OR,45.51389,-122.99,1929,2003
USC00353971,HOLLEY,US-OR,44.3525,-122.7842,1940,2025
USC00354003,HOOD RIVER EXPERIMENT STATION,US-OR,45.6847,-121.5175,1893,2025
USC00354060,HOWARD PRAIRIE DAM,US-OR,42.21525,-122.37193,1960,2025
USC00354066,HOWARDVILLE,US-OR,45.65,-117.66667,1948,1955
USC00354098,HUNTINGTON,US-OR,44.3564,-117.2549,1901,2016
USC00354133,ILLAHE,US-OR,42.62861,-124.0575,1938,2007
USC00354161,IONE 18 S,US-OR,45.3166,-119.8814,1935,2012
USC00354175,IRONSIDE 2 W,US-OR,44.32472,-117.99639,1955,2004
USC00354291,JOHN DAY,US-OR,44.4233,-118.9594,1903,2025
USC00354329,JOSEPH,US-OR,45.34982,-117.22419,1893,2025
USC00354403,KENO,US-OR,42.09454,-121.90211,1927,2025
USC00354411,KENT,US-OR,45.19667,-120.69944,1922,2004
USC00354506,KLAMATH FALLS 2 SSW,US-OR,42.20083,-121.78139,1887,2001
USW00094236,KLAMATH FALLS INTERNATIONAL AIRPORT,US-OR,42.14702,-121.72553,1959,2025
USW00024224,KLAMATH FALLS KINGSLEY FIELD,US-OR,42.16667,-121.73333,1948,1959
USC00354615,LA GRANDE,US-OR,45.33333,-118.11667,1948,1965
USC00354622,LA GRANDE,US-OR,45.3167,-118.0747,1965,2025
USW00024148,LA GRANDE MUNICIPAL AIRPORT,US-OR,45.28333,-118.0,1949,2025
USC00354603,LACOMB 1 WNW,US-OR,44.58333,-122.75,1941,1973
USC00354606,LACOMB 3 NNE,US-OR,44.625,-122.7191,1973,2025
USC00354632,LAKE 2 N,US-OR,43.26667,-120.63333,1909,1978
USC00354635,LAKE CREEK 6 SE,US-OR,42.36667,-122.53333,1917,1953
USC00354670,LAKEVIEW 2 NNW,US-OR,42.2414,-120.3677,1887,2013
USC00354811,LEABURG 1 SW,US-OR,44.1013,-122.6886,1933,2025
USC00354835,LEMOLO LAKE 3 NNW,US-OR,43.35947,-122.22033,1978,2025
USC00355020,LONG CREEK,US-OR,44.7135,-119.1018,1908,2021
USC00355050,LOOKOUT POINT DAM,US-OR,43.9139,-122.76,1955,2025
USC00355074,LOWELL 1 E,US-OR,43.91667,-122.76667,1946,1955
USC00355139,MADRAS,US-OR,44.6236,-121.1101,1909,2025
USC00355142,MADRAS 2 N,US-OR,44.6634,-121.146,1952,2014
USC00355160,MALHEUR BRANCH EXPERIMENT STATION,US-OR,43.9794,-117.0247,1942,2022
USC00355162,MALHEUR REFUGE HEADQUARTERS,US-OR,43.265,-118.8447,1959,2025
USC00358924,MALHEUR REFUGE HEADQUARTERS,US-OR,43.28333,-118.83333,1937,1959
USC00355174,MALIN 5 E,US-OR,42.00778,-121.31861,1968,2007
USC00355221,MARION FORKS FISH HATCHERY,US-OR,44.6125,-121.9486,1948,2025
USC00355332,MC CREDIE SPRINGS,US-OR,43.7,-122.28333,1920,1950
USC00355335,MC DERMITT 26 N,US-OR,42.4106,-117.8656,1955,2019
USC00355384,MC MINNVILLE,US-OR,45.22139,-123.16222,1894,2015
USC00355384,MC MINNVILLE,US-OR,45.22139,-123.16222,1894,2015
USC00355389,MC NARY DAM,US-OR,45.91667,-119.3,1948,1954
USC00355362,MCKENZIE RIVER RANGER STATION,US-OR,44.1793,-122.1164,1902,2025
USW00094273,MCMINNVILLE MUNICIPAL AIRPORT,US-OR,45.19572,-123.13381,1997,2025
USW00024152,MEACHAM,US-OR,45.511788,-118.424647,1948,2025
USC00355424,MEDFORD EXPERIMENT STATION,US-OR,42.29611,-122.87,1937,2003
USC00355424,MEDFORD EXPERIMENT STATION,US-OR,42.29611,-122.87,1937,2003
USW00024225,MEDFORD INTERNATIONAL AIRPORT,US-OR,42.37503,-122.87702,1928,2025
USC00355505,MERRILL 2 NW,US-OR,42.05,-121.63333,1949,1968
USC00355515,METOLIUS 1 W,US-OR,44.58333,-121.18333,1911,1993
USC00355545,MIKKALO 6 W,US-OR,45.46667,-120.35,1948,1994
USC00355545,MIKKALO 6 W,US-OR,45.46667,-120.35,1948,1994
USC00355598,MILTON 5 SE,US-OR,45.88333,-118.28333,1948,1950
USC00355593,MILTON FREEWATER,US-OR,45.9428,-118.4089,1928,2025
USC00355610,MINAM 7 NE,US-OR,45.68333,-117.6,1955,1985
USC00355641,MITCHELL 2 NW,US-OR,44.58333,-120.18333,1906,1994
USC00355656,MODOC ORCHARD,US-OR,42.45,-122.88333,1915,1966
USC00355677,MOLALLA,US-OR,45.15,-122.56667,1935,1976
USC00355711,MONUMENT 2,US-OR,44.8185,-119.42,1961,2020
USC00355726,MORGAN 3 NE,US-OR,45.58333,-119.88333,1923,1979
USC00355734,MORO,US-OR,45.4825,-120.7236,1897,2025
USC00356151,N WILLAMETTE EXPERIMENTAL STATION,US-OR,45.28167,-122.75167,1963,2007
USW00024285,NEWPORT,US-OR,44.643,-124.0555,1893,2012
USW00024284,NORTH BEND SOUTHWEST OREGON REGIONAL AIRPORT,US-OR,43.41333,-124.24361,1902,2025
USC00356179,NYSSA,US-OR,43.8764,-116.9903,1937,2020
USC00356302,O O RANCH,US-OR,43.2783,-119.3111,1941,2011
USC00356213,OAKRIDGE FISH HATCHERY,US-OR,43.743,-122.4438,1914,2025
USC00356243,OCHOCO RANGER STATION,US-OR,44.3963,-120.4264,1909,2004
USC00356251,ODELL LAKE,US-OR,43.58333,-122.05,1948,1980
USC00356254,ODELL LAKE WATER PAN,US-OR,43.58333,-122.05,1945,1959
USW00024162,ONTARIO,US-OR,44.01423,-117.00808,1997,2025
USC00356294,ONTARIO KSRV,US-OR,44.0438,-116.9716,1903,2011
USC00356334,OREGON CITY,US-OR,45.3558,-122.6047,1911,2025
USC00356366,OTIS 2 NE,US-OR,45.0333,-123.9238,1948,2023
USC00356405,OWYHEE DAM,US-OR,43.6501,-117.2466,1935,2025
USC00356853,P RANCH REFUGE,US-OR,42.808,-118.8778,1897,2011
USC00356426,PAISLEY,US-OR,42.6922,-120.5403,1892,2019
USC00356464,PARKDALE,US-OR,45.51667,-121.58333,1912,1969
USC00356500,PAULINA,US-OR,44.13278,-119.99722,1961,2005
USC00356532,PELTON DAM,US-OR,44.7246,-121.2463,1958,2025
USC00356540,PENDLETON BRANCH EXPERIMENTAL STATION,US-OR,45.7206,-118.6264,1932,2025
USC00356541,PENDLETON DOWNTOWN,US-OR,45.6703,-118.7964,1892,2019
USW00024155,PENDLETON E OR REGIONAL AIRPORT,US-OR,45.6975,-118.83446,1928,2025
USC00356550,PENDLETON WEATHER FORECAST OFFICE,US-OR,45.691,-118.8523,2003,2025
USC00356634,PILOT ROCK 1 SE,US-OR,45.4756,-118.8253,1908,2023
USC00356717,PLUSH,US-OR,42.41667,-119.9,1910,1961
USC00356779,PORT ORFORD 2,US-OR,42.74586,-124.50027,1905,1963
USW00094261,PORTLAND HILLSBORO AIRPORT,US-OR,45.54762,-122.95572,1998,2025
USW00024229,PORTLAND INTERNATIONAL AIRPORT,US-OR,45.59578,-122.60919,1936,2025
USW00024274,PORTLAND REGIONAL FORECAST OFFICE CITY,US-OR,45.53333,-122.66667,1871,1973
USW00024242,PORTLAND TROUTDALE AIRPORT,US-OR,45.55098,-122.40984,1998,2025
USC00356820,POWERS,US-OR,42.88841,-124.06934,1932,2025
USC00356883,PRINEVILLE,US-OR,44.30048,-120.84063,1897,2024
USC00356907,PROSPECT 2 SW,US-OR,42.73309,-122.51632,1905,2025
USC00356982,RAGER RANGER STATION,US-OR,44.23333,-119.73333,1962,1974
USC00357052,REDMOND 2 W,US-OR,44.26667,-121.21667,1911,1980
USW00024230,REDMOND AIRPORT,US-OR,44.2558,-121.1407,1948,2025
USC00357082,REEDSPORT,US-OR,43.7,-124.11667,1937,1983
USC00357127,REX 1 S,US-OR,45.3033,-122.9133,1948,2025
USC00357160,RICHLAND,US-OR,44.7656,-117.1597,1893,2015
USC00357169,RIDDLE,US-OR,42.95094,-123.35733,1899,2025
USC00357208,RIVERSIDE 7 SSW,US-OR,43.4508,-118.2244,1897,2012
USC00357250,ROCK CREEK,US-OR,44.90944,-118.0625,1920,2010
USC00357285,ROCKY POINT 3 S,US-OR,42.43333,-122.08333,1966,1975
USC00357310,ROME 2 NW,US-OR,42.8592,-117.6569,1950,2025
USW00094107,ROME STATE AIRPORT,US-OR,42.590187,-117.864564,1949,2025
USW00024231,ROSEBURG REGIONAL AIRPORT,US-OR,43.23367,-123.35775,1899,2025
USC00357354,ROUND GROVE,US-OR,42.34139,-120.88944,1920,1998
USW00024232,SALEM AIRPORT MCNARY FIELD,US-OR,44.90488,-123.00103,1892,2025
USC00357559,SANTIAM PASS,US-OR,44.41667,-121.86667,1946,1985
USW00004201,SCAPPOOSE INDUSTRIAL AIRPORT,US-OR,45.76908,-122.86368,1998,2025
USC00357631,SCOTTS MILLS 9 SE,US-OR,44.9527,-122.525,1956,2001
USC00357641,SEASIDE,US-OR,45.9869,-123.9236,1930,2025
USC00357675,SENECA,US-OR,44.1383,-118.975,1908,2021
USW00024235,SEXTON SUMMIT,US-OR,42.6,-123.3667,1948,2025
USC00357809,SILVER CREEK FALLS,US-OR,44.8727,-122.6486,1938,2025
USC00357817,SILVER LAKE RANGER STATION,US-OR,43.1247,-121.06153,1968,2020
USC00357827,SILVERTON 4 SE,US-OR,44.96667,-122.73333,1899,1962
USC00357835,SIMNASHO,US-OR,44.96667,-121.35,1950,1967
USC00357857,SISTERS,US-OR,44.2842,-121.5486,1958,2024
USC00357866,SITKUM 1 E,US-OR,43.1533,-123.833,1944,1969
USC00358007,SPRAGUE RIVER 2 SE,US-OR,42.43056,-121.48917,1953,2001
USC00358029,SQUAW BUTTE NORTHERN GREAT BASIN EXPERIMENTAL RANGE,US-OR,43.487,-119.7211,1937,2025
USC00358095,STAYTON,US-OR,44.7894,-122.815,1951,2025
USC00358173,SUMMER LAKE 1 S,US-OR,42.95508,-120.78696,1957,2025
USC00358182,SUMMIT,US-OR,44.6369,-123.5786,1909,1995
USC00358190,SUMMIT GUARD STATION,US-OR,45.3,-121.75,1895,1951
USC00358221,SUNDOWN RANCH,US-OR,44.95,-122.5,1931,1955
USC00358246,SUNRIVER,US-OR,43.8841,-121.4467,1998,2024
USC00358338,TALENT,US-OR,42.25,-122.8,1913,1960
USC00358407,THE DALLES,US-OR,45.6069,-121.2047,1893,2025
USC00358420,THE POPLARS,US-OR,43.26408,-120.94493,1941,2025
USC00358466,THREE LYNX,US-OR,45.12301,-122.07008,1923,2025
USC00358481,TIDEWATER,US-OR,44.41222,-123.90222,1940,2002
USC00358494,TILLAMOOK,US-OR,45.454,-123.8519,1948,2022
USW00024254,TILLAMOOK NAS,US-OR,45.41667,-123.8,1945,1948
USC00358522,TIMBER,US-OR,45.71667,-123.3,1924,1976
USC00358530,TIMBERLINE LODGE,US-OR,45.35,-121.7,1938,1951
USC00358536,TOKETEE FALLS,US-OR,43.27528,-122.45031,1953,2025
USC00358588,TRAIL 12 NE,US-OR,42.78333,-122.66667,1951,1970
USC00358634,TROUTDALE,US-OR,45.5533,-122.3886,1948,2025
USC00358632,TROUTDALE 2,US-OR,45.53333,-122.38333,1956,1959
USC00358726,UKIAH,US-OR,45.13586,-118.93888,1922,2019
USC00358734,UMATILLA,US-OR,45.91667,-119.35,1892,1965
USC00358746,UNION,US-OR,45.19852,-117.86484,1911,2025
USC00358780,UNITY,US-OR,44.4367,-118.1886,1908,2007
USC00358797,VALE,US-OR,43.9814,-117.2439,1893,2013
USC00358812,VALLEY FALLS,US-OR,42.48444,-120.28222,1910,2003
USC00358833,VALSETZ,US-OR,44.83333,-123.66667,1926,1986
USC00358879,VERNONIA,US-OR,45.86667,-123.2,1893,1967
USC00358884,VERNONIA NUMBER 2,US-OR,45.8652,-123.1902,1967,2025
USC00358948,WAGONTIRE,US-OR,43.25,-119.88333,1960,1986
USC00358985,WALLA WALLA 13 ESE,US-OR,45.99,-118.0511,1948,1990
USC00358997,WALLOWA,US-OR,45.5731,-117.5312,1903,2025
USC00359046,WARM SPRINGS RESERVR,US-OR,43.56667,-118.2,1927,1974
USC00359051,WARREN,US-OR,45.81667,-122.85,1950,1976
USC00359068,WASCO,US-OR,45.5958,-120.7001,1907,2015
USC00359208,WEST LINN,US-OR,45.33333,-122.65,1936,1968
USC00359176,WESTFALL,US-OR,43.9904,-117.7184,1962,2010
USC00359216,WESTON 2 SE,US-OR,45.8,-118.4,1893,1954
USC00359219,WESTON 5 ESE,US-OR,45.8,-118.33333,1955,1982
USC00359316,WICKIUP DAM,US-OR,43.6825,-121.6874,1941,2024
USC00359324,WICOPEE,US-OR,43.66667,-122.26667,1927,1954
USC00359372,WILLAMINA,US-OR,45.0747,-123.48,1935,2025
USC00359390,WILLIAMS 1 NW,US-OR,42.22744,-123.28657,1892,2023
USC00359461,WINCHESTER,US-OR,43.28265,-123.35371,1950,2025
USC00359616,ZIGZAG RANGER STATION,US-OR,45.35,-121.93333,1908,1953
USC00360022,ACMETONIA LOCK 3,US-PA,40.5361,-79.8152,1905,2025
USC00360062,ALBION,US-PA,41.9,-80.36667,1944,1955
USC00360111,ALLENTOWN GAS COMPAN,US-PA,40.6,-75.46667,1912,1965
USW00014737,ALLENTOWN LEHIGH VALLEY INTERNATIONAL AIRPORT,US-PA,40.64984,-75.44773,1948,2025
USC00360140,ALTOONA 3 W,US-PA,40.4949,-78.4667,1967,2025
USW00014736,ALTOONA BLAIR CO AIRPORT,US-PA,40.29993,-78.3168,1949,2025
USC00360134,ALTOONA HORSESHOE CU,US-PA,40.5,-78.48333,1893,1967
USC00360256,ARTEMAS,US-PA,39.75,-78.43333,1950,1953
USC00360355,BAKERSTOWN 3 WNW,US-PA,40.65,-79.98333,1948,1990
USC00360409,BARNES,US-PA,41.66778,-79.01861,1940,1991
USC00360475,BEAVER FALLS 1 NE,US-PA,40.7628,-80.3133,1908,2025
USC00360482,BEAVERTOWN 1 NE,US-PA,40.7741,-77.1574,1946,2015
USC00360530,BELLEFONTE 4 S,US-PA,40.85,-77.78333,1900,1973
USC00360560,BELTZVILLE DAM,US-PA,40.862,-75.64291,1971,2025
USC00360611,BERWICK,US-PA,41.06667,-76.25,1944,1978
USC00360629,BETHLEHEM,US-PA,40.61667,-75.38333,1940,1981
USC00360634,BETHLEHEM LEHIGH UNI,US-PA,40.6,-75.36667,1894,1964
USC00360656,BIGLERVILLE,US-PA,39.93468,-77.25459,1972,2025
USC00360738,BLAIRSVILLE 5 E,US-PA,40.43333,-79.15,1976,1986
USC00360736,BLAIRSVILLE 6 ENE,US-PA,40.45,-79.15,1936,1976
USC00360763,BLOSERVILLE 1 N,US-PA,40.26361,-77.36389,1912,2007
USC00360861,BRADDOCK LOCK 2,US-PA,40.3916,-79.8594,1943,2025
USC00360868,BRADFORD 4 SW RES 5,US-PA,41.89801,-78.71431,1934,2025
USC00360867,BRADFORD CENTRAL FIR,US-PA,41.95,-78.65,1910,2008
USW00004751,BRADFORD REGIONAL AIRPORT,US-PA,41.79835,-78.63543,1957,2025
USC00360905,BREEZEWOOD,US-PA,40.0,-78.23333,1941,1967
USW00014741,BROOKVILLE FAA AIRPORT,US-PA,41.15,-79.1,1926,1962
USC00361033,BRUCETON 1 S,US-PA,40.3,-79.98333,1935,1993
USC00361073,BUCKSTOWN 1 SE,US-PA,40.0631,-78.8422,1943,2012
USC00361080,BUCKSVILLE,US-PA,40.49994,-75.20406,1978,2023
USC00361087,BUFFALO MILLS,US-PA,39.9459,-78.6458,1924,2012
USC00361105,BURGETTSTOWN 2 W,US-PA,40.38333,-80.43333,1948,1989
USC00361115,BURNT CABINS 2 NE,US-PA,40.08333,-77.86667,1941,1978
USC00361130,BUTLER,US-PA,40.86667,-79.9,1899,1965
USC00361139,BUTLER 2 SW,US-PA,40.8415,-79.9163,1967,2020
USC00361198,CAMP HILL,US-PA,40.25,-76.91667,1944,1961
USC00361212,CANTON,US-PA,41.6516,-76.8463,1976,2025
USC00361234,CARLISLE,US-PA,40.2,-77.21667,1846,1980
USC00361255,CARROLLTOWN 1 NNE,US-PA,40.58333,-78.7,1943,1990
USC00363226,CASHTOWN 1 S,US-PA,39.88146,-77.35063,2011,2025
USC00361350,CHALK HILL 2 ENE,US-PA,39.848,-79.5898,1977,2017
USC00361354,CHAMBERSBURG 1 ESE,US-PA,39.92846,-77.63722,1894,2025
USC00361377,CHARLEROI LOCK 4,US-PA,40.1468,-79.8986,1931,2025
USC00361512,CLAYSVILLE 3 W,US-PA,40.11667,-80.46667,1904,1971
USC00361519,CLEARFIELD,US-PA,41.01667,-78.45,1904,2001
USW00054792,CLEARFIELD LAWRENCE AIRPORT,US-PA,41.04647,-78.4112,2000,2025
USC00361526,CLERMONT 1 NW,US-PA,41.69965,-78.49783,2000,2025
USC00361589,COATESVILLE 1 SW,US-PA,39.96667,-75.83333,1894,1982
USC00361675,COLUMBIA,US-PA,40.03333,-76.5,1943,1959
USC00361705,CONFLUENCE 1 SW DAM,US-PA,39.7994,-79.3665,1946,2025
USC00361720,CONNEAUTVILLE,US-PA,41.75,-80.36667,1959,1976
USC00361719,CONNEAUTVILLE 4 ESE,US-PA,41.73333,-80.28333,1976,1995
USC00361737,CONSHOHOCKEN,US-PA,40.0744,-75.3179,1923,2025
USC00361751,COOKSBURG 2 NW,US-PA,41.35579,-79.21723,1994,2024
USC00361749,COOKSBURG RIVER,US-PA,41.33056,-79.20917,1955,1991
USC00361773,CORAOPOLIS NEVILLE ISLAND,US-PA,40.5,-80.08333,1906,1989
USC00361790,CORRY,US-PA,41.91667,-79.63333,1893,1997
USC00361804,COUDERSPORT 1 NNE,US-PA,41.78333,-78.01667,1903,1954
USC00361809,COUDERSPORT 7 E,US-PA,41.76667,-77.88333,1946,1973
USC00361810,COUDERSPORT 7 SE,US-PA,41.7391,-77.971,2005,2023
USC00361838,COWANESQUE DAM,US-PA,41.99059,-77.15655,1993,2025
USC00361881,CREEKSIDE,US-PA,40.68333,-79.2,1920,1992
USW00014746,CURWENSVILLE,US-PA,41.05,-78.58333,1943,1952
USC00362013,DANVILLE,US-PA,40.9591,-76.6176,1939,2011
USC00362108,DERRY 4 SW,US-PA,40.3,-79.33333,1896,2008
USC00362183,DONEGAL 2 NW,US-PA,40.1276,-79.4059,1943,2025
USC00362190,DONORA 1 SW,US-PA,40.1636,-79.8694,1926,2025
USC00362221,DOYLESTOWN,US-PA,40.3,-75.13333,1899,1988
USW00054786,DOYLESTOWN AIRPORT,US-PA,40.33015,-75.12284,1999,2025
USC00366879,DREXEL UNIVERSITY,US-PA,39.95,-75.18333,1948,1985
USC00362265,DU BOIS 7 E,US-PA,41.1,-78.63333,1937,1974
USW00004787,DUBOIS REGIONAL AIRPORT,US-PA,41.17947,-78.89326,1962,2025
USC00362323,DUSHORE,US-PA,41.5216,-76.4043,1948,2025
USC00362343,EAGLES MERE,US-PA,41.4,-76.58333,1941,1987
USC00362363,EAST BRADY,US-PA,40.98333,-79.61667,1918,1977
USC00368596,EAST STROUDSBURG,US-PA,41.01478,-75.20712,1910,2025
USC00362442,EAST STROUDSBURG UNIVERSITY,US-PA,41.0,-75.16667,1975,1985
USC00362459,EAST WATERFORD 3 E,US-PA,40.35,-77.55,1937,1955
USC00362466,EBENSBURG,US-PA,40.48333,-78.71667,1917,1963
USC00362514,EDINBORO,US-PA,41.86667,-80.13333,1893,1962
USC00362537,EISENHOWER NHS,US-PA,39.805,-77.2292,1982,2010
USC00362629,EMPORIUM,US-PA,41.50667,-78.2275,1969,2008
USC00362633,EMPORIUM 1 E,US-PA,41.51667,-78.21667,1894,1956
USC00362662,EPHRATA,US-PA,40.16667,-76.16667,1899,1984
USW00014860,ERIE INTERNATIONAL AIRPORT,US-PA,42.08026,-80.18236,1926,2025
USC00362721,EVERETT,US-PA,40.00872,-78.35854,1897,2025
USC00362814,FARRELL SHARON,US-PA,41.21667,-80.51667,1911,1980
USC00362942,FORD CITY 4 S DAM,US-PA,40.71507,-79.51345,1943,2025
USC00363018,FRANCIS E WALTER DAM,US-PA,41.1184,-75.7277,1963,2025
USC00363028,FRANKLIN,US-PA,41.4004,-79.8305,1897,2025
USC00363047,FREDERICKSVILLE 2 SE,US-PA,40.43333,-75.66667,1937,1955
USC00363056,FREELAND,US-PA,41.01667,-75.9,1914,1989
USC00363130,GALETON,US-PA,41.7356,-77.6516,1931,2025
USC00363200,GEORGE SCHOOL,US-PA,40.21667,-74.93333,1906,1978
USC00363211,GERMANIA,US-PA,41.65,-77.66667,1973,1985
USC00363218,GETTYSBURG,US-PA,39.83333,-77.23333,1892,1982
USC00363310,GLEN HAZEL 1 NE DAM,US-PA,41.55,-78.6,1948,1952
USC00363311,GLEN HAZEL 2 NE DAM,US-PA,41.56067,-78.59943,1942,2025
USC00363343,GLENWILLARD DASHIELDS LOCK AND DAM,US-PA,40.54886,-80.20578,1944,2025
USC00363379,GORDON,US-PA,40.75,-76.33333,1903,1955
USW00014809,GREATER PITTSBURGH AFB,US-PA,40.48333,-80.21667,1947,1952
USC00363503,GREENSBORO LOCK 7,US-PA,39.78333,-79.91667,1888,1996
USC00363510,GREENSBURG 2 S,US-PA,40.26667,-79.55,1908,1952
USC00363526,GREENVILLE 2 NE,US-PA,41.41667,-80.36667,1894,1997
USC00361572,GREENWOOD RESERVOIR,US-PA,40.83333,-75.93333,1942,1959
USC00363632,HAMBURG,US-PA,40.55156,-75.99105,1894,2021
USC00363662,HANOVER,US-PA,39.8,-76.98333,1904,1993
USW00014751,HARRISBURG CAPITAL CITY AIRPORT,US-PA,40.21843,-76.85521,1939,2025
USC00363758,HAWLEY 1 E,US-PA,41.4764,-75.1652,1897,2017
USC00364733,HAWLEY 4 SW,US-PA,41.45,-75.26667,1928,1972
USW00054782,HERITAGE FIELD AIRPORT,US-PA,40.23803,-75.55485,1999,2025
USC00364008,HOLLISTERVILLE,US-PA,41.38333,-75.43333,1928,2001
USC00364019,HOLTWOOD,US-PA,39.83333,-76.33333,1914,1999
USC00364043,HONESDALE 4 NW,US-PA,41.61667,-75.31667,1944,1996
USC00364066,HOP BOTTOM 2 SE,US-PA,41.71667,-75.71667,1944,1974
USC00364076,HOPEWELL MORGANTOWN,US-PA,40.15917,-75.88556,1979,2002
USC00364159,HUNTINGDON,US-PA,40.5153,-78.0025,1894,2012
USC00364219,INDIANA,US-PA,40.61667,-79.16667,1896,1953
USC00364214,INDIANA 3 SE,US-PA,40.5972,-79.1186,1946,2025
USC00364276,IRWIN,US-PA,40.33333,-79.7,1896,1958
USC00364325,JAMESTOWN 2 NW,US-PA,41.4992,-80.4681,1931,2025
USC00365479,JIM THORPE,US-PA,40.86667,-75.75,1893,1954
USC00364385,JOHNSTOWN,US-PA,40.33333,-78.91667,1892,1993
USW00004726,JOHNSTOWN CAMBRIA CO AIRPORT,US-PA,40.31488,-78.83075,2000,2025
USC00364432,KANE 1 NNE,US-PA,41.67697,-78.80358,1894,2025
USC00364481,KEGG,US-PA,39.98333,-78.71667,1951,1991
USC00364611,KITTANNING LOCK 7,US-PA,40.81667,-79.53333,1951,2013
USC00364758,LANCASTER,US-PA,40.05,-76.28333,1894,1974
USC00364768,LANCASTER 3 NE,US-PA,40.06667,-76.28333,1948,1952
USW00054737,LANCASTER AIRPORT,US-PA,40.12061,-76.29446,1999,2025
USC00364778,LANDISVILLE 2 NW,US-PA,40.11903,-76.4265,1952,2025
USC00364832,LATROBE,US-PA,40.31667,-79.38333,1928,1956
USC00364873,LAWRENCEVILLE 2 S,US-PA,41.96667,-77.13333,1896,1974
USC00364972,LE ROY,US-PA,41.68333,-76.71667,1893,1997
USC00364896,LEBANON 2 W,US-PA,40.33729,-76.46157,1948,2025
USC00364891,LEBANON 4 WNW,US-PA,40.33333,-76.48333,1894,1962
USC00364934,LEHIGHTON 1 SSW,US-PA,40.8223,-75.6962,1934,2025
USC00364992,LEWISTOWN,US-PA,40.5864,-77.5692,1938,2025
USC00365050,LINESVILLE 1 S,US-PA,41.6458,-80.425,1920,2020
USC00365104,LOCK HAVEN,US-PA,41.13333,-77.41667,1890,1977
USC00365109,LOCK HAVEN SEWAGE PLANT,US-PA,41.13206,-77.43558,1948,2025
USC00365160,LONG POND POCONO LAKE,US-PA,41.11917,-75.54806,1947,2000
USC00365212,LOYALHANNA LAKE,US-PA,40.4586,-79.4503,1980,2025
USC00365344,MAHANOY CITY 2 N,US-PA,40.83435,-76.14374,1972,2025
USC00365390,MARCUS HOOK,US-PA,39.8253,-75.4283,1919,2013
USC00365408,MARION CENTER 2 SE,US-PA,40.75,-79.03333,1940,1994
USC00365470,MATAMORAS,US-PA,41.3913,-74.7173,1904,2012
USC00365534,MC CONNELLSTOWN 4 NW,US-PA,40.5,-78.13333,1940,1950
USC00365573,MCKEESPORT,US-PA,40.3391,-79.8604,1928,2020
USC00365606,MEADVILLE 1 S,US-PA,41.63333,-80.16667,1928,1999
USW00004843,MEADVILLE PORT MEADVILLE AIRPORT,US-PA,41.62584,-80.21231,1997,2025
USC00365651,MERCER,US-PA,41.2246,-80.2349,1950,2010
USW00014812,MERCER WEATHER BUREAU AIRPORT,US-PA,41.28333,-80.2,1948,1948
USC00365662,MERCERSBURG 1 E,US-PA,39.83333,-77.9,1928,1990
USW00014711,MIDDLETOWN HARRISBURG INTERNATIONAL AIRPORT,US-PA,40.1962,-76.77249,1941,2025
USC00365790,MILLHEIM,US-PA,40.8847,-77.475,1949,2025
USC00365915,MONTROSE,US-PA,41.8511,-75.8583,1903,2009
USC00365956,MORGANTOWN,US-PA,40.158,-75.8862,1951,2022
USC00366022,MOUNT DAVIS,US-PA,39.7996,-79.1884,1996,2011
USC00366028,MOUNT GRETNA 2 SE,US-PA,40.23333,-76.43333,1951,1972
USC00366042,MOUNT PLEASANT,US-PA,40.21556,-79.49944,1981,2011
USC00366055,MOUNT POCONO 2 N,US-PA,41.15,-75.36667,1901,1960
USC00366111,MURRYSVILLE 2 SW,US-PA,40.412,-79.7245,1948,2025
USC00366126,MYERSTOWN,US-PA,40.3674,-76.3064,1938,2017
USC00366151,NATRONA LOCK 4,US-PA,40.6141,-79.7193,1927,2025
USC00366174,NEFFS MILLS 3 NE,US-PA,40.66667,-77.91667,1941,1954
USC00366194,NESHAMINY FALLS,US-PA,40.14831,-74.95298,1915,2025
USC00366233,NEW CASTLE 1 N,US-PA,41.0172,-80.3615,1892,2020
USC00366310,NEW STANTON 1 SW,US-PA,40.2033,-79.6274,1952,2025
USC00366326,NEW TRIPOLI 4 E,US-PA,40.68333,-75.68333,1938,1982
USC00366225,NEWBURG 3 W,US-PA,40.15,-77.61667,1941,1959
USC00366246,NEWELL,US-PA,40.08333,-79.9,1901,1980
USC00366297,NEWPORT RIVER,US-PA,40.4784,-77.1292,1924,1992
USC00366396,NORTH EAST 2 SE,US-PA,42.2,-79.81667,1950,1978
USW00094732,NORTHEAST PHILADELPHIA AIRPORT,US-PA,40.07892,-75.01336,1945,2025
USC00366621,ORWELL 3 N,US-PA,41.91667,-76.26667,1944,1960
USC00366689,PALMERTON,US-PA,40.8,-75.61667,1917,1997
USC00366762,PAUPACK 1 WSW,US-PA,41.4,-75.23333,1926,2000
USC00366786,PECKS POND,US-PA,41.28333,-75.1,1945,1958
USC00366886,PHILADELPHIA FRANKLIN INSTITUTE,US-PA,39.95867,-75.1728,1993,2025
USW00013739,PHILADELPHIA INTERNATIONAL AIRPORT,US-PA,39.87326,-75.22681,1940,2025
USW00013771,PHILADELPHIA NAAS,US-PA,39.89111,-75.17861,1945,1952
USC00366899,PHILADELPHIA POINT B,US-PA,39.91667,-75.2,1924,1963
USC00366904,PHILADELPHIA SHAWMON,US-PA,40.03333,-75.25,1896,1957
USW00014761,PHILIPSBURG MID STATE AIRPORT,US-PA,40.9,-78.08333,1948,1997
USC00366927,PHOENIXVILLE 1 E,US-PA,40.12094,-75.48773,1893,2025
USC00366944,PIMPLE HILL,US-PA,41.03333,-75.5,1949,1959
USC00366954,PINE GROVE 1 NE,US-PA,40.56667,-76.36667,1924,1961
USW00014762,PITTSBURGH ALLEGHENY CO AIRPORT,US-PA,40.3551,-79.92145,1935,2025
USW00094823,PITTSBURGH INTERNATIONAL AIRPORT,US-PA,40.48459,-80.21448,1945,2025
USC00367029,PLEASANT MOUNT 1 W,US-PA,41.7394,-75.4465,1924,2025
USW00054789,POCONO MOUNTAINS MUNICIPAL AIRPORT,US-PA,41.13684,-75.3771,1999,2025
USC00367073,POINT MARION LOCK 8,US-PA,39.7275,-79.913,1951,2025
USC00367116,PORT CLINTON,US-PA,40.58333,-76.03333,1938,1979
USC00367149,POTTSTOWN,US-PA,40.25,-75.65,1894,1956
USC00367167,PRINCE GALLITZIN STATE PARK,US-PA,40.6515,-78.5551,1982,2025
USC00367229,PUTNEYVILLE 2 SE DAM,US-PA,40.9248,-79.2825,1943,2025
USC00367239,QUAKERTOWN,US-PA,40.43333,-75.33333,1884,1969
USC00367312,RAYSTOWN LAKE 2,US-PA,40.38139,-78.07528,1974,2012
USC00367322,READING 4 NNW,US-PA,40.42694,-75.93194,1969,2008
USW00014767,READING 4 SW,US-PA,40.31627,-75.98868,1858,2025
USW00014712,READING REGIONAL AIRPORT,US-PA,40.37342,-75.95924,1949,2025
USC00367409,RENOVO,US-PA,41.3299,-77.7381,1895,2025
USC00367417,RETREAT 1 SW,US-PA,41.2,-76.1,1933,1953
USC00367477,RIDGWAY,US-PA,41.4196,-78.74921,1893,2025
USC00367497,RINGTOWN,US-PA,40.86667,-76.23333,1894,1951
USC00367578,RODALE RESEARCH CTR,US-PA,40.5515,-75.7222,1983,2013
USC00367846,SAXTON 1 W,US-PA,40.2173,-78.254,1940,2013
USC00367863,SCHENLEY LOCK 5,US-PA,40.683,-79.6684,1891,2025
USC00367931,SELINSGROVE 2 S,US-PA,40.7831,-76.8617,1893,2025
USW00014770,SELINSGROVE PENN VALLEY AIRPORT,US-PA,40.81929,-76.86581,1997,2025
USC00367978,SHAMOKIN,US-PA,40.8,-76.55,1944,1995
USC00368073,SHIPPENSBURG,US-PA,40.05903,-77.52127,1910,2025
USC00368184,SLIPPERY ROCK 1 SSW,US-PA,41.056,-80.0595,1949,2025
USC00368190,SMETHPORT,US-PA,41.81667,-78.43333,1894,1951
USC00368244,SOMERSET,US-PA,39.997,-79.08334,1949,2025
USC00368249,SOMERSET WATER WORKS,US-PA,40.01667,-79.08333,1894,1958
USC00368308,SOUTH MOUNTAIN,US-PA,39.85072,-77.5039,1940,2022
USC00368379,SPRING GROVE,US-PA,39.86952,-76.86321,1932,2025
USC00368361,SPRINGBORO 3 WNW,US-PA,41.8162,-80.4249,1996,2025
USC00365368,SPRINGHOUSE 2 NE,US-PA,40.18333,-75.2,1945,1970
USC00368395,SPRINGS 1 SW,US-PA,39.73333,-79.16667,1917,1958
USC00368400,SPRINGTOWN 1 NNE,US-PA,40.5711,-75.2781,1991,2025
USC00368449,STATE COLLEGE,US-PA,40.79326,-77.86712,1893,2025
USC00368469,STEVENSON DAM,US-PA,41.4039,-78.0183,1969,2025
USC00368570,STRAUSSTOWN,US-PA,40.4833,-76.1833,1945,2010
USC00368668,SUNBURY,US-PA,40.86621,-76.77527,1926,2025
USC00368692,SUSQUEHANNA,US-PA,41.9478,-75.6047,1935,2025
USC00368763,TAMAQUA 4 N DAM,US-PA,40.8483,-75.9995,1931,2022
USC00368868,TIOGA HAMMOND DAM,US-PA,41.8975,-77.1419,1973,2025
USC00368873,TIONESTA 2 SE LAKE,US-PA,41.4792,-79.4432,1921,2025
USC00368885,TITUSVILLE,US-PA,41.63333,-79.66667,1927,1951
USC00368880,TITUSVILLE 2 S,US-PA,41.6,-79.66667,1945,1954
USC00368888,TITUSVILLE WATER WORKS,US-PA,41.63098,-79.69304,1954,2025
USW00014754,TOBYHANNA POCONO MOUNTAIN AIRPORT,US-PA,41.13867,-75.3742,1948,2005
USC00368905,TOWANDA 1 S,US-PA,41.7511,-76.443,1894,2023
USC00369042,UNION CITY FILTRATION PLANT,US-PA,41.9004,-79.861,1950,2025
USC00369050,UNIONTOWN 1 NE,US-PA,39.915,-79.7191,1894,2018
USC00369074,UPPER DARBY,US-PA,39.96667,-75.3,1950,1959
USC00369128,VANDERGRIFT,US-PA,40.6,-79.55,1939,1988
USC00369298,WARREN,US-PA,41.8467,-79.1494,1893,2025
USC00369318,WASHINGTON 3 NE,US-PA,40.1789,-80.1889,1975,2014
USC00369345,WATSONTOWN,US-PA,41.08333,-76.86667,1948,1966
USC00369367,WAYNESBURG 1 E,US-PA,39.8986,-80.1656,1948,2025
USC00369408,WELLSBORO 4 SW,US-PA,41.7004,-77.3871,1926,2025
USC00369420,WELLSVILLE,US-PA,40.05,-76.95,1946,1958
USC00369430,WERNERSVILLE,US-PA,40.33333,-76.1,1937,1959
USC00369464,WEST CHESTER 2 NW,US-PA,39.9708,-75.635,1893,2017
USC00369503,WEST GROVE 1 SE,US-PA,39.8,-75.8,1927,1976
USC00369655,WHITESBURG,US-PA,40.76667,-79.41667,1940,1993
USC00369702,WILKES BARRE,US-PA,41.23333,-75.88333,1893,2000
USW00014777,WILKES BARRE SCRANTON INTERNATIONAL AIRPORT,US-PA,41.33349,-75.72273,1949,2025
USC00369714,WILLIAMSBURG,US-PA,40.46342,-78.19687,1941,2025
USW00014778,WILLIAMSPORT REGIONAL AIRPORT,US-PA,41.24295,-76.92173,1901,2025
USC00369733,WILLIAMSPORT RIVER,US-PA,41.2358,-76.9974,1895,1949
USW00014793,WILLOW GROVE NAS,US-PA,40.2,-75.15,1945,2011
USC00369933,YORK 3 SSW PUMP STATION,US-PA,39.91667,-76.75,1894,2014
USW00093778,YORK AIRPORT,US-PA,39.91942,-76.87685,1997,2025
USC00369950,YORK HAVEN,US-PA,40.11389,-76.71222,1921,2017
USC00369990,ZION GROVE,US-PA,40.9,-76.21667,1951,1973
RQC00660061,ADJUNTAS SUBSTATION,US-PR,18.1747,-66.7977,1970,2025
RQC00660152,AGUIRRE,US-PR,17.9555,-66.2222,1955,2025
RQW00011603,BORINQUEN AIRPORT,US-PR,18.494861,-67.129444,1942,2014
RQC00662934,COROZAL SUBSTATION,US-PR,18.3266,-66.3591,1931,2013
RQC00664276,GURABO SUBSTATION,US-PR,18.2583,-65.9922,1956,2015
RQC00664702,ISABELA SUBSTATION,US-PR,18.4652,-67.0525,1901,2025
RQC00665097,LAJAS SUBSTATION,US-PR,18.033,-67.0722,1900,2025
RQC00667292,PONCE 4 E,US-PR,18.0258,-66.5252,1898,2025
RQC00668306,RIO PIEDRAS EXPERIMENTAL STATION,US-PR,18.3905,-66.0541,1959,2020
RQW00011630,ROOSEVELT ROADS,US-PR,18.2552,-65.6411,1942,2025
RQW00011631,SAN JUAN CITY,US-PR,18.46667,-66.1,1916,1977
RQW00011641,SAN JUAN L M MARIN INTERNATIONAL AIRPORT,US-PR,18.43261,-66.01065,1941,2025
RQW00011618,SAN JUAN NS,US-PR,18.46667,-66.11667,1945,1962
RQC00669829,YABUCOA 3 SE,US-PR,18.03853,-65.83943,1955,2025
USW00094793,BLOCK ISLAND STATE AIRPORT,US-RI,41.16806,-71.57778,1927,2025
USC00371875,COVENTRY 2,US-RI,41.6684,-71.5571,2015,2023
USC00373306,GREENVILLE,US-RI,41.88333,-71.56667,1942,1974
USC00374266,KINGSTON,US-RI,41.4903,-71.543,1893,2025
USC00375215,NEWPORT ROSE,US-RI,41.49546,-71.34271,1957,2003
USW00014787,NEWPORT STATE AIRPORT,US-RI,41.52991,-71.28331,1996,2025
USW00014788,QUONSET POINT NAS,US-RI,41.58333,-71.41667,1945,1973
USW00014765,RHODE ISLAND T.F. GREEN INTERNATIONAL AIRPORT,US-RI,41.72252,-71.43248,1942,2025
USC00378911,WESTERLY 1 W,US-RI,41.36667,-71.83333,1944,1950
USW00014794,WESTERLY STATE AIRPORT,US-RI,41.35092,-71.80555,1999,2025
USC00379423,WOONSOCKET,US-RI,41.99069,-71.50179,1948,2025
USC00380074,AIKEN 5 SE,US-SC,33.4925,-81.69583,1893,2008
USC00380126,ALLENDALE 2 NW,US-SC,33.0167,-81.3167,1981,2015
USC00380165,ANDERSON,US-SC,34.5283,-82.66072,1892,2025
USW00093846,ANDERSON REGIONAL AIRPORT,US-SC,34.498,-82.70924,1948,2025
USC00380448,BAMBERG,US-SC,33.28729,-81.05061,1951,2025
USC00380490,BARNWELL 5 ENE,US-SC,33.2547,-81.2361,2007,2025
USC00380506,BATESBURG,US-SC,33.9,-81.5389,1894,2025
USW00093831,BEAUFORT MCAS,US-SC,32.48333,-80.71667,1945,2025
USC00380559,BEAUFORT WWTP,US-SC,32.3952,-80.6955,1893,2006
USC00380736,BISHOPVILLE 1.4 ENE,US-SC,34.22455,-80.21905,1933,2025
USC00380764,BLACKVILLE 3 W,US-SC,33.36306,-81.32917,1894,2002
USC00381093,BROOKGREEN GARDENS,US-SC,33.5214,-79.0975,1957,2025
USC00381241,CADES 4 W,US-SC,33.8083,-79.8566,1994,2025
USC00381249,CAESARS HEAD,US-SC,35.11667,-82.63333,1924,1967
USC00381256,CAESARS HEAD,US-SC,35.1072,-82.6255,1967,2025
USC00381277,CALHOUN FALLS,US-SC,34.0905,-82.5883,1899,2025
USC00381310,CAMDEN 3 W,US-SC,34.24291,-80.65652,1849,2001
USC00381479,CEDAR CREEK 2 E,US-SC,34.21717,-81.07558,1993,2025
USW00013880,CHARLESTON INTL. AIRPORT,US-SC,32.89945,-80.0407,1937,2025
USW00013758,CHARLESTON NAS,US-SC,32.89861,-80.04055,1945,1980
USC00381588,CHERAW,US-SC,34.70287,-79.88217,1893,2025
USC00381625,CHESNEE 7 WSW,US-SC,35.1108,-81.9675,1992,2025
USC00387113,CHESNEE 7 WSW,US-SC,35.11667,-81.96667,1928,1978
USC00387885,CHESNEE 7 WSW,US-SC,35.11667,-81.96667,1979,1991
USC00381633,CHESTER 1 SE,US-SC,34.68452,-81.19567,1922,2025
USC00381726,CLARKS HILL 1 W,US-SC,33.6634,-82.1897,1952,2025
USW00053850,CLEMSON OCONEE CO AIRPORT,US-SC,34.67221,-82.88143,1998,2025
USC00381770,CLEMSON UNIVERSITY,US-SC,34.66036,-82.82325,1896,2025
USC00381814,CLINTON,US-SC,34.4715,-81.88465,2011,2025
USW00013883,COLUMBIA METROPOLITAN AIRPORT,US-SC,33.94225,-81.11802,1942,2025
USW00053867,COLUMBIA OWENS DOWNTOWN AIRPORT,US-SC,33.97198,-80.99383,1998,2025
USC00381944,COLUMBIA UNIVERSITY OF SC,US-SC,33.99164,-81.02459,1930,2025
USC00381997,CONWAY,US-SC,33.8313,-79.0558,1893,2014
USC00382260,DARLINGTON,US-SC,34.3011,-79.8766,1893,2025
USC00382386,DILLON,US-SC,34.4091,-79.3563,1904,2021
USW00013782,DOWNTOWN CHARLESTON,US-SC,32.775,-79.9239,1893,2025
USW00003858,EASTOVER MCENTIRE ANG,US-SC,33.96667,-80.8,1959,1970
USC00382712,EDGEFIELD 3 NNE,US-SC,33.8275,-81.9142,1912,2012
USC00382757,EFFINGHAM,US-SC,34.0627,-79.7555,1892,2012
USC00382917,EUTAWVILLE,US-SC,33.4,-80.35,1893,1957
USC00383111,FLORENCE 8 NE,US-SC,34.2933,-79.74,1915,2014
USW00013744,FLORENCE REGIONAL AIRPORT,US-SC,34.18773,-79.73079,1948,2025
USC00383433,GASTON SHOALS,US-SC,35.13832,-81.59681,1912,2025
USC00383468,GEORGETOWN 2 E,US-SC,33.36194,-79.22389,1893,2005
USC00383742,GREENVILLE AIRPORT,US-SC,34.85,-82.35,1884,2025
USW00013822,GREENVILLE DONALDSON AFB,US-SC,34.76667,-82.38333,1949,1963
USW00013886,GREENVILLE DOWNTOWN AIRPORT,US-SC,34.84872,-82.35006,1999,2025
USC00383754,GREENWOOD,US-SC,34.1997,-82.1711,1894,2011
USW00053874,GREENWOOD CO AIRPORT,US-SC,34.25394,-82.15265,2000,2025
USW00003870,GRNVL SPART INTERNATIONAL AIRPORT,US-SC,34.90614,-82.21253,1962,2025
USC00384063,HEATH SPRINGS,US-SC,34.6,-80.66667,1902,1956
USC00384607,JOHNSTON 4 SW,US-SC,33.77756,-81.84761,1957,2025
USC00384690,KERSHAW 1 SW,US-SC,34.53667,-80.59722,1916,2005
USC00384753,KINGSTREE,US-SC,33.6774,-79.8283,1893,2006
USC00384886,LAKE CITY 2 SE,US-SC,33.8641,-79.7297,1937,2024
USC00384936,LANDRUM 1 NE,US-SC,35.18333,-82.18333,1915,1974
USC00385017,LAURENS,US-SC,34.49878,-82.02196,1901,2025
USC00385200,LITTLE MOUNTAIN,US-SC,34.1995,-81.41436,1893,2025
USC00385278,LONG CREEK,US-SC,34.7682,-83.25452,1942,2025
USC00385306,LORIS 2 S,US-SC,34.0347,-78.8824,1945,2007
USC00385509,MARION,US-SC,34.1652,-79.3875,1893,2025
USC00385658,MC CORMICK 9 E,US-SC,33.92356,-82.14392,1893,1998
USC00385633,MCCOLL 3 NNW,US-SC,34.7055,-79.5683,1900,2017
USC00385954,MONETTA,US-SC,33.833333,-81.633333,1907,1923
USC00386114,MULLINS,US-SC,34.1944,-79.2472,2005,2025
USW00013717,MYRTLE BEACH AFB,US-SC,33.68333,-78.93333,1956,2025
USC00386209,NEWBERRY,US-SC,34.29165,-81.62089,1893,2025
USW00093718,NORTH MYRTLE BEACH,US-SC,33.81618,-78.72043,1949,2025
USW00053854,ORANGEBURG MUNICIPAL AIRPORT,US-SC,33.463771,-80.853458,1997,2025
USC00386657,PARIS MOUNTAIN FIRE TWR,US-SC,34.95,-82.41667,1948,1966
USC00386749,PEE DEE,US-SC,34.2,-79.53333,1923,1992
USC00386831,PICKENS,US-SC,34.8813,-82.7188,1951,2025
USC00386890,PINOPOLIS,US-SC,33.3,-80.05,1893,1945
USC00386893,PINOPOLIS DAM,US-SC,33.25,-79.98333,1943,1994
USC00387281,RIDGELAND 5 NE,US-SC,32.53333,-80.9,1941,1999
USC00387288,RIDGEVILLE,US-SC,33.1025,-80.2978,1996,2011
USW00053871,ROCK HILL YORK CO AIRPORT,US-SC,34.9836,-81.05622,1999,2025
USC00387631,SALUDA,US-SC,33.99185,-81.77129,1902,2025
USC00387666,SANDHILL RESEARCH ELGIN,US-SC,34.13112,-80.86852,1957,2025
USC00387722,SANTUCK,US-SC,34.635,-81.5205,1893,2025
USC00387830,SHAWS FORK,US-SC,33.566667,-81.583333,1894,1901
USC00388114,SOCIETY HILL 6 S,US-SC,34.41667,-79.85,1893,1959
USW00093804,SPARTANBURG,US-SC,34.91667,-81.95,1948,1962
USC00387568,ST PAUL 5 S,US-SC,33.5,-80.36667,1943,1954
USC00388360,STATEBURG,US-SC,33.966667,-80.55,1893,1908
USC00388426,SUMMERVILLE 4 W,US-SC,33.0366,-80.2325,1898,2025
USW00013849,SUMTER SHAW AFB,US-SC,33.96667,-80.46667,1949,1970
USC00388714,TRENTON 1 NNE,US-SC,33.75,-81.83333,1893,1957
USC00388786,UNION 8 S,US-SC,34.6069,-81.6661,1949,2025
USC00388887,WALHALLA,US-SC,34.7545,-83.0751,1896,2025
USC00388922,WALTERBORO 1 SW,US-SC,32.885,-80.6761,1903,2025
USC00389039,WEDGEFIELD,US-SC,33.9,-80.52056,1922,2009
USC00389122,WEST PELZER,US-SC,34.6438,-82.4544,1965,2021
USC00389327,WINNSBORO,US-SC,34.3706,-81.0825,1896,2025
USC00389350,WINTHROP UNIVERSITY,US-SC,34.9378,-81.0374,1899,2025
USC00389469,YEMASSEE 1 N,US-SC,32.7019,-80.8518,1899,2025
USW00014929,ABERDEEN REGIONAL AIRPORT,US-SD,45.44358,-98.41384,1893,2025
USC00390043,ACADEMY 2 NE,US-SD,43.48397,-99.04788,1898,2025
USC00390128,ALEXANDRIA,US-SD,43.65133,-97.79811,1893,2025
USC00390198,ANDOVER,US-SD,45.51667,-97.88333,1937,2005
USC00390217,ANGOSTURA DAM,US-SD,43.35,-103.43333,1948,1971
USC00390223,ANTELOPE RANGE STATION,US-SD,45.53167,-103.32917,1951,2008
USC00390236,ARDMORE 2 N,US-SD,43.03,-103.66,1908,2013
USC00390281,ARLINGTON 1 W,US-SD,44.363,-97.1702,1928,2012
USC00390296,ARMOUR,US-SD,43.313,-98.3486,1896,2008
USC00390559,BELLE FOURCHE,US-SD,44.6713,-103.8511,1908,2022
USC00391560,BELLE FOURCHE 20 NNE,US-SD,44.95,-103.76667,1962,1970
USC00390565,BELLE FOURCHE 22 NNW,US-SD,44.9905,-103.9338,1980,2025
USC00390567,BELLE FOURCHE 29 NNW,US-SD,45.1,-103.95,1951,1979
USC00390574,BELVIDERE,US-SD,43.83333,-101.26667,1924,1951
USC00390701,BISON,US-SD,45.5268,-102.466,1916,2025
USC00390706,BIXBY DAM,US-SD,45.11667,-102.61667,1949,1952
USC00390760,BLUNT,US-SD,44.5128,-99.9881,1913,2011
USC00390778,BONESTEEL,US-SD,43.07778,-98.95083,1956,2004
USC00390796,BONILLA 3 SSW,US-SD,44.55,-98.53333,1945,1957
USC00390834,BOWDLE,US-SD,45.45113,-99.65177,1893,2025
USC00391032,BRIDGEWATER,US-SD,43.55239,-97.50164,1948,2025
USC00391049,BRITTON,US-SD,45.78861,-97.74881,1893,2025
USC00391076,BROOKINGS 2 NE,US-SD,44.32503,-96.76864,1893,2025
USC00391102,BRYANT 1 NE,US-SD,44.5547,-97.4686,1911,2016
USW00094037,BUFFALO ASOS,US-SD,45.604294,-103.546996,1998,2025
USC00391246,BUSKALA RANCH,US-SD,44.21667,-103.81667,1909,1997
USC00391294,CAMP CROOK,US-SD,45.54793,-103.97562,1893,2025
USC00391354,CANISTOTA 2 N,US-SD,43.63333,-97.3,1922,1986
USC00391392,CANTON,US-SD,43.31122,-96.58772,1896,2025
USC00391474,CARTHAGE,US-SD,44.1694,-97.7202,1951,2011
USC00391519,CASTLEWOOD,US-SD,44.727,-97.026,1893,2011
USC00391539,CEDAR BUTTE,US-SD,43.5771,-101.019,1918,2017
USC00391579,CENTERVILLE 6 SE,US-SD,43.04286,-96.90333,1897,2025
USC00391609,CHAMBERLAIN,US-SD,43.8,-99.33333,1896,1978
USW00094943,CHAMBERLAIN MUNICIPAL AIRPORT,US-SD,43.76667,-99.31833,1998,2025
USC00391649,CHEYENNE AGENCY,US-SD,45.01667,-100.3,1904,1960
USC00391739,CLARK,US-SD,44.8818,-97.7325,1893,2012
USC00391777,CLEAR LAKE,US-SD,44.7574,-96.68314,1903,2020
USC00391873,COLUMBIA 8 N,US-SD,45.72302,-98.30299,1949,2025
USC00391917,CONDE,US-SD,45.1538,-98.1008,1951,2008
USC00391972,COTTONWOOD 2 E,US-SD,43.9611,-101.8605,1909,2025
USC00392087,CUSTER,US-SD,43.7744,-103.6119,1911,2025
USW00094032,CUSTER CO AIRPORT,US-SD,43.7331,-103.61513,1999,2025
USC00392302,DE SMET,US-SD,44.38247,-97.54933,1893,2025
USC00392207,DEADWOOD,US-SD,44.37361,-103.73139,1909,2006
USC00392228,DEERFIELD 4 NW,US-SD,44.06667,-103.9,1948,1980
USC00392234,DEERFIELD DAM,US-SD,44.01667,-103.78333,1909,1955
USC00392429,DUPREE,US-SD,45.04689,-101.60228,1922,2025
USC00392446,DUPREE 15 SSE,US-SD,44.86658,-101.46703,1963,2025
USC00392468,EAGLE BUTTE,US-SD,45.01178,-101.2482,1911,2017
USC00392468,EAGLE BUTTE,US-SD,45.01178,-101.2482,1911,2017
USW00024006,ELLSWORTH AFB,US-SD,44.15,-103.1,1949,1970
USC00392647,ELM SPRINGS 3 ESE,US-SD,44.3186,-102.4683,1923,2025
USC00392647,ELM SPRINGS 3 ESE,US-SD,44.3186,-102.4683,1923,2025
USC00392797,EUREKA,US-SD,45.76542,-99.6222,1877,2025
USC00392820,FAIRFAX,US-SD,43.03333,-98.88333,1902,1956
USC00392852,FAITH,US-SD,45.0203,-102.0367,1913,2012
USW00094056,FAITH MUNICIPAL AIRPORT,US-SD,45.032601,-102.01999,1998,2025
USC00392888,FARMINGDALE 4 N,US-SD,44.03333,-102.9,1894,1981
USC00392927,FAULKTON,US-SD,45.03239,-99.12253,1893,2025
USC00392984,FLANDREAU,US-SD,44.04758,-96.6025,1893,2025
USC00393029,FORESTBURG 4 NNE,US-SD,44.06844,-98.08333,1893,2025
USC00393069,FORT MEADE,US-SD,44.41066,-103.47683,1902,2025
USC00393069,FORT MEADE,US-SD,44.41066,-103.47683,1902,2025
USC00393076,FORT PIERRE 17 WSW,US-SD,44.2444,-100.6591,1964,2019
USC00393082,FORT SULLY 8 NE,US-SD,44.63333,-100.43333,1959,1983
USC00393129,FREDERICK,US-SD,45.83333,-98.5,1906,1958
USC00393129,FREDERICK,US-SD,45.83333,-98.5,1906,1958
USC00393217,GANN VALLEY 4 NW,US-SD,44.0569,-99.0719,1897,2009
USC00393284,GELHAUS FARM,US-SD,45.25,-97.45,1932,1952
USC00393294,GETTYSBURG,US-SD,45.01966,-99.94037,1901,2023
USC00393302,GETTYSBURG 13 W,US-SD,45.01421,-100.22202,1978,2013
USC00393316,GLAD VALLEY 2 W,US-SD,45.40077,-101.81033,1949,2025
USC00393339,GLENHAM,US-SD,45.53333,-100.26667,1921,1952
USC00393452,GREGORY,US-SD,43.23561,-99.43408,1906,2025
USC00393572,HARDY RANGER STATION,US-SD,44.15,-103.95,1909,1951
USC00393775,HERMOSA 3 SSW,US-SD,43.8069,-103.213,1906,2012
USC00393832,HIGHMORE,US-SD,44.51376,-99.44211,1893,2025
USC00393857,HILLAND 2 NW,US-SD,44.30833,-101.86833,1909,2001
USC00393987,HOPEWELL 1 SE,US-SD,44.5,-100.86667,1909,1983
USC00394007,HOT SPRINGS,US-SD,43.4377,-103.4738,1894,2025
USC00394009,HOT SPRINGS 7 W,US-SD,43.43333,-103.6,1948,1958
USC00394037,HOWARD,US-SD,44.00292,-97.52864,1893,2025
USC00394132,HURON,US-SD,44.3636,-98.1989,1902,1952
USW00014936,HURON REGIONAL AIRPORT,US-SD,44.37916,-98.22275,1881,2025
USC00394184,INTERIOR 3 NE,US-SD,43.7483,-101.9413,1949,2025
USC00394206,IPSWICH,US-SD,45.44719,-99.03853,1894,2025
USC00394413,KADOKA,US-SD,43.8353,-101.5147,1909,2007
USC00394516,KENNEBEC,US-SD,43.90239,-99.85815,1893,2025
USC00394630,KYLE 2 E,US-SD,43.4402,-102.1431,1956,2025
USC00394661,LA DELLE 7 NE,US-SD,44.68333,-98.0,1897,1974
USC00394766,LAKE SHARPE PROJECT,US-SD,44.06426,-99.46062,1972,2025
USC00394834,LEAD,US-SD,44.3544,-103.7431,1909,2025
USC00394864,LEMMON,US-SD,45.9397,-102.1575,1908,2025
USC00394891,LEOLA,US-SD,45.7192,-98.9439,1899,2007
USC00392614,LODGEPOLE 10 NW,US-SD,45.88333,-102.85,1909,1963
USC00394960,LODGEPOLE 10 NW,US-SD,45.86667,-102.85,1963,1997
USC00394983,LONG VALLEY,US-SD,43.46,-101.4955,1927,2012
USC00395048,LUDLOW 3 SSE,US-SD,45.7849,-103.3719,1924,2015
USC00395088,MADISON,US-SD,44.0,-97.13333,1940,1962
USC00395090,MADISON 2 SE,US-SD,43.9905,-97.09228,1961,2025
USC00395154,MANDERSON 3 NE,US-SD,43.2625,-102.43861,1908,2004
USC00395228,MARION,US-SD,43.42089,-97.25389,1901,2025
USC00395281,MARTIN,US-SD,43.1802,-101.7386,1934,2015
USC00395320,MAURINE,US-SD,45.01667,-102.58333,1961,1974
USC00395325,MAURINE 12 SW,US-SD,44.86559,-102.56571,1975,2025
USC00395381,MC INTOSH 6 SE,US-SD,45.83825,-101.27683,1915,2025
USC00395406,MC LAUGHLIN 2 SW,US-SD,45.78861,-100.82722,1919,2025
USC00395456,MELLETTE 4 W,US-SD,45.155,-98.5826,1893,2017
USC00395481,MENNO,US-SD,43.23586,-97.57125,1896,2025
USC00395506,MIDLAND,US-SD,44.07043,-101.15231,1895,2025
USC00395536,MILBANK 2 SSW,US-SD,45.2837,-96.6689,1893,2009
USC00395544,MILESVILLE 5 NE,US-SD,44.5171,-101.6184,1911,2025
USC00395561,MILLER,US-SD,44.5177,-98.98148,1902,2025
USC00395620,MISSION,US-SD,43.3061,-100.6558,1966,2013
USC00395638,MISSION 14 S,US-SD,43.1123,-100.6111,1951,2025
USC00395671,MITCHELL 2 N,US-SD,43.73806,-98.02444,1893,2003
USW00094950,MITCHELL AIRPORT,US-SD,43.77425,-98.03838,1999,2025
USC00395691,MOBRIDGE 2 NNW,US-SD,45.5655,-100.4488,1911,2025
USW00094052,MOBRIDGE MUNICIPAL AIRPORT,US-SD,45.54955,-100.40857,1998,2025
USC00395711,MOENVILLE 6 E,US-SD,44.5,-101.15,1940,1957
USC00395854,MOUNT COOLIDGE,US-SD,43.75,-103.48333,1952,1975
USC00395870,MOUNT RUSHMORE NATIONAL MEMORIAL,US-SD,43.8769,-103.4578,1962,2025
USC00395891,MURDO,US-SD,43.8878,-100.7075,1907,2025
USC00396054,NEWELL,US-SD,44.71371,-103.42584,1920,2025
USC00396170,OAHE DAM,US-SD,44.44192,-100.41711,1960,2025
USC00396212,OELRICHS,US-SD,43.1878,-103.2371,1893,2025
USC00396282,ONAKA,US-SD,45.1916,-99.4666,1911,2015
USC00396292,ONIDA 4 NW,US-SD,44.73234,-100.14479,1913,2025
USC00396304,ORAL,US-SD,43.40408,-103.26768,1971,2025
USC00396357,ORMAN DAM,US-SD,44.73333,-103.66667,1906,1974
USC00396427,PACTOLA DAM,US-SD,44.0622,-103.4819,1951,2025
USC00396462,PARKSTON 8 ENE,US-SD,43.43333,-97.83333,1893,1976
USW00024024,PHILIP AIRPORT,US-SD,44.05099,-101.60138,1907,2025
USC00396574,PICKSTOWN,US-SD,43.0688,-98.5325,1948,2017
USW00024025,PIERRE REGIONAL AIRPORT,US-SD,44.38191,-100.28641,1893,2025
USC00396612,PINE RIDGE,US-SD,43.01667,-102.56667,1901,1974
USW00094039,PINE RIDGE AIRPORT,US-SD,43.02614,-102.52001,1997,2025
USC00396636,PLAINVIEW 6 SSW,US-SD,44.5169,-102.2152,1949,2025
USC00396712,POLLOCK,US-SD,45.90338,-100.28765,1908,2025
USC00396790,PRESHO 7 NW,US-SD,43.9919,-100.1616,1975,2007
USC00396812,PROVO,US-SD,43.2,-103.83333,1948,1958
USC00396832,PUKWANA 3 W,US-SD,43.78333,-99.23333,1919,1964
USC00396907,RALPH 1 N,US-SD,45.78417,-103.06556,1941,2003
USC00396947,RAPID CITY 4 NW,US-SD,44.12055,-103.28417,1949,2025
USW00024090,RAPID CITY REGIONAL AIRPORT,US-SD,44.04582,-103.05442,1948,2025
USC00397007,RAYMOND 3 NE,US-SD,44.9438,-97.9247,1931,2015
USC00397073,RED OWL,US-SD,44.6981,-102.5608,1951,2021
USC00397047,REDFIELD,US-SD,44.86667,-98.53333,1897,1977
USC00397052,REDFIELD,US-SD,44.8655,-98.5252,1949,2011
USC00397062,REDIG 11 NE,US-SD,45.3767,-103.3675,1914,2011
USC00397227,ROCHFORD 2 WNW,US-SD,44.1317,-103.7506,1897,2005
USC00397277,ROSCOE,US-SD,45.4502,-99.3363,1934,2025
USC00397287,ROSEBUD,US-SD,43.23333,-100.85,1893,1966
USC00397307,ROSLYN,US-SD,45.5,-97.5,1948,1952
USC00397326,ROY LAKE,US-SD,45.71277,-97.44908,1999,2025
USC00397418,SAINT ONGE 2 S,US-SD,44.6924,-103.7269,1993,2012
USC00397457,SALEM 5 SW,US-SD,43.65889,-97.4475,1941,2001
USC00397512,SCENIC,US-SD,43.76667,-102.55,1950,1981
USC00397545,SELBY,US-SD,45.50999,-100.03555,1907,2023
USC00397569,SHADEHILL RESERVOIR,US-SD,45.685,-102.2733,2001,2012
USW00014944,SIOUX FALLS FOSS FIELD,US-SD,43.57751,-96.75387,1932,2025
USC00397742,SISSETON,US-SD,45.66565,-97.03933,1900,2025
USW00094993,SISSETON MUNICIPAL AIRPORT,US-SD,45.669018,-96.99183,1998,2025
USC00397797,SMITHWICK 6 SW,US-SD,43.26667,-103.31667,1948,1957
USC00397882,SPEARFISH,US-SD,44.49739,-103.87177,1893,2025
USC00397992,STEPHAN 2 NW,US-SD,44.2662,-99.4431,1903,2013
USC00398107,SULPHUR 2 W,US-SD,44.88333,-102.95,1949,1957
USC00398116,SUMMIT 1 W,US-SD,45.30359,-97.06261,1956,2025
USC00398277,THUNDER HAWK,US-SD,45.93333,-101.96667,1949,1966
USC00398307,TIMBER LAKE,US-SD,45.4284,-101.0764,1911,2025
USC00398406,TULARE,US-SD,44.73333,-98.5,1951,1976
USC00398472,TYNDALL,US-SD,42.99179,-97.87022,1893,2025
USC00398494,UNION CENTER,US-SD,44.56667,-102.66667,1951,1975
USC00398528,USTA 8 WNW KELLY RANCH,US-SD,45.2539,-102.3122,1957,2009
USC00398552,VALE,US-SD,44.61667,-103.4,1908,1978
USC00398572,VAN METRE,US-SD,44.15,-100.8,1941,1953
USC00398622,VERMILLION 2 SE,US-SD,42.76238,-96.91947,1893,2025
USC00398652,VICTOR 4 N,US-SD,45.92019,-96.83078,1923,2025
USC00398727,VIVIAN,US-SD,43.93333,-100.3,1914,1975
USC00398767,WAGNER,US-SD,43.0833,-98.2894,1916,2011
USC00398911,WASTA,US-SD,44.06794,-102.44986,1925,2025
USW00014946,WATERTOWN REGIONAL AIRPORT,US-SD,44.90452,-97.14957,1893,2025
USC00398980,WAUBAY NATIONAL WILD LIFE,US-SD,45.42474,-97.32698,1952,2025
USC00399004,WEBSTER,US-SD,45.33274,-97.52262,1893,2025
USC00399012,WEBSTER 10 N,US-SD,45.48333,-97.55,1927,1951
USC00399042,WENTWORTH 2 WNW,US-SD,44.0083,-97.0041,1893,2006
USC00399064,WESSINGTON 2 SE,US-SD,44.42489,-98.68508,1929,2025
USC00399077,WESSINGTON SPRGS 7 SW,US-SD,44.04333,-98.70889,1948,1998
USC00399077,WESSINGTON SPRGS 7 SW,US-SD,44.04333,-98.70889,1948,1998
USC00399070,WESSINGTON SPRINGS,US-SD,44.07564,-98.57064,1893,2025
USC00399070,WESSINGTON SPRINGS,US-SD,44.07564,-98.57064,1893,2025
USC00399232,WHITE LAKE,US-SD,43.68724,-98.67155,1909,2025
USC00399337,WILMOT,US-SD,45.40789,-96.86202,1943,2025
USC00399347,WIND CAVE,US-SD,43.55601,-103.47958,1948,2025
USC00399367,WINNER,US-SD,43.3686,-99.8402,1910,2025
USW00094990,WINNER WILEY FIELD,US-SD,43.389044,-99.843315,1997,2025
USC00399442,WOOD,US-SD,43.4989,-100.4814,1913,2025
USC00399457,WOONSOCKET,US-SD,44.05,-98.26667,1939,1958
USW00094911,YANKTON 2 E,US-SD,42.87856,-97.36361,1932,2025
USC00399537,ZEONA 10 SSW,US-SD,45.06694,-102.99556,1949,2002
USC00400081,ALLARDT,US-TN,36.3805,-84.8744,1928,2022
USC00400137,AMES PLANTATION,US-TN,35.11458,-89.21254,1976,2025
USC00400137,AMES PLANTATION,US-TN,35.11458,-89.21254,1976,2025
USC00400271,ASHWOOD,US-TN,35.58333,-87.13333,1890,1977
USC00400876,BOLIVAR WATER WORKS,US-TN,35.26502,-88.98885,1893,2025
USC00400884,BOLTON,US-TN,35.31667,-89.75,1902,1989
USC00401039,BRENTWOOD,US-TN,35.9902,-86.7786,1995,2022
USW00013877,BRISTOL AIRPORT,US-TN,36.47964,-82.39893,1937,2025
USC00401145,BROWNSVILLE,US-TN,35.59078,-89.25982,1895,2025
USC00401480,CARTHAGE,US-TN,36.2455,-85.945,1890,2025
USC00401561,CELINA,US-TN,36.5409,-85.4596,1903,2025
USW00013882,CHATTANOOGA AIRPORT,US-TN,35.03363,-85.20039,1938,2025
USC00401663,CHEATHAM LOCK AND DAM,US-TN,36.3211,-87.2218,1971,2025
USC00406454,CHEATHAM LOCK AND DAM,US-TN,36.31667,-87.21667,1936,1971
USW00003894,CLARKSVILLE OUTLAW AIRPORT,US-TN,36.61689,-87.41174,2001,2025
USC00401790,CLARKSVILLE WWTP,US-TN,36.54654,-87.35499,1890,2025
USC00401916,COLDWATER,US-TN,35.08333,-86.73333,1898,1975
USC00401957,COLUMBIA 3 WNW,US-TN,35.6381,-87.0864,1948,2025
USC00401957,COLUMBIA 3 WNW,US-TN,35.6381,-87.0864,1948,2025
USC00402009,COOKEVILLE,US-TN,36.1075,-85.5033,1896,2025
USC00402024,COPPERHILL,US-TN,34.99389,-84.37583,1914,2009
USC00402108,COVINGTON 3 SW,US-TN,35.5497,-89.7,1890,2018
USC00402202,CROSSVILLE EDUCATION AND RESEARCH STATION,US-TN,36.0148,-85.1313,1912,2025
USW00003847,CROSSVILLE MEMORIAL AIRPORT,US-TN,35.95097,-85.08141,1954,2025
USC00402360,DAYTON 2 SE,US-TN,35.4721,-84.9957,1956,2025
USC00401035,DECATUR 1 N,US-TN,35.55,-84.8,1934,1952
USC00402385,DECATUR 1 N,US-TN,35.53333,-84.78333,1895,1956
USC00402388,DECATUR 7 NE,US-TN,35.6394,-84.665,1997,2025
USC00402489,DICKSON,US-TN,36.0747,-87.3931,1900,2025
USC00402589,DOVER 1 W,US-TN,36.48806,-87.84861,1897,2025
USC00402600,DRESDEN,US-TN,36.28556,-88.70631,1924,2025
USW00003809,DYERSBURG MUNICIPAL AIRPORT,US-TN,36.0002,-89.4094,1948,2025
USC00402806,ELIZABETHTON,US-TN,36.354,-82.2486,1895,2025
USC00403074,FAYETTEVILLE WATER PLANT,US-TN,35.1342,-86.5419,1935,2025
USC00403200,FOREST HILLS DYER OBSERVATORY,US-TN,36.05556,-86.80667,2001,2008
USC00403280,FRANKLIN SEWAGE PLANT,US-TN,35.94145,-86.86894,1891,2025
USC00403370,GAINESBORO,US-TN,36.3661,-85.6552,1975,2025
USC00403447,GERMANTOWN 4 SE,US-TN,35.05692,-89.7524,2000,2025
USC00403679,GREENEVILLE EXPERIMENTAL STATION,US-TN,36.1056,-82.8436,1890,2025
USC00403932,HARTFORD 2 NE,US-TN,35.8325,-83.1163,2010,2016
USC00404223,HOHENWALD,US-TN,35.5567,-87.5414,1893,2025
USC00404417,HUNTINGDON WATER PLANT,US-TN,36.00307,-88.42448,1962,2025
USC00404566,JACKSON 2 SE,US-TN,35.55,-88.78333,1926,1954
USC00404568,JACKSON 4 NE,US-TN,35.71027,-88.8223,2003,2025
USC00404561,JACKSON EXPERIMENTAL STATION,US-TN,35.62133,-88.84559,1891,2025
USW00003811,JACKSON MCKELLAR SIPES AIRPORT,US-TN,35.59332,-88.91696,1948,2025
USC00404609,JEFFERSON CITY EVAP,US-TN,36.11667,-83.5,1910,1981
USC00404660,JOHNSON CITY ETSC,US-TN,36.3,-82.36667,1949,1956
USC00404673,JOHNSONVILLE,US-TN,36.0,-88.03333,1885,1951
USC00404771,KENTON,US-TN,36.1946,-89.0117,1902,2015
USC00404858,KINGSPORT,US-TN,36.5194,-82.5275,1916,2025
USC00404871,KINGSTON,US-TN,35.8572,-84.5281,1884,2025
USC00404876,KINGSTON SPRINGS,US-TN,36.1033,-87.1152,1941,2025
USW00013891,KNOXVILLE AIRPORT,US-TN,35.81801,-83.98573,1910,2025
USC00404946,KNOXVILLE EXPERIMENTAL STATION,US-TN,35.8984,-83.9569,1966,2025
USC00404955,KNOXVILLE UNIVERSITY OF TN,US-TN,35.95,-83.91667,1943,1982
USC00405040,LANCING 6 NW,US-TN,36.15,-84.7283,1989,2012
USC00405089,LAWRENCEBURG FILT PLANT,US-TN,35.2436,-87.3508,1954,2025
USC00405108,LEBANON,US-TN,36.2291,-86.318,1902,2025
USC00405158,LENOIR CITY,US-TN,35.7875,-84.2622,1962,2025
USC00405187,LEWISBURG EXPERIMENTAL STATION,US-TN,35.414,-86.8086,1890,2025
USC00405210,LEXINGTON,US-TN,35.65018,-88.39038,1962,2025
USC00405278,LINDEN WATER PLANT,US-TN,35.6047,-87.8408,1962,2022
USC00405327,LIVINGSTON 5 NE,US-TN,36.43333,-85.28333,1910,1989
USC00405332,LIVINGSTON RADIO WLIV,US-TN,36.3776,-85.3365,1961,2021
USC00405451,LOUDON 1 E,US-TN,35.73333,-84.33333,1885,1962
USC00405535,LYNNVILLE 4 SSW,US-TN,35.33333,-87.05,1890,1971
USC00405681,MARTIN U OF T BRANCH EXPERIMENTAL STATION,US-TN,36.351,-88.85336,1936,2025
USC00405882,MC MINNVILLE,US-TN,35.6723,-85.781,1891,2025
USW00093916,MEMPHIS,US-TN,35.15,-90.05,1928,1965
USW00013893,MEMPHIS INTERNATIONAL AIRPORT,US-TN,35.05639,-89.9864,1940,2025
USW00093839,MEMPHIS NAS,US-TN,35.35,-89.86667,1945,1995
USC00405956,MEMPHIS WEATHER FORECAST OFFICE,US-TN,35.12975,-89.80376,1987,2025
USC00406012,MILAN EXPERIMENTAL STATION,US-TN,35.93306,-88.72713,1883,2025
USC00406154,MONSANTO,US-TN,35.66667,-87.11667,1948,1976
USC00406162,MONTEAGLE,US-TN,35.2243,-85.8414,1938,2025
USC00406170,MONTEREY,US-TN,36.14778,-85.26528,1904,2025
USC00406274,MOSCOW,US-TN,35.0711,-89.4117,1920,2013
USC00406328,MOUNT LECONTE,US-TN,35.655,-83.4411,1988,2025
USC00406330,MOUNT MORIAH BIRDSONG,US-TN,35.9675,-88.0458,2004,2016
USC00406340,MOUNT PLEASANT 1 N,US-TN,35.5571,-87.202,1953,2025
USC00406292,MOUNTAIN CITY 2,US-TN,36.474,-81.8033,1956,2025
USC00406371,MURFREESBORO 5 N,US-TN,35.9204,-86.3727,1890,2025
USW00013897,NASHVILLE INTERNATIONAL AIRPORT,US-TN,36.11054,-86.68815,1948,2025
USC00406435,NEAPOLIS EXPERIMENTAL STATION,US-TN,35.7197,-86.9654,1975,2019
USC00406562,NEW TAZEWELL,US-TN,36.45,-83.56667,1962,1966
USC00406471,NEWBERN,US-TN,36.11667,-89.26667,1924,1993
USC00406534,NEWPORT 1 NW,US-TN,35.9833,-83.2008,1891,2025
USC00406619,NORRIS,US-TN,36.213,-84.0602,1935,2025
USW00053868,OAK RIDGE ASOS,US-TN,36.023,-84.2337,1998,2025
USW00003841,OAK RIDGE ATDD,US-TN,35.998,-84.2192,1948,2025
USC00406803,OLD HICKORY DAM,US-TN,36.295,-86.655,1954,2025
USC00406806,OLD HICKORY WEATHER FORECAST OFFICE,US-TN,36.247,-86.5631,1990,2025
USC00406829,ONEIDA,US-TN,36.5027,-84.5308,1952,2025
USC00406950,PALMETTO,US-TN,35.48333,-86.58333,1893,1977
USC00406977,PARIS 3 ESE,US-TN,36.30925,-88.24899,1922,2025
USC00407015,PARSONS WATER PLANT,US-TN,35.60771,-88.11971,1968,2025
USC00407184,PIKEVILLE,US-TN,35.5982,-85.1939,1962,2025
USC00407359,PORTLAND SEWAGE PLANT,US-TN,36.5877,-86.5258,1955,2025
USC00407459,PULASKI WASTEWATER PLANT,US-TN,35.1843,-87.0423,1957,2025
USC00407589,RED BOILING SPRINGS,US-TN,36.53778,-85.85222,1942,2012
USC00407710,RIPLEY,US-TN,35.7178,-89.4986,1962,2017
USC00407834,ROCKWOOD 2,US-TN,35.836,-84.692,1962,2025
USC00407884,ROGERSVILLE 1 NE,US-TN,36.4161,-82.9838,1889,2025
USC00408065,SAMBURG W. L. REFUGE,US-TN,36.45173,-89.30074,1924,2025
USC00408108,SAVANNAH 6 SW,US-TN,35.15245,-88.32156,1883,2025
USC00408160,SELMER,US-TN,35.16442,-88.59884,1923,2025
USC00408179,SEVIERVILLE,US-TN,35.9296,-83.5983,1955,2025
USC00408184,SEWANEE,US-TN,35.2028,-85.9172,1895,2025
USC00408246,SHELBYVILLE WATER DEPARTMENT,US-TN,35.4755,-86.4608,1951,2025
USC00408414,SMYRNA 6 S,US-TN,35.9106,-86.5578,1941,2014
USW00013827,SMYRNA AIRPORT,US-TN,36.00889,-86.52,1949,1970
USC00408450,SOMERVILLE 10 N,US-TN,35.36505,-89.34743,1996,2025
USC00408522,SPARTA WASTEWATER PLANT,US-TN,35.9067,-85.4751,1940,2025
USC00408562,SPRINGFIELD EXPERIMENT STATION,US-TN,36.471,-86.8415,1942,2025
USC00408886,TELLICO PLAINS,US-TN,35.3263,-84.2295,1896,2025
USC00408953,THOMPSON STATION,US-TN,35.7635,-86.9321,2002,2021
USC00409155,TULLAHOMA,US-TN,35.3453,-86.2092,1893,2025
USC00409219,UNION CITY,US-TN,36.39244,-89.03168,1891,2025
USC00409431,WARNER PARK,US-TN,36.0608,-86.9063,2000,2025
USC00409481,WATERTOWN PUBLIC SAFETY COMPLEX,US-TN,36.0968,-86.1397,2001,2018
USC00409502,WAYNESBORO,US-TN,35.3041,-87.7591,1891,2025
USC00409866,WOODBURY 1 WNW,US-TN,35.7764,-86.0172,1954,2025
USC00410012,ABERNATHY,US-TX,33.84105,-101.85083,1943,2025
USC00410013,ABILENE 6 ESE,US-TX,32.43176,-99.63262,2001,2025
USW00013910,ABILENE DYESS AFB,US-TX,32.43333,-99.85,1956,1970
USW00013962,ABILENE REGIONAL AIRPORT,US-TX,32.41063,-99.68208,1946,2025
USC00410034,ACKERLY 4 SE,US-TX,32.50972,-101.67472,1940,2002
USC00410068,ADRIAN,US-TX,35.28333,-102.66667,1938,1948
USC00410081,AGUA NUEVA,US-TX,26.9,-98.6,1940,1964
USC00410120,ALBANY,US-TX,32.7047,-99.3012,1893,2025
USC00410144,ALICE,US-TX,27.72833,-98.06778,1893,2008
USW00012932,ALICE INTERNATIONAL AIRPORT,US-TX,27.74131,-98.02507,1948,2025
USC00410174,ALPINE,US-TX,30.3763,-103.66,1900,2020
USC00410190,ALTO 5 SW,US-TX,31.60944,-95.13417,1941,2008
USC00410204,ALVIN,US-TX,29.3653,-95.2337,1898,2010
USW00023047,AMARILLO AIRPORT,US-TX,35.22027,-101.71733,1943,2025
USC00410225,AMISTAD DAM,US-TX,29.4608,-101.0286,1964,2025
USC00410235,ANAHUAC,US-TX,29.7878,-94.6343,1909,2019
USC00410244,ANDERSON,US-TX,30.48333,-95.98333,1914,1972
USC00410257,ANGLETON 2 W,US-TX,29.1573,-95.4593,1895,2024
USW00012976,ANGLETON LAKE JACKSON BRAZORIA CO AIRPORT,US-TX,29.11536,-95.46323,1998,2025
USC00410262,ANNA,US-TX,33.35,-96.51667,1898,1995
USC00410268,ANSON,US-TX,32.76678,-99.89013,1898,2025
USC00410271,ANTELOPE,US-TX,33.4413,-98.3688,1910,2025
USC00410437,ARANSAS WILDLIFE REFUGE,US-TX,28.26667,-96.8,1940,1970
USC00410313,ARCHER CITY 2 W,US-TX,33.59878,-98.6544,1910,2017
USW00053907,ARLINGTON MUNICIPAL AIRPORT,US-TX,32.65832,-97.09509,1997,2025
USC00410337,ARLINGTON SIX FLAGS,US-TX,32.7572,-97.0736,1893,2020
USC00410367,ARTHUR CITY,US-TX,33.87556,-95.50222,1891,1970
USC00410394,ASPERMONT,US-TX,33.15251,-100.23319,1911,2025
USC00410404,ATHENS,US-TX,32.1633,-95.83,1903,2025
USC00410408,ATLANTA,US-TX,33.1244,-94.1661,1930,2025
USC00410420,AUSTIN,US-TX,30.28333,-97.73333,1893,1942
USW00013904,AUSTIN BERGSTROM INTERNATIONAL AIRPORT,US-TX,30.18311,-97.67989,1948,2025
USW00013958,AUSTIN CAMP MABRY,US-TX,30.3208,-97.7604,1938,2025
USC00410433,AUSTIN GREAT HILLS,US-TX,30.4144,-97.7664,2005,2025
USC00410432,AUSTIN MONTOPOLIS BR,US-TX,30.25,-97.68333,1903,1963
USC00410427,AUSTIN WATER TREATMENT PLANT,US-TX,30.28056,-97.65361,1996,1997
USC00410436,AUSTWELL,US-TX,28.389,-96.8388,1897,2025
USC00410482,BAKERSFIELD,US-TX,30.8878,-102.3008,1942,2020
USC00410493,BALLINGER 2 NW,US-TX,31.7413,-99.9763,1897,2025
USC00410498,BALMORHEA,US-TX,30.9839,-103.7408,1923,2023
USC00410518,BARDWELL DAM,US-TX,32.263,-96.6369,1965,2025
USC00410538,BARSTOW,US-TX,31.46667,-103.4,1906,1919
USW00012981,BAY CITY MUNICIPAL AIRPORT,US-TX,28.97306,-95.86333,2011,2025
USC00410569,BAY CITY WATERWORKS,US-TX,28.9798,-95.9749,1909,2025
USC00410586,BAYTOWN,US-TX,29.9142,-94.9908,1946,2025
USC00410611,BEAUMONT CITY,US-TX,30.0969,-94.0997,1901,2022
USC00410613,BEAUMONT RESEARCH CTR,US-TX,30.06848,-94.29289,1947,2025
USC00410639,BEEVILLE 5 NE,US-TX,28.4575,-97.7061,1894,2025
USW00012925,BEEVILLE CHASE NAAS,US-TX,28.36667,-97.66667,1945,1995
USC00410665,BELTON DAM,US-TX,31.1,-97.48333,1951,1992
USC00410691,BENBROOK DAM,US-TX,32.6475,-97.4439,1949,2025
USC00410704,BENJAMIN 4 SSE,US-TX,33.53333,-99.76667,1940,1975
USW00023041,BIG SPRING,US-TX,32.2443,-101.4537,1948,2021
USW00023019,BIGGS AFB,US-TX,31.84944,-106.38,1949,1966
USC00410805,BISHOP,US-TX,27.58417,-97.80306,1934,2012
USC00410832,BLANCO,US-TX,30.095,-98.4142,1896,2021
USC00410902,BOERNE,US-TX,29.7986,-98.7353,1893,2025
USC00410917,BON WIER,US-TX,30.73333,-93.65,1914,1988
USC00410923,BONHAM 3 NNE,US-TX,33.64007,-96.16683,1903,2025
USC00410944,BOOKER,US-TX,36.4533,-100.5394,1922,2021
USC00410942,BOOKER BLAU RANCH,US-TX,36.36667,-100.53333,1940,1955
USC00410950,BOQUILLAS RANGER STATION,US-TX,29.18528,-102.96222,1910,2006
USC00410955,BORGER,US-TX,35.65,-101.4,1944,1961
USC00410958,BORGER,US-TX,35.66884,-101.40233,1949,2018
USW00003024,BORGER HUTCHINSON CO AIRPORT,US-TX,35.69502,-101.39551,1997,2025
USC00410984,BOWIE,US-TX,33.5511,-97.8472,1897,2025
USW00000209,BOWIE MUNICIPAL AIRPORT,US-TX,33.6,-97.783,2011,2025
USC00410996,BOYD,US-TX,33.08,-97.56389,1946,1999
USC00411000,BOYS RANCH,US-TX,35.5302,-102.2563,1964,2025
USC00411007,BRACKETTVILLE,US-TX,29.3168,-100.4145,1897,2020
USC00411017,BRADY,US-TX,31.14453,-99.34922,1893,2025
USC00411033,BRAVO,US-TX,35.6201,-103.0071,1941,2025
USC00411034,BRAZORIA,US-TX,29.05,-95.56667,1893,1929
USC00411042,BRECKENRIDGE,US-TX,32.75,-98.9016,1898,2025
USC00411048,BRENHAM,US-TX,30.1591,-96.3972,1897,2025
USW00053928,BRENHAM MUNICIPAL AIRPORT,US-TX,30.21889,-96.37417,2011,2025
USC00411063,BRIDGEPORT,US-TX,33.2063,-97.7761,1908,2020
USW00053976,BRIDGEPORT MUNICIPAL AIRPORT,US-TX,33.17528,-97.82833,2011,2025
USC00411073,BRIGHTON,US-TX,27.65,-97.3,1893,1920
USC00411094,BRONSON,US-TX,31.35,-94.01667,1924,1979
USC00411127,BROWNFIELD,US-TX,33.18333,-102.26667,1914,1954
USC00411128,BROWNFIELD,US-TX,33.1909,-102.2681,1953,2025
USW00012919,BROWNSVILLE S PADRE ISLAND INTERNATIONAL AIRPORT,US-TX,25.91459,-97.42314,1898,2025
USC00411138,BROWNWOOD 2 NE,US-TX,31.72278,-99.01417,1893,2025
USC00411150,BRUNSON RANCH,US-TX,31.98333,-101.7,1940,1951
USC00411165,BUCHANAN DAM,US-TX,30.75,-98.41667,1943,1964
USC00411188,BUFFALO,US-TX,31.46667,-96.05,1940,1988
USC00411215,BULVERDE,US-TX,29.7382,-98.4521,1940,2025
USC00411224,BUNKER HILL,US-TX,36.15,-102.93333,1941,1990
USC00411250,BURNET,US-TX,30.7587,-98.2339,1893,2025
USW00003999,BURNET MUNICIPAL AIRPORT,US-TX,30.74067,-98.23539,1996,2025
USC00411267,BUSHLAND 1 WSW,US-TX,35.1866,-102.0797,1948,2025
USC00412013,C C BOTANICAL GARDENS,US-TX,27.6606,-97.3983,2003,2024
USC00411348,CAMERON,US-TX,30.8458,-96.97,1908,2009
USW00000351,CAMERON MUNICIPAL AIRPORT,US-TX,30.879,-96.971,2016,2025
USC00411398,CAMP WOOD,US-TX,29.6703,-100.0096,1944,2013
USC00411412,CANADIAN,US-TX,35.90917,-100.38833,1906,2001
USC00411416,CANDELARIA,US-TX,30.1383,-104.6821,1940,2011
USC00411425,CANTON 5 W,US-TX,32.56694,-95.95778,1944,2001
USC00411430,CANYON,US-TX,34.9805,-101.9263,1923,2025
USC00411429,CANYON DAM,US-TX,29.8607,-98.1959,1961,2025
USC00411437,CAPPS,US-TX,36.05,-101.63333,1941,1956
USC00411486,CARRIZO SPRINGS 3 S,US-TX,28.4895,-99.8734,1912,2025
USC00411490,CARROLLTON,US-TX,32.985,-96.92583,1923,2001
USC00411500,CARTHAGE,US-TX,32.1615,-94.3398,1908,2025
USC00411573,CELINA,US-TX,33.31667,-96.8,1946,1983
USC00411578,CENTER,US-TX,31.81957,-94.25285,1922,2025
USC00411596,CENTERVILLE,US-TX,31.258,-95.9744,1937,2025
USC00411632,CHAMBERS HILL GUARD,US-TX,31.46667,-93.83333,1942,1952
USC00411646,CHANNING,US-TX,35.6869,-102.3341,1904,1951
USC00411696,CHILDRESS 3 W,US-TX,34.43333,-100.25,1893,1946
USW00023007,CHILDRESS MUNICIPAL AIRPORT,US-TX,34.42747,-100.28391,1948,2025
USC00411701,CHILLICOTHE,US-TX,34.25,-99.51667,1895,1975
USC00411715,CHISOS BASIN,US-TX,29.2703,-103.3003,1943,2025
USC00411720,CHOKE CANYON DAM,US-TX,28.4675,-98.2525,1983,2025
USW00023072,CLARENDON,US-TX,34.96147,-100.85111,1904,2025
USC00411772,CLARKSVILLE 2 NE,US-TX,33.6164,-95.0717,1903,2010
USC00411777,CLASSENS RANCH,US-TX,29.65,-98.36667,1947,1972
USC00411778,CLAUDE,US-TX,35.11,-101.36194,1904,2001
USC00411800,CLEBURNE,US-TX,32.3138,-97.4061,1907,2025
USW00053981,CLEBURNE MUNICIPAL AIRPORT,US-TX,32.35389,-97.43389,2011,2025
USC00411823,CLIFTON 10 E,US-TX,31.8,-97.43333,1911,1975
USC00411874,COLDWATER,US-TX,36.4,-102.56667,1893,1983
USC00411875,COLEMAN,US-TX,31.82795,-99.41777,1894,2025
USC00411880,COLETO CREEK RESERVOIR,US-TX,28.7156,-97.1742,2003,2025
USC00411888,COLLEGE STATION 6 SW,US-TX,30.53333,-96.41667,1882,1984
USW00003904,COLLEGE STATION EASTERWOOD FIELD,US-TX,30.5912,-96.36309,1951,2025
USC00411903,COLORADO CITY,US-TX,32.39778,-100.85944,1898,2008
USC00411911,COLUMBUS,US-TX,29.699,-96.573,1903,2025
USC00411914,COMANCHE,US-TX,31.8983,-98.6033,1901,2014
USW00053997,COMANCHE CO CITY AIRPORT,US-TX,31.91667,-98.60028,2011,2025
USC00411946,CONLEN,US-TX,36.2352,-102.2405,1941,2021
USC00411956,CONROE,US-TX,30.3302,-95.4831,1897,2025
USW00053902,CONROE MONTGOMERY CO AIRPORT,US-TX,30.36109,-95.41757,1997,2025
USC00411970,COOPER,US-TX,33.3744,-95.6933,1944,2025
USC00411974,COPE RANCH,US-TX,31.5333,-101.2842,1948,2025
USC00411984,COPPERAS COVE,US-TX,31.11667,-97.9,1915,1983
USC00412012,CORNUDAS SERVICE STATION,US-TX,31.78,-105.47,1940,2007
USC00412014,CORPUS CHRISTI,US-TX,27.8,-97.4,1946,1980
USW00012946,CORPUS CHRISTI CABANISS FIELD NAVAL OUTLYING FIELD,US-TX,27.7,-97.43333,1949,2021
USW00012924,CORPUS CHRISTI INTERNATIONAL AIRPORT,US-TX,27.77335,-97.51302,1946,2025
USW00012926,CORPUS CHRISTI NAS,US-TX,27.68786,-97.29158,1945,2025
USC00412019,CORSICANA,US-TX,32.12258,-96.48663,1893,2025
USW00053912,CORSICANA CAMPBELL FIELD,US-TX,32.03155,-96.39936,1998,2025
USC00411481,COTTONWOOD,US-TX,30.16667,-99.11667,1920,1961
USW00012947,COTULLA LA SALLE CO AIRPORT,US-TX,28.45854,-99.22275,1949,2025
USC00412082,CRANE,US-TX,31.4072,-102.3577,1928,2025
USC00412096,CRESSON,US-TX,32.52241,-97.64772,1948,2021
USC00412104,CRIDER RANCH,US-TX,30.06667,-99.73333,1940,1975
USC00412114,CROCKETT,US-TX,31.3072,-95.4509,1904,2025
USC00412121,CROSBYTON,US-TX,33.66078,-101.27774,1893,2025
USC00412128,CROSS PLAINS,US-TX,32.11667,-99.16667,1939,1976
USC00412142,CROWELL,US-TX,33.9898,-99.73024,1916,2025
USC00412160,CRYSTAL CITY,US-TX,28.6794,-99.8311,1941,2008
USC00412173,CUERO,US-TX,29.0893,-97.3432,1901,2025
USC00412206,CYPRESS,US-TX,30.021,-95.7069,1943,2019
USC00412225,DAINGERFIELD 9 S,US-TX,32.9202,-94.7225,1944,2020
USW00003927,DAL FTW WSCMO AIRPORT,US-TX,32.89744,-97.02196,1948,2025
USC00412238,DALHART,US-TX,36.0605,-102.521,1946,2022
USC00412235,DALHART 6 SW,US-TX,36.00722,-102.61333,1988,2004
USC00412239,DALHART EXPERIMENTAL STATION,US-TX,36.01667,-102.58333,1905,1953
USW00093042,DALHART FAA AIRPORT,US-TX,36.02516,-102.54875,1948,2025
USC00412243,DALLAS,US-TX,32.77444,-96.82139,1897,1916
USC00410058,DALLAS ADDISON AIRPORT,US-TX,32.96778,-96.83722,2021,2025
USW00013960,DALLAS FAA AIRPORT,US-TX,32.83839,-96.83583,1939,2025
USW00003985,DALLAS FORT WORTH SPINKS AIRPORT,US-TX,32.565,-97.30806,2021,2025
USW00013907,DALLAS HENSLEY FIELD AFB,US-TX,32.73333,-96.96667,1949,1952
USW00093901,DALLAS HENSLEY FIELD NAS,US-TX,32.73333,-96.96667,1945,1997
USW00003971,DALLAS REDBIRD AIRPORT,US-TX,32.67816,-96.86771,1998,2025
USC00412266,DANEVANG 1 W,US-TX,29.0662,-96.25833,1896,2025
USC00412282,DARROUZETT,US-TX,36.4438,-100.3318,1941,2017
USC00412334,DECATUR,US-TX,33.22184,-97.58719,1904,2022
USW00053964,DECATUR MUNICIPAL AIRPORT,US-TX,33.25444,-97.58056,2011,2025
USC00412352,DEKALB,US-TX,33.4797,-94.6175,1944,2017
USW00022004,DEL RIO,US-TX,29.36667,-100.91667,1946,1963
USC00412364,DEL RIO 4 SW,US-TX,29.33167,-100.92972,1923,1989
USW00022010,DEL RIO INTERNATIONAL AIRPORT,US-TX,29.3784,-100.92704,1946,2025
USW00022001,DEL RIO LAUGHLIN AFB,US-TX,29.36667,-100.78333,1953,2025
USC00412354,DELL CITY 5 SSW,US-TX,31.91461,-105.20982,1979,2018
USC00412394,DENISON DAM,US-TX,33.81667,-96.56667,1940,1997
USC00412403,DENTON,US-TX,33.23333,-97.13333,1949,1965
USC00412404,DENTON 2 SE,US-TX,33.1991,-97.1049,1913,2025
USW00003991,DENTON MUNICPAL AIRPORT,US-TX,33.20883,-97.19922,1996,2025
USC00412408,DENVER CITY,US-TX,32.96944,-102.8264,1986,2025
USC00412430,DEVINE,US-TX,29.15,-98.9,1893,1954
USC00412444,DIALVILLE 2 W,US-TX,31.8613,-95.262,1897,2017
USC00412458,DILLEY,US-TX,28.68056,-99.18333,1910,2008
USC00412464,DIMMITT,US-TX,34.54422,-102.302,1959,2025
USW00003032,DRYDEN TERRELL CO AIRPORT,US-TX,30.048172,-102.21266,1999,2025
USC00412595,DRYER 1 NW,US-TX,29.38333,-97.26667,1940,1975
USC00412598,DUBLIN 2 SE,US-TX,32.0627,-98.3047,1897,2011
USC00412617,DUMAS,US-TX,35.8731,-101.9725,1937,2022
USC00412633,DUNDEE 6 NNW,US-TX,33.8157,-98.9318,1922,2013
USC00412669,EADS,US-TX,32.56667,-95.41667,1940,1958
USC00412679,EAGLE PASS 3 N,US-TX,28.757,-100.4792,1891,2018
USC00412715,EASTLAND,US-TX,32.39889,-98.8175,1893,2010
USC00412741,EDEN,US-TX,31.22102,-99.85015,1923,2025
USC00412769,EDNA 3 SW,US-TX,28.95,-96.68333,1909,1968
USC00412786,EL CAMPO,US-TX,29.2,-96.2654,1941,2025
USW00023044,EL PASO INTERNATIONAL AIRPORT,US-TX,31.81234,-106.37737,1938,2025
USC00412818,ELECTRA,US-TX,34.03083,-98.91167,1945,2005
USC00412902,EMORY,US-TX,32.8711,-95.7797,1897,2012
USC00412906,ENCINAL,US-TX,27.9774,-99.3847,1907,2025
USC00412941,ERA,US-TX,33.5,-97.3,1946,1953
USC00412965,ESTELLE,US-TX,32.86667,-97.01667,1894,1904
USC00413033,FABENS,US-TX,31.5,-106.15,1939,1977
USC00413047,FAIRFIELD 3 W,US-TX,31.7322,-96.2078,1941,2007
USC00413060,FALCON DAM,US-TX,26.558,-99.1372,1962,2025
USC00413063,FALFURRIAS,US-TX,27.1354,-98.1202,1907,2022
USC00413080,FARMERSVILLE,US-TX,33.14139,-96.29333,1946,2009
USC00413085,FARNSWORTH 3 NNW,US-TX,36.36667,-100.98333,1941,1958
USW00012978,FAYETTE REGIONAL AIR CENTER AIRPORT,US-TX,29.90778,-96.95,2011,2025
USC00413133,FERRIS,US-TX,32.5338,-96.6608,1940,2025
USC00413142,FIFE,US-TX,31.38333,-99.36667,1941,1975
USC00413183,FLATONIA 4 SE,US-TX,29.634,-97.0645,1908,2020
USC00413192,FLINT,US-TX,32.2,-95.35,1906,1949
USC00413201,FLORESVILLE,US-TX,29.1333,-98.1629,1916,2019
USC00413214,FLOYDADA,US-TX,33.98485,-101.33386,1911,2025
USC00413215,FLOYDADA 9 SE,US-TX,33.8761,-101.2463,1947,2025
USC00413225,FOLLETT,US-TX,36.4327,-100.1369,1930,2025
USC00413247,FORESTBURG 5 S,US-TX,33.4661,-97.5797,1893,2023
USC00413262,FORT DAVIS,US-TX,30.5996,-103.887,1902,2025
USW00003933,FORT HOOD,US-TX,31.13333,-97.71667,1960,2025
USC00413280,FORT STOCKTON,US-TX,30.9071,-102.9153,1940,2025
USC00413277,FORT STOCKTON 1,US-TX,30.88333,-102.88333,1897,1948
USW00023091,FORT STOCKTON PECOS CO AIRPORT,US-TX,30.91193,-102.91714,1996,2025
USW00053909,FORT WORTH ALLIANCE AIRPORT,US-TX,32.99434,-97.32034,1997,2025
USW00013961,FORT WORTH MEACHAM FIELD,US-TX,32.82478,-97.36403,1946,2025
USW00013911,FORT WORTH NAS,US-TX,32.76667,-97.45,1949,2025
USC00413299,FOWLERTON,US-TX,28.5032,-98.8391,1913,2013
USC00413329,FREDERICKSBURG,US-TX,30.2391,-98.9088,1896,2025
USW00093947,FREDERICKSBURG GILLESPIE CO AIRPORT,US-TX,30.24333,-98.90972,2011,2025
USC00413340,FREEPORT 2 NW,US-TX,28.9845,-95.3809,1931,2025
USC00413341,FREER,US-TX,27.8722,-98.6176,1947,2025
USC00413368,FRIONA,US-TX,34.63983,-102.72288,1927,2025
USC00413411,GAIL,US-TX,32.7744,-101.4539,1897,2025
USC00413415,GAINESVILLE,US-TX,33.6358,-97.1447,1897,1987
USW00093929,GAINESVILLE MUNICIPAL AIRPORT,US-TX,33.65139,-97.19694,2011,2024
USW00012944,GALVESTON,US-TX,29.33333,-94.77167,1897,2011
USW00012923,GALVESTON SCHOLES FIELD,US-TX,29.27036,-94.86421,1946,2025
USC00413445,GARDEN CITY,US-TX,31.8667,-101.4814,1912,2013
USW00012985,GARNER FIELD AIRPORT,US-TX,29.21139,-99.74361,2011,2025
USC00413485,GATESVILLE,US-TX,31.4144,-97.7019,1900,2021
USW00000362,GATESVILLE MUNICIPAL AIRPORT,US-TX,31.417,-97.8,2011,2025
USC00413506,GEORGETOWN,US-TX,30.63333,-97.68333,1896,1983
USC00413507,GEORGETOWN LAKE,US-TX,30.6763,-97.7208,1981,2025
USW00053942,GEORGETOWN MUNICIPAL AIRPORT,US-TX,30.67917,-97.67944,2017,2025
USC00413525,GIDDINGS 5 E,US-TX,30.1872,-96.8594,1940,2025
USW00053979,GIDDINGS LEE CO AIRPORT,US-TX,30.16917,-96.98,2011,2025
USC00413546,GILMER 4 WNW,US-TX,32.7463,-95.0497,1929,2012
USC00413565,GLADEWATER 3 WSW,US-TX,32.52694,-94.96,1946,1976
USC00413591,GLEN ROSE 2 W,US-TX,32.23417,-97.78528,1963,2000
USC00413614,GOLDTHWAITE 1 WSW,US-TX,31.4405,-98.5902,1923,2025
USC00413618,GOLIAD,US-TX,28.6616,-97.3851,1912,2014
USC00413623,GONZALES 2,US-TX,29.5,-97.45,1948,1964
USC00413622,GONZALES 2 S,US-TX,29.4744,-97.4481,1915,2023
USC00413640,GOOSE CREEK,US-TX,29.73333,-94.96667,1921,1956
USC00419015,GORDON 1 SW,US-TX,32.53333,-98.33333,1910,1991
USC00413668,GRAHAM,US-TX,33.12028,-98.56694,1897,2015
USW00053965,GRAHAM MUNICIPAL AIRPORT,US-TX,33.11,-98.55528,2011,2025
USC00413673,GRANBURY 2 ENE,US-TX,32.45,-97.75,1943,1975
USW00053977,GRANBURY MUNICIPAL AIRPORT,US-TX,32.44444,-97.81694,2011,2025
USW00053984,GRAND PRAIRIE MUNICIPAL AIRPORT,US-TX,32.69861,-97.04667,2021,2025
USC00413680,GRANDFALLS 3 SSE,US-TX,31.3027,-102.8221,1909,2015
USC00413686,GRANGER DAM,US-TX,30.7188,-97.3211,1980,2023
USC00413689,GRAPELAND,US-TX,31.48333,-95.48333,1935,1975
USC00413691,GRAPEVINE DAM,US-TX,32.9506,-97.0553,1897,2025
USW00053967,GRAYSON CO AIRPORT SHERMAN DENISON,US-TX,33.71417,-96.67361,2011,2025
USC00413734,GREENVILLE KGVL RADIO,US-TX,33.1677,-96.0983,1900,2024
USW00013926,GREENVILLE MUNICIPAL AIRPORT MAJORS FIELD,US-TX,33.06778,-96.06528,2011,2025
USC00413778,GROVETON,US-TX,31.19639,-95.14611,1923,2004
USC00413787,GRUVER,US-TX,36.2631,-101.4051,1941,2025
USC00413822,GUNTER 5 S,US-TX,33.375,-96.76111,1948,2000
USC00413828,GUTHRIE,US-TX,33.6266,-100.3369,1947,2025
USC00413862,HALE CENTER,US-TX,34.08333,-101.85,1897,1957
USC00413864,HALE CENTER 14 WNW,US-TX,34.13333,-102.05,1946,1958
USC00413873,HALLETTSVILLE 2 N,US-TX,29.4705,-96.9397,1893,2025
USC00413884,HAMILTON,US-TX,31.7089,-98.115,1915,2016
USW00000357,HAMILTON MUNICIPAL AIRPORT,US-TX,31.666,-98.149,2021,2025
USC00413890,HAMLIN 1 SW,US-TX,32.8694,-100.1211,1910,2014
USC00413922,HAPPY,US-TX,34.73333,-101.85,1894,1947
USC00413943,HARLINGEN,US-TX,26.2027,-97.6727,1911,2025
USW00012904,HARLINGEN RIO GRANDE VALLEY INTERNATIONAL AIRPORT,US-TX,26.2303,-97.65565,1952,2025
USC00413954,HARPER 3 ENE,US-TX,30.3086,-99.203,1909,2025
USC00413972,HART,US-TX,34.3697,-102.1175,1947,2025
USC00413981,HARTLEY 4 ESE,US-TX,35.8655,-102.3319,1893,2014
USC00413992,HASKELL,US-TX,33.16448,-99.73896,1893,2025
USC00413994,HASKELL 6 NW,US-TX,33.23333,-99.8,1941,1963
USC00413995,HASKELL SOIL CONSERVATION SERVICE,US-TX,33.06667,-99.61667,1943,1948
USC00414020,HAWKINS,US-TX,32.5781,-95.2034,1924,2025
USW00053973,HEARNE MUNICIPAL AIRPORT,US-TX,30.87194,-96.62222,2011,2025
USC00414080,HEMPSTEAD,US-TX,30.1,-96.08333,1903,1978
USC00414081,HENDERSON,US-TX,32.18265,-94.7967,1908,2025
USC00414093,HENRIETTA,US-TX,33.81278,-98.20028,1897,2006
USC00414098,HEREFORD,US-TX,34.8172,-102.4002,1905,2025
USC00414122,HEWITT,US-TX,31.46667,-97.2,1879,2003
USC00414137,HICO,US-TX,31.9844,-98.0311,1910,2009
USC00414140,HIGGINS,US-TX,36.1162,-100.0238,1907,2025
USC00414182,HILLSBORO,US-TX,32.0161,-97.1094,1903,2025
USW00053972,HILLSBORO MUNICIPAL AIRPORT,US-TX,32.08361,-97.09722,2004,2025
USC00414196,HITCHLAND 6 SSW,US-TX,36.41667,-101.35,1940,1973
USC00414254,HONDO,US-TX,29.3365,-99.1386,1899,2020
USW00012962,HONDO MUNICIPAL AIRPORT,US-TX,29.36013,-99.17423,1975,2025
USC00414257,HONEY GROVE,US-TX,33.58692,-95.9074,1898,2025
USC00414278,HORDS CREEK DAM,US-TX,31.84555,-99.56068,1953,2025
USC00414280,HORGER,US-TX,31.0,-94.16667,1944,1982
USW00012975,HOUSTON CLOVER FIELD,US-TX,29.51924,-95.2423,1997,2025
USW00012906,HOUSTON ELLINGTON AFB,US-TX,29.61667,-95.16667,1950,1970
USW00053910,HOUSTON HOOKS MEMORIAL AIRPORT,US-TX,30.06801,-95.55628,1998,2025
USC00414323,HOUSTON INDEPENDENCE HEIGHTS,US-TX,29.86667,-95.41667,1943,1995
USW00012960,HOUSTON INTERCONTINENTAL AIRPORT,US-TX,29.98438,-95.36072,1969,2025
USC00414327,HOUSTON NORTH HOUSTON,US-TX,29.8732,-95.5274,1947,2022
USW00012977,HOUSTON SUGARLAND MEM,US-TX,29.61971,-95.65748,2000,2025
USW00012945,HOUSTON WEATHER BUREAU CITY,US-TX,29.76667,-95.36667,1883,1990
USW00012918,HOUSTON WILLIAM P HOBBY AIRPORT,US-TX,29.64586,-95.28212,1930,2025
USC00414382,HUNTSVILLE,US-TX,30.7065,-95.5421,1903,2025
USW00053903,HUNTSVILLE MUNICIPAL AIRPORT,US-TX,30.74432,-95.58657,1997,2025
USC00414397,HYATT,US-TX,30.56667,-94.4,1935,1953
USC00414425,IMPERIAL,US-TX,31.26667,-102.7,1940,1993
USC00414440,INDIAN GAP,US-TX,31.66667,-98.41667,1943,1983
USC00414471,IOWA PARK EXPERIMENTAL STATION,US-TX,33.91667,-98.65,1940,1964
USC00414474,IRA,US-TX,32.583333,-101.0,1900,1905
USC00414517,JACKSBORO,US-TX,33.2065,-98.1688,1941,2025
USC00414525,JACKSONVILLE,US-TX,31.9622,-95.2736,1953,2025
USC00414524,JACKSONVILLE EXPERIMENTAL STATION,US-TX,31.98333,-95.28333,1897,1963
USC00414556,JARRELL,US-TX,30.8294,-97.601,1926,2017
USC00414563,JASPER,US-TX,30.9152,-94.0097,1878,2025
USC00414564,JASPER 2 E,US-TX,30.91667,-93.96667,1948,1952
USC00414570,JAYTON,US-TX,33.25426,-100.57305,1910,2025
USC00414575,JEDDO 3 S,US-TX,29.7663,-97.3163,1940,2017
USC00414577,JEFFERSON,US-TX,32.7692,-94.3591,1903,2025
USC00414591,JEWETT,US-TX,31.35,-96.15,1904,1991
USC00414597,JOE POOL LAKE,US-TX,32.6405,-96.9747,1984,2025
USC00414605,JOHNSON CITY 2 N,US-TX,30.30005,-98.40957,1964,2025
USC00414647,JOURDANTON,US-TX,28.9122,-98.5425,1916,2011
USC00414661,JUDKINS,US-TX,31.71667,-102.63333,1943,1955
USC00414670,JUNCTION 4 SSW,US-TX,30.4452,-99.8044,1897,2025
USW00013973,JUNCTION KIMBLE CO AIRPORT,US-TX,30.51048,-99.76649,1948,2025
USC00414693,KARNACK,US-TX,32.6663,-94.178,1942,2007
USC00414696,KARNES CITY 2 N,US-TX,28.9069,-97.8755,1919,2006
USC00414705,KAUFMAN 3 SE,US-TX,32.5586,-96.2725,1900,2012
USC00414752,KENEDY,US-TX,28.81667,-97.85,1948,1977
USC00414761,KENNEDALE 6 SSW,US-TX,32.55,-97.23333,1946,1981
USC00414767,KENT 5 E,US-TX,31.06667,-104.15,1893,1976
USC00414780,KERRVILLE,US-TX,30.05,-99.15,1897,1974
USW00012961,KERRVILLE MUNICIPAL AIRPORT,US-TX,29.98333,-99.08333,2011,2025
USC00414792,KILLEEN,US-TX,31.0658,-97.6919,1978,2025
USC00414810,KINGSVILLE,US-TX,27.5311,-97.8497,1902,2025
USW00012928,KINGSVILLE NAAS,US-TX,27.50898,-97.80408,1945,2025
USC00414819,KIRBYVILLE,US-TX,30.61667,-93.91667,1929,1999
USC00414841,KNAPP 2 SW,US-TX,32.6259,-101.1503,1931,2013
USC00414852,KNOX CITY,US-TX,33.41667,-99.81667,1935,1965
USC00414903,LA GRANGE,US-TX,29.9176,-96.8769,1910,2014
USC00414920,LA PRYOR,US-TX,28.9838,-99.8684,1915,2021
USC00414931,LA TUNA 1 S,US-TX,31.9835,-106.5915,1943,2012
USC00414934,LA VERNIA,US-TX,29.36667,-98.1,1941,1950
USC00414974,LAKE COLORADO CITY,US-TX,32.33333,-100.91667,1954,1993
USC00414976,LAKE FORK RESERVOIR,US-TX,32.8228,-95.5278,1989,2025
USC00414982,LAKE KEMP,US-TX,33.7542,-99.1442,1962,2025
USC00414978,LAKE KICKAPOO,US-TX,33.66667,-98.78333,1947,1964
USC00415013,LAMESA 1 SSE,US-TX,32.7228,-101.9456,1910,2020
USC00415016,LAMKIN,US-TX,31.816667,-98.266667,1917,1920
USC00415018,LAMPASAS,US-TX,31.0717,-98.1847,1897,2012
USW00000229,LAMPASAS AIRPORT,US-TX,31.106,-98.196,2021,2024
USC00415048,LANGTRY,US-TX,29.8097,-101.5604,1897,2022
USC00415060,LAREDO 2,US-TX,27.56838,-99.43295,1946,2025
USW00012907,LAREDO INTERNATIONAL AIRPORT,US-TX,27.53333,-99.46667,1965,2025
USW00012920,LAREDO MUNICIPAL AIRPORT,US-TX,27.533333,-99.466667,1915,1965
USC00415081,LATEX,US-TX,32.35,-94.1,1942,1963
USC00415094,LAVON DAM,US-TX,33.0352,-96.4861,1949,2025
USC00415158,LENORAH,US-TX,32.308,-101.8776,1941,2025
USC00415183,LEVELLAND,US-TX,33.5501,-102.3758,1926,2025
USC00415191,LEWISVILLE,US-TX,33.05,-97.0,1941,1959
USC00415196,LIBERTY,US-TX,30.0591,-94.7949,1903,2020
USC00415228,LINDALE 5 SE,US-TX,32.45,-95.36667,1931,1965
USC00415229,LINDEN,US-TX,33.0161,-94.3674,1940,2025
USC00415247,LIPSCOMB,US-TX,36.23615,-100.2707,1948,2023
USC00415263,LITTLEFIELD,US-TX,33.91667,-102.33333,1916,1966
USC00415265,LITTLEFIELD,US-TX,33.8688,-102.25834,1966,2025
USC00415271,LIVINGSTON 2 NNE,US-TX,30.7394,-94.9256,1937,2019
USC00415272,LLANO,US-TX,30.7426,-98.6543,1893,2025
USC00415341,LONGVIEW,US-TX,32.4725,-94.7172,1902,2025
USW00003951,LONGVIEW 11 SE,US-TX,32.3466,-94.6533,1975,2025
USW00003901,LONGVIEW E TX REGIONAL AIRPORT,US-TX,32.39094,-94.71396,1991,2025
USC00415351,LOOP,US-TX,32.9,-102.41667,1941,1995
USC00415363,LORENZO,US-TX,33.66667,-101.53333,1947,1995
USC00415410,LUBBOCK 9 N,US-TX,33.6897,-101.8219,1911,2025
USW00023042,LUBBOCK INTERNATIONAL AIRPORT,US-TX,33.66578,-101.8233,1945,2025
USC00415415,LUFKIN 11 NW,US-TX,31.4269,-94.8942,1983,2016
USW00093987,LUFKIN ANGELINA CO AIRPORT,US-TX,31.23593,-94.75468,1906,2025
USC00415429,LULING,US-TX,29.6755,-97.6577,1897,2025
USC00415477,MADISONVILLE,US-TX,30.9392,-95.9204,1918,2025
USC00415561,MANSFIELD DAM,US-TX,30.4,-97.91667,1944,1964
USC00415570,MAPLE,US-TX,33.78333,-102.9,1943,1949
USC00415579,MARATHON,US-TX,30.1926,-103.2716,1896,2022
USC00415611,MARLIN,US-TX,31.30511,-96.87671,1902,2025
USC00415618,MARSHALL,US-TX,32.48919,-94.32883,1893,2025
USC00415646,MARYS CREEK,US-TX,32.73333,-97.5,1946,1973
USC00415650,MASON,US-TX,30.74765,-99.23067,1941,2025
USC00415658,MATADOR,US-TX,34.025,-100.8117,1947,2025
USC00415659,MATAGORDA 2,US-TX,28.6835,-95.9733,1910,2018
USC00415661,MATHIS 4 SSW,US-TX,28.0372,-97.8725,1964,2025
USC00415667,MAUD,US-TX,33.3322,-94.3436,1940,2025
USC00415670,MAURBRO,US-TX,28.91667,-96.46667,1944,1966
USC00415757,MC GREGOR,US-TX,31.435,-97.4011,1893,2013
USC00415766,MC KINNEY 3 S,US-TX,33.23639,-96.64194,1903,2025
USC00415770,MC LEAN,US-TX,35.236,-100.5923,1907,2008
USC00415701,MCALLEN,US-TX,26.19222,-98.25028,1941,2025
USW00012959,MCALLEN MILLER INTERNATIONAL AIRPORT,US-TX,26.17912,-98.2445,1961,2025
USC00415707,MCCAMEY,US-TX,31.1331,-102.2218,1932,2025
USC00415721,MCCOOK,US-TX,26.565,-98.1236,1941,2025
USW00053914,MCKINNEY MUNICIPAL AIRPORT,US-TX,33.18286,-96.58988,1998,2025
USC00415742,MEDINA 1 NE,US-TX,29.8099,-99.2498,1966,2025
USC00415821,MEMPHIS,US-TX,34.72596,-100.53786,1905,2025
USC00415822,MENARD,US-TX,30.90445,-99.78658,1893,2019
USC00415828,MENTONE 2 S,US-TX,31.68333,-103.6,1943,1974
USC00415836,MERCEDES 6 SSE,US-TX,26.0619,-97.8997,1914,2013
USC00415854,MERRILL RANCH,US-TX,30.53333,-104.05,1939,1967
USC00415859,MERTZON,US-TX,31.26667,-100.81667,1941,1987
USW00053970,MESQUITE METRO AIRPORT,US-TX,32.74694,-96.53056,2021,2025
USC00415869,MEXIA,US-TX,31.618,-96.4497,1904,2014
USC00415875,MIAMI,US-TX,35.6935,-100.6392,1889,2006
USW00053966,MID WAY REGIONAL AIRPORT MIDLOTHIAN WAXAHACHIE,US-TX,32.45611,-96.9125,2011,2025
USC00415891,MIDLAND 4 ENE,US-TX,32.0185,-102.0257,1894,2020
USW00023023,MIDLAND INTERNATIONAL AIRPORT,US-TX,31.94754,-102.20859,1930,2025
USC00415954,MINEOLA,US-TX,32.635,-95.4822,1946,2025
USW00093985,MINERAL WELLS AIRPORT,US-TX,32.78155,-98.06023,1948,2025
USW00003943,MINERAL WELLS FORT WOLTERS AF,US-TX,32.85,-98.05,1966,1970
USC00415971,MIRANDO CITY,US-TX,27.45,-99.0,1948,1963
USC00415972,MISSION 4 W,US-TX,26.21667,-98.4,1910,1994
USC00415987,MOBEETIE,US-TX,35.53333,-100.43333,1910,1974
USC00416000,MONAHANS 1 NW,US-TX,31.6,-102.9,1900,1953
USC00416014,MONTAGUE,US-TX,33.66667,-97.75,1943,1964
USC00416070,MORSE,US-TX,36.06083,-101.47472,1941,1998
USC00416074,MORTON,US-TX,33.7187,-102.75866,1935,2025
USC00416078,MOSCOW,US-TX,30.91667,-94.83333,1940,1969
USC00416104,MOUNT LOCKE,US-TX,30.67112,-104.02317,1935,2025
USC00416108,MOUNT PLEASANT,US-TX,33.16303,-95.00972,1905,2025
USC00416130,MUENSTER,US-TX,33.6563,-97.3769,1941,2018
USC00416135,MULESHOE NUMBER 1,US-TX,34.2192,-102.7327,1921,2025
USC00416137,MULESHOE NWR,US-TX,33.95604,-102.77789,1980,2025
USC00416146,MUNDAY,US-TX,33.45389,-99.61583,1912,2003
USC00416176,NACOGDOCHES,US-TX,31.6,-94.65,1900,1973
USC00416177,NACOGDOCHES,US-TX,31.6163,-94.643,1948,2025
USC00416205,NATALIA,US-TX,29.2,-98.85,1909,1976
USC00416210,NAVARRO MILLS DAM,US-TX,31.9611,-96.688,1963,2025
USC00416215,NAZARETH,US-TX,34.55,-102.1,1906,1911
USC00416276,NEW BRAUNFELS,US-TX,29.6596,-98.1636,1893,2017
USW00012971,NEW BRAUNFELS MUNICIPAL AIRPORT,US-TX,29.70887,-98.04585,1996,2025
USC00416273,NEW BRAUNFELS WEATHER FORECAST OFFICE,US-TX,29.70439,-98.0283,2010,2025
USC00416286,NEW GULF,US-TX,29.26667,-95.895,1946,1999
USC00416368,NIXON,US-TX,29.2827,-97.7675,1921,2025
USC00416433,NORTHFIELD,US-TX,34.27937,-100.58825,1944,2025
USC00416477,NOTLA 3 SE,US-TX,36.1013,-100.5894,1940,2019
USC00416494,NUGENT 1 ESE,US-TX,32.68333,-99.66667,1940,1972
USC00416499,O C FISHER DAM,US-TX,31.45389,-100.49333,1975,2008
USC00416502,ODESSA,US-TX,31.8796,-102.3592,1950,2025
USW00003031,ODESSA SCHLEMEYER FIELD,US-TX,31.925,-102.38743,1998,2025
USC00416636,OLNEY,US-TX,33.3733,-98.7663,1956,2011
USC00416641,OLNEY 5 NNW,US-TX,33.43722,-98.78056,1941,2004
USC00416644,OLTON,US-TX,34.17956,-102.1351,1928,2025
USC00416664,ORANGE,US-TX,30.0858,-93.7416,1897,2018
USC00416722,OVERTON,US-TX,32.26667,-94.98333,1943,1987
USC00416734,OZONA,US-TX,30.7169,-101.2061,1948,2013
USC00416743,PADUCAH 2 WNW,US-TX,34.03333,-100.31667,1913,1950
USC00416740,PADUCAH 7 E,US-TX,34.02316,-100.18419,1944,2025
USC00416747,PAINT ROCK,US-TX,31.50649,-99.93068,1918,2025
USW00012935,PALACIOS MUNICIPAL AIRPORT,US-TX,28.7248,-96.25353,1943,2025
USW00093914,PALESTINE 2 NE,US-TX,31.7831,-95.6039,1930,2024
USW00093983,PALESTINE MUNICIPAL AIRPORT,US-TX,31.77972,-95.70639,2011,2025
USW00023053,PAMPA,US-TX,35.53333,-100.96667,1908,1964
USC00416780,PANDALE 1 N,US-TX,30.20611,-101.5575,1909,2011
USC00416785,PANHANDLE,US-TX,35.3513,-101.3897,1911,2017
USC00416792,PANTHER JUNCTION,US-TX,29.3273,-103.2062,1955,2025
USC00416794,PARIS,US-TX,33.6744,-95.5586,1896,2025
USW00093955,PARIS,US-TX,33.63333,-95.45,2011,2025
USC00416879,PEARSALL,US-TX,28.8888,-99.0897,1902,2024
USC00416892,PECOS,US-TX,31.41667,-103.5,1904,2000
USC00416932,PENWELL,US-TX,31.7356,-102.5897,1955,2013
USW00013923,PERRIN AFB,US-TX,33.71667,-96.66667,1949,1970
USC00416950,PERRYTON,US-TX,36.3897,-100.8238,1893,2022
USC00416953,PERRYTON 11 WNW,US-TX,36.4407,-100.996,1945,2021
USC00417020,PIERCE 1 E,US-TX,29.2353,-96.1816,1904,2014
USC00417044,PINE SPRINGS,US-TX,31.89028,-104.80778,1939,2008
USW00023055,PINE SPRINGS GUADALUPE MOUNTAINS NATIONAL PARK,US-TX,31.832739,-104.809025,1948,2023
USC00417066,PITTSBURG 5 SSE,US-TX,32.9263,-94.9392,1949,2017
USC00417074,PLAINS,US-TX,33.1869,-102.828,1925,2025
USC00417079,PLAINVIEW,US-TX,34.1891,-101.7023,1908,2025
USC00417081,PLAINVIEW WATER PRODUCTION,US-TX,34.1981,-101.746,2000,2025
USC00417111,PLEASANTON,US-TX,28.9605,-98.4772,1948,2025
USW00000130,PLEASANTON MUNICIPAL AIRPORT,US-TX,28.95,-98.517,2014,2025
USC00417116,PLEMONS,US-TX,35.76667,-101.33333,1906,1951
USC00417140,POINT COMFORT,US-TX,28.6575,-96.5553,1957,2025
USC00417146,POLAR,US-TX,33.01667,-101.06667,1940,1975
USW00012917,PORT ARTHUR SE TX REGIONAL AIRPORT,US-TX,29.95205,-94.02616,1947,2025
USC00417173,PORT ARTHUR WEATHER BUREAU CITY,US-TX,29.86667,-93.93333,1911,1967
USC00417179,PORT ISABEL,US-TX,26.0949,-97.30696,1896,2025
USW00012957,PORT ISABEL CAMERON CO AIRPORT,US-TX,26.15966,-97.33781,1998,2025
USC00417183,PORT LAVACA,US-TX,28.6079,-96.6416,1982,2015
USC00417182,PORT LAVACA 2,US-TX,28.61667,-96.63333,1901,1988
USC00417186,PORT O CONNOR,US-TX,28.4342,-96.4277,1948,2013
USC00417205,POSSUM KINGDOM DAM,US-TX,32.86667,-98.43333,1939,1975
USC00417206,POST,US-TX,33.19847,-101.37463,1910,2025
USC00417215,POTEET,US-TX,29.028,-98.5686,1941,2025
USC00417230,POYNOR 1 NE,US-TX,32.08333,-95.58333,1944,1975
USC00417262,PRESIDIO,US-TX,29.5711,-104.3713,1927,2013
USC00417271,PRICE 2 SW,US-TX,32.11667,-94.96667,1941,1975
USC00417300,PROCTOR RESERVOIR,US-TX,31.9633,-98.4941,1963,2025
USC00417299,PROVIDENT CITY,US-TX,29.28333,-96.63333,1944,1966
USC00417327,PUTNAM,US-TX,32.36644,-99.19245,1911,2025
USC00417336,QUANAH 2 SW,US-TX,34.27611,-99.75778,1893,2008
USC00417361,QUITAQUE,US-TX,34.36667,-101.05,1934,1976
USC00417388,RAINBOW,US-TX,32.2619,-97.7063,1934,2025
USW00000448,RALPH M HALL ROCKWALL MUNICIPAL AIRPORT,US-TX,32.93059,-96.43548,2016,2025
USW00012911,RANDOLPH AFB,US-TX,29.5325,-98.2623,1948,2025
USC00417425,RANGER,US-TX,32.46667,-98.68333,1946,1952
USC00417426,RANGER 1 W,US-TX,32.46667,-98.7,1940,1975
USC00417458,RAYMONDVILLE,US-TX,26.4644,-97.7848,1910,2025
USC00417481,RED BLUFF DAM,US-TX,31.895,-103.91833,1939,2003
USW00023021,REESE AFB,US-TX,33.58333,-102.23333,1950,1970
USC00417529,REFUGIO,US-TX,28.3,-97.28333,1948,1984
USC00417533,REFUGIO 2 NW,US-TX,28.3294,-97.2947,1985,2011
USC00417552,RENDHAM,US-TX,33.58333,-99.15,1943,1958
USC00417580,RICARDO,US-TX,27.41667,-97.81667,1909,1975
USC00417581,RICE,US-TX,32.26667,-96.5,1940,1956
USC00417588,RICHARDSON,US-TX,32.9963,-96.7427,1946,2025
USC00417614,RINGGOLD,US-TX,33.81667,-97.93333,1940,1994
USC00417622,RIO GRANDE CITY,US-TX,26.3769,-98.8116,1892,2025
USC00417628,RIOMEDINA,US-TX,29.4416,-98.8801,1922,2017
USC00417633,RISING STAR 1 S,US-TX,32.08167,-98.96583,1942,2011
USW00003902,ROBERT GRAY ARMY AIR FIELD,US-TX,31.06667,-97.83333,1950,2025
USC00417669,ROBERT LEE 4 WSW,US-TX,31.88348,-100.53575,1908,2017
USC00417677,ROBSTOWN,US-TX,27.7895,-97.662,1922,2025
USC00417678,ROBY,US-TX,32.73333,-100.38333,1893,1975
USC00417680,ROCHELLE,US-TX,31.233333,-99.2,1915,1935
USC00417693,ROCK ISLAND,US-TX,29.53333,-96.58333,1899,1907
USC00417685,ROCKDALE,US-TX,30.643,-97.0372,1963,2015
USC00417700,ROCKLAND 2 NW,US-TX,31.01667,-94.4,1904,1979
USC00417704,ROCKPORT,US-TX,28.0183,-97.05654,1959,2025
USC00417705,ROCKPORT,US-TX,28.01667,-97.05,1901,1958
USW00012972,ROCKPORT ARANSAS CO AIRPORT,US-TX,28.08366,-97.04669,1996,2025
USC00417706,ROCKSPRINGS,US-TX,30.024,-100.212,1894,2025
USW00000477,ROGER M DREYER MEMORIAL AIRPORT,US-TX,29.5291,-97.4643,2017,2025
USC00417730,ROMERO,US-TX,35.71667,-102.91667,1910,1936
USC00417743,ROSCOE,US-TX,32.44807,-100.52632,1935,2025
USC00417756,ROSENBERG,US-TX,29.55,-95.78333,1900,1960
USC00417768,ROSS,US-TX,31.71667,-97.11667,1940,1975
USC00417779,ROSSVILLE,US-TX,29.1,-98.68333,1907,1926
USC00417782,ROTAN,US-TX,32.85544,-100.46116,1924,2020
USC00417836,RUNGE,US-TX,28.8297,-97.7133,1895,2019
USC00417841,RUSK,US-TX,31.8093,-95.1428,1942,2025
USC00417873,SABINAL,US-TX,29.32787,-99.46537,1903,2025
USW00023059,SALT FLAT,US-TX,31.75,-105.08333,1946,1957
USC00417936,SAM RAYBURN DAM,US-TX,31.0619,-94.1011,1968,2025
USW00023017,SAN ANGELO GOODFELLOW AFB,US-TX,31.4,-100.4,1946,1958
USW00023034,SAN ANGELO MATHIS FIELD AIRPORT,US-TX,31.35172,-100.4948,1907,2025
USC00417944,SAN ANGELO WEATHER FORECAST OFFICE,US-TX,31.37083,-100.49432,1947,2025
USW00012931,SAN ANTONIO BROOKS AFB,US-TX,29.35,-98.45,1949,1960
USC00417947,SAN ANTONIO INCARNATE WORD,US-TX,29.4704,-98.47278,1997,2024
USW00012921,SAN ANTONIO INTERNATIONAL AIRPORT,US-TX,29.54429,-98.48395,1946,2025
USW00012909,SAN ANTONIO KELLY FIELD AFB,US-TX,29.38333,-98.58333,1949,2025
USC00417948,SAN ANTONIO NURSERY,US-TX,29.3,-98.46667,1893,1951
USC00418169,SAN ANTONIO SEAWORLD,US-TX,29.4508,-98.7027,1988,2012
USW00012970,SAN ANTONIO STINSON MUNICIPAL AIRPORT,US-TX,29.33896,-98.47198,1998,2025
USC00417951,SAN AUGUSTINE,US-TX,31.51921,-94.11866,1909,2025
USC00417952,SAN BENITO,US-TX,26.13333,-97.63333,1920,1975
USC00417983,SAN MARCOS,US-TX,29.8832,-97.9494,1893,2025
USW00012910,SAN MARCOS GARY AFB,US-TX,29.88333,-97.86667,1951,1956
USW00012979,SAN MARCOS MUNICIPAL AIRPORT,US-TX,29.89083,-97.86444,2017,2025
USC00417992,SAN SABA,US-TX,31.18333,-98.71667,1901,2000
USC00417997,SANATORIUM,US-TX,31.61667,-100.65,1945,1953
USC00418022,SANDERSON,US-TX,30.1414,-102.3917,1897,2013
USC00418040,SANFORD DAM,US-TX,35.7048,-101.5492,1993,2025
USC00418043,SANGER,US-TX,33.36333,-97.17444,1941,1999
USC00418059,SANTA ROSA 3 WNW,US-TX,26.2655,-97.8713,1987,2024
USC00418081,SARITA 7 E,US-TX,27.2169,-97.6955,1899,2017
USC00418126,SCHULENBURG,US-TX,29.6825,-96.8563,1926,2022
USC00418160,SEALY,US-TX,29.77139,-96.14556,1910,2003
USC00418186,SEGUIN,US-TX,29.58333,-97.95,1922,1972
USC00418201,SEMINOLE,US-TX,32.7131,-102.6596,1922,2023
USC00418221,SEYMOUR 3 NW,US-TX,33.64187,-99.28943,1905,2025
USC00418235,SHAMROCK,US-TX,35.2,-100.25,1929,1987
USC00418236,SHAMROCK NUMBER 2,US-TX,35.215,-100.2502,1962,2018
USC00418274,SHERMAN,US-TX,33.7033,-96.6419,1897,2025
USC00418305,SIERRA BLANCA 2 E,US-TX,31.18306,-105.35417,1893,2002
USC00418323,SILVERTON,US-TX,34.47336,-101.30218,1925,2025
USC00418354,SINTON,US-TX,28.10106,-97.56895,1921,2023
USC00418382,SLOAN,US-TX,31.15,-98.91667,1935,1975
USC00418415,SMITHVILLE,US-TX,30.0093,-97.1644,1917,2021
USC00418433,SNYDER,US-TX,32.7101,-100.9112,1911,2025
USC00418435,SOCORRO,US-TX,31.65,-106.28333,1918,1950
USC00418446,SOMERVILLE DAM,US-TX,30.3368,-96.5402,1963,2025
USC00418449,SONORA,US-TX,30.55071,-100.65191,1902,2025
USC00418721,SONORA EXPERIMENT ST,US-TX,30.26667,-100.58333,1922,1952
USC00418523,SPEARMAN,US-TX,36.19806,-101.18472,1920,2003
USC00418566,SPUR,US-TX,33.4791,-100.8761,1911,2025
USC00418583,STAMFORD 1,US-TX,32.94035,-99.80357,1911,2025
USW00000176,STEPHENS CO AIRPORT,US-TX,32.717,-98.892,2021,2025
USW00003969,STEPHENVILLE 9 NNE,US-TX,32.36074,-98.12689,1918,2025
USC00418646,STILLHOUSE HOLLOW DAM,US-TX,31.0372,-97.5283,1963,2025
USC00418658,STOCKDALE 6 N,US-TX,29.3258,-97.9752,1940,2021
USC00418692,STRATFORD,US-TX,36.4415,-102.0776,1911,2019
USC00418696,STRAWN 8 NNE,US-TX,32.6591,-98.4677,1949,2022
USC00418728,SUGAR LAND,US-TX,29.61833,-95.63583,1893,2025
USC00418743,SULPHUR SPRINGS,US-TX,33.148,-95.6269,1893,2025
USW00093937,SULPHUR SPRINGS MUNICIPAL AIRPORT,US-TX,33.16667,-95.61667,2021,2025
USC00418761,SUNRAY 4 SW,US-TX,35.96667,-101.86667,1932,1984
USC00418818,TAHOKA,US-TX,33.17,-101.80999,1913,2025
USC00418833,TAMPICO,US-TX,34.46667,-100.81667,1940,1984
USC00418845,TARPLEY 3 S,US-TX,29.6075,-99.2801,1937,2021
USC00418852,TASCOSA,US-TX,35.56667,-102.3,1941,1984
USC00418861,TAYLOR,US-TX,30.57,-97.40917,1929,2001
USC00418862,TAYLOR 1 NW,US-TX,30.5844,-97.4156,2000,2025
USW00063904,TAYLOR MUNICIPAL AIRPORT,US-TX,30.57263,-97.44319,2019,2025
USC00418898,TELEPHONE,US-TX,33.78333,-96.01667,1944,1958
USC00418910,TEMPLE,US-TX,31.07806,-97.31833,1893,2003
USW00093984,TEMPLE DRAUGHTON MIL,US-TX,31.15,-97.41667,2011,2025
USC00418929,TERRELL,US-TX,32.7336,-96.3224,1941,2020
USW00053911,TERRELL MUNICIPAL AIRPORT,US-TX,32.71311,-96.26878,1998,2025
USC00418939,TESCO,US-TX,32.5,-100.25,1944,1971
USC00418942,TEXARKANA,US-TX,33.4368,-94.0773,1968,2025
USC00418964,TEXLINE,US-TX,36.3785,-103.0244,1904,2025
USC00418996,THOMPSONS 3 WSW,US-TX,29.4821,-95.6314,1942,2023
USC00419004,THORNTON 1 SSE,US-TX,31.3916,-96.5655,1944,2018
USC00419014,THROCKMORTON,US-TX,33.18056,-99.18972,1924,1999
USC00419031,TILDEN 4 SSE,US-TX,28.4113,-98.5294,1903,2010
USC00419076,TOMBALL,US-TX,30.1004,-95.6114,1941,2013
USC00419088,TORNILLO 2 SSE,US-TX,31.40183,-106.05704,1946,2025
USC00418568,TOWN BLUFF DAM,US-TX,30.8,-94.18333,1953,1970
USC00419101,TOWN BLUFF DAM,US-TX,30.79303,-94.18195,1970,2025
USC00419106,TOYAH,US-TX,31.3,-103.8,1943,1977
USC00419122,TRENT,US-TX,32.49056,-100.11972,1940,2006
USC00419154,TRUBY 3 ESE,US-TX,32.63333,-99.88333,1940,1972
USC00419162,TRUNK,US-TX,32.21667,-101.71667,1940,1949
USC00419163,TRUSCOTT 3 W,US-TX,33.75707,-99.86187,1948,2025
USC00419169,TUCO STATION,US-TX,33.88333,-101.85,1946,1952
USC00419175,TULIA,US-TX,34.55837,-101.72382,1948,2025
USC00419176,TULIA 6 NE,US-TX,34.6,-101.7,1896,1952
USC00419191,TURKEY,US-TX,34.39604,-100.89661,1941,2025
USW00013972,TYLER POUNDS FIELD,US-TX,32.3587,-95.404,1883,2025
USC00419224,UMBARGER,US-TX,34.9577,-102.1044,1941,2012
USC00419265,UVALDE,US-TX,29.21667,-99.76667,1905,1985
USC00419268,UVALDE 3 SW,US-TX,29.185,-99.8325,1982,2005
USC00419275,VALENTINE 10 WSW,US-TX,30.5524,-104.6468,1897,2025
USC00419295,VAN HORN,US-TX,31.0417,-104.8372,1939,2025
USC00419330,VEGA 2 NW,US-TX,35.2774,-102.4633,1923,2025
USC00419346,VERNON,US-TX,34.15155,-99.32517,1904,2025
USW00012922,VICTORIA,US-TX,28.78333,-97.08333,1946,1961
USC00419365,VICTORIA CP AND L,US-TX,28.7875,-97.01056,1893,2003
USC00419361,VICTORIA FIRE DEPARTMENT NUMBER 5,US-TX,28.8608,-97.0181,1999,2021
USW00012912,VICTORIA REGIONAL AIRPORT,US-TX,28.86245,-96.9301,1941,2025
USC00419421,WACO,US-TX,31.53333,-97.06667,1883,1957
USC00419417,WACO DAM,US-TX,31.6003,-97.2169,1965,2025
USW00013928,WACO JAMES CONNALLY AFB,US-TX,31.63333,-97.06667,1949,1968
USW00053952,WACO MCGREGOR EXECUTIVE AIRPORT,US-TX,31.48472,-97.31639,2011,2025
USW00013959,WACO REGIONAL AIRPORT,US-TX,31.61796,-97.2283,1941,2025
USC00419480,WARREN 2 S,US-TX,30.58333,-94.4,1935,1992
USC00419499,WATER VALLEY,US-TX,31.67253,-100.72832,1898,2025
USC00419522,WAXAHACHIE,US-TX,32.428,-96.8422,1897,2012
USC00419532,WEATHERFORD,US-TX,32.74789,-97.77039,1902,2025
USW00023005,WEBB AFB,US-TX,32.21667,-101.51667,1953,1970
USC00419565,WELLINGTON,US-TX,34.8422,-100.2102,1912,2018
USC00419588,WESLACO,US-TX,26.178,-97.9708,1914,2025
USW00012953,WHARTON REGIONAL AIRPORT,US-TX,29.26611,-96.0075,2011,2025
USC00419715,WHITNEY DAM,US-TX,31.8611,-97.375,1949,2025
USC00419716,WHITSETT 3 SW,US-TX,28.63333,-98.26667,1914,1964
USW00013966,WICHITA FALLS MUNICIPAL AIRPORT,US-TX,33.97855,-98.49298,1897,2025
USC00419732,WICHITA VALLEY 55,US-TX,33.93333,-98.61667,1939,1954
USC00419730,WICHITA VALLEY FARM,US-TX,33.93333,-98.58333,1939,1972
USC00419754,WILDWOOD,US-TX,30.5347,-94.4455,1992,2016
USC00419772,WILLIAM HARRIS RESER,US-TX,29.25,-95.55,1948,1964
USC00419800,WILLS POINT,US-TX,32.7019,-96.015,1905,2025
USC00419847,WINGATE,US-TX,32.0444,-100.1078,1968,2023
USW00023040,WINK FAA AIRPORT,US-TX,31.78011,-103.2017,1938,2025
USC00419842,WINTER HAVEN EXPERIM,US-TX,28.63333,-99.86667,1947,1964
USC00419845,WINTERS 9 NNE,US-TX,32.1,-99.9,1911,1968
USC00419916,WRIGHT PATMAN DM AND LK,US-TX,33.3038,-94.1584,1974,2025
USC00419952,YOAKUM,US-TX,29.2738,-97.1555,1917,2024
USC00419966,YSLETA,US-TX,31.69528,-106.32167,1939,2009
USC00419976,ZAPATA 1 S,US-TX,26.8705,-99.2536,1909,2014
USC00420050,ALLEN S RANCH,US-UT,40.89972,-109.15278,1962,2001
USC00420061,ALPINE,US-UT,40.46437,-111.77088,1899,2025
USC00420072,ALTA,US-UT,40.59058,-111.63703,1905,2025
USC00420074,ALTAMONT,US-UT,40.36696,-110.29858,1953,2025
USC00420086,ALTON,US-UT,37.4402,-112.4819,1915,2025
USC00420113,ALUNITE,US-UT,38.36667,-112.26667,1917,1953
USC00420157,ANETH PLANT,US-UT,37.25583,-109.32917,1900,2008
USC00420336,ARCHES NATIONAL PARK HQS,US-UT,38.6163,-109.6191,1980,2025
USC00420478,BAUER,US-UT,40.46667,-112.36667,1941,1959
USC00420487,BEAR LAKE STATE PARK,US-UT,41.96393,-111.39844,1989,2021
USC00420506,BEAR RIVER REFUGE,US-UT,41.46667,-112.26667,1937,1984
USC00420519,BEAVER,US-UT,38.3,-112.65,1893,1990
USC00420527,BEAVER CANYON POWER HOUSE,US-UT,38.26827,-112.4818,1939,2021
USC00420617,BENMORE,US-UT,40.03333,-112.41667,1911,1953
USC00420699,BINGHAM CANYON,US-UT,40.53333,-112.15,1940,1974
USC00420700,BINGHAM CANYON 2 NE,US-UT,40.56667,-112.13333,1974,1985
USC00420716,BIRDSEYE,US-UT,39.86667,-111.53333,1933,1992
USC00420730,BLACK ROCK,US-UT,38.7076,-112.9539,1900,2025
USC00420738,BLANDING,US-UT,37.61322,-109.48484,1904,2025
USC00420757,BLOWHARD MOUNTAIN RADAR,US-UT,37.5927,-112.8638,1964,2006
USC00420777,BLUE CREEK,US-UT,41.9,-112.5,1896,1952
USC00420788,BLUFF,US-UT,37.2824,-109.5575,1911,2025
USC00420802,BONANZA,US-UT,40.01667,-109.18333,1938,1993
USC00420810,BONANZA PUMPING STATION,US-UT,40.03333,-109.11667,1960,1966
USC00420924,BRIGHAM CITY,US-UT,41.48333,-112.03333,1899,1974
USC00420928,BRIGHAM CITY WASTE PLANT,US-UT,41.52417,-112.04349,1974,2025
USW00023159,BRYCE CANYON AIRPORT,US-UT,37.70127,-112.14897,1948,2025
USC00421008,BRYCE CANYON NATIONAL PARK HQRS,US-UT,37.64101,-112.17024,1959,2025
USC00421006,BRYCE CNYN NATIONAL PARK,US-UT,37.63333,-112.18333,1971,1978
USC00421007,BRYCE CNYN NATIONAL PARK,US-UT,37.63333,-112.18333,1933,1959
USC00421144,CALLAO,US-UT,39.8997,-113.7128,1902,2025
USC00421149,CALLISTER RANCH,US-UT,40.68333,-112.66667,1967,1984
USC00421163,CANYONLANDS THE NECK,US-UT,38.46,-109.8213,1965,2025
USC00421168,CANYONLANDS THE NEEDLES,US-UT,38.1678,-109.7597,1965,2025
USC00421171,CAPITOL REEF NATIONAL PARK,US-UT,38.29132,-111.26221,1967,2025
USC00421214,CASTLE DALE,US-UT,39.20765,-111.0128,1899,2025
USC00421222,CASTLE ROCK,US-UT,41.13333,-111.16667,1904,1961
USC00421241,CASTLE VALLEY,US-UT,38.6513,-109.3986,1978,2009
USC00421256,CEDAR BREAKS STORAGE,US-UT,37.61667,-112.83333,1948,1970
USC00421259,CEDAR CITY,US-UT,37.6658,-113.08372,2000,2025
USW00093129,CEDAR CITY AIRPORT,US-UT,37.70672,-113.09698,1948,2025
USC00421272,CEDAR CITY POWERHOUS,US-UT,37.68333,-113.08333,1905,1961
USC00421273,CEDAR CITY STEAM PLA,US-UT,37.66667,-113.03333,1961,1983
USC00421308,CEDAR POINT,US-UT,37.7158,-109.0827,1957,2018
USC00421432,CIRCLEVILLE,US-UT,38.1706,-112.2786,1941,2010
USC00421440,CISCO,US-UT,38.96667,-109.31667,1893,1967
USC00421446,CITY CREEK WATER PLANT,US-UT,40.81496,-111.83209,1955,2025
USC00423929,CITY CRK WATER PLANT,US-UT,40.81667,-111.83333,1915,1956
USC00421472,CLEAR CREEK,US-UT,39.65,-111.15,1905,1967
USW00024120,COALVILLE,US-UT,40.9138,-111.3983,1894,2012
USC00421731,CORINNE,US-UT,41.548,-112.1105,1896,2006
USC00421759,COTTONWOOD WEIR,US-UT,40.6189,-111.7836,1917,2025
USC00421792,COVE FORT,US-UT,38.6,-112.58333,1941,1980
USC00421918,CUTLER DAM,US-UT,41.83308,-112.05788,1980,2025
USC00422057,DEER CREEK DAM,US-UT,40.4044,-111.5289,1939,2025
USW00023162,DELTA,US-UT,39.33741,-112.58571,1938,2025
USC00422101,DESERET,US-UT,39.28754,-112.6513,1893,2025
USC00422172,DINOSAUR NATIONAL MO,US-UT,40.43333,-109.3,1941,1958
USC00422173,DINOSAUR NM QUARRY AREA,US-UT,40.4384,-109.307,1915,2025
USC00422235,DRAPER POINT OF MOUNTAIN,US-UT,40.4877,-111.8997,1985,2008
USC00422253,DUCHESNE,US-UT,40.1703,-110.3978,1906,2025
USC00422257,DUGWAY,US-UT,40.1838,-112.9216,1950,2013
USW00024103,DUGWAY PROVING GROUNDS,US-UT,40.18333,-112.93333,1949,1970
USC00422385,ECHO DAM,US-UT,40.96554,-111.4336,1940,2025
USC00422418,ELBERTA,US-UT,39.95,-111.95,1902,1992
USC00422429,ELKHORN ASHLEY RANGER STATION,US-UT,40.55,-109.95,1910,1956
USC00422484,EMERY,US-UT,38.91667,-111.25,1901,1978
USC00422558,ENTERPRISE,US-UT,37.57249,-113.70911,1905,2025
USC00422561,ENTERPRISE BERYL JCT,US-UT,37.7697,-113.6555,1940,2008
USC00423388,EPHRAIM HQ GBRC,US-UT,39.31667,-111.48333,1918,1950
USC00422592,ESCALANTE,US-UT,37.7686,-111.5977,1901,2025
USC00422607,ESKDALE,US-UT,39.1077,-113.9533,1966,2025
USC00422625,EUREKA,US-UT,39.95,-112.11667,1930,1984
USC00422696,FAIRFIELD,US-UT,40.26231,-112.08973,1911,2025
USC00422721,FARMINGTON,US-UT,40.98333,-111.9,1893,1965
USC00422726,FARMINGTON 3 NW,US-UT,41.0203,-111.9328,1948,2016
USC00422798,FERRON,US-UT,39.08842,-111.14852,1897,2025
USC00422828,FILLMORE,US-UT,38.96035,-112.32399,1893,2025
USC00422847,FISH LAKE RANGER STATION,US-UT,38.5516,-111.7227,1909,1951
USC00422852,FISH SPRINGS NWR,US-UT,39.8401,-113.3978,1960,2016
USC00422864,FLAMING GORGE,US-UT,40.92964,-109.39691,1957,2025
USC00422996,FORT DUCHESNE,US-UT,40.2841,-109.8611,1887,2025
USC00423012,FREMONT INDIAN S.P.,US-UT,38.5777,-112.3347,1988,2025
USC00423046,FRUITA,US-UT,38.28333,-111.26667,1938,1967
USC00423097,GARFIELD,US-UT,40.7242,-112.1975,1924,2014
USC00423122,GARLAND 1 NE,US-UT,41.75611,-112.15167,1909,1979
USC00423138,GARRISON,US-UT,38.93333,-114.03333,1903,1990
USC00423182,GENEVA STEEL,US-UT,40.28333,-111.73333,1953,1960
USC00423183,GENEVA STEEL 2,US-UT,40.3,-111.73333,1960,1982
USC00423254,GOBLIN VALLEY STATE PARK,US-UT,38.57787,-110.7077,2005,2025
USC00423260,GOLD HILL,US-UT,40.16667,-113.83333,1966,1990
USC00423320,GOVERNMENT CREEK,US-UT,40.05,-112.66667,1900,1950
USC00423348,GRANTSVILLE 2 W,US-UT,40.602,-112.5076,1906,2025
USC00423418,GREEN RIVER AVIATION,US-UT,38.99056,-110.15444,1948,2008
USC00423413,GREEN RIVER RNG GWC,US-UT,39.0,-110.15,1948,1953
USC00423486,GROUSE CREEK,US-UT,41.7138,-113.8694,1959,2011
USC00423506,GUNLOCK PH,US-UT,37.2805,-113.7283,1930,2016
USC00423514,GUNNISON,US-UT,39.15,-111.81667,1956,1990
USW00023170,HANKSVILLE,US-UT,38.37462,-110.70827,1910,2025
USC00423624,HANNA,US-UT,40.4005,-110.7586,1952,2025
USC00423671,HARDWARE RANCH,US-UT,41.6,-111.56667,1956,1991
USC00423776,HATCH,US-UT,37.6521,-112.4361,1915,2025
USC00423809,HEBER,US-UT,40.4916,-111.4261,1893,2013
USC00423867,HERRIMAN,US-UT,40.51667,-112.03333,1963,1965
USC00423896,HIAWATHA,US-UT,39.48333,-111.01667,1916,1992
USC00423968,HITE,US-UT,37.81667,-110.43333,1900,1962
USC00423980,HITE RANGER STATION,US-UT,37.87465,-110.388,1978,2024
USC00424100,HOVENWEEP NATIONAL MONUMENT,US-UT,37.3858,-109.075,1957,2025
USC00424135,HUNTSVILLE MONASTERY,US-UT,41.2402,-111.713,1976,2013
USC00424174,IBAPAH,US-UT,40.01492,-114.01084,1903,2025
USC00424233,IOSEPA SOUTH RANCH,US-UT,40.5,-112.75,1910,1958
USC00424342,JENSEN,US-UT,40.36435,-109.34574,1925,2025
USC00424362,JOHNSON PASS,US-UT,40.3375,-112.6114,1972,2013
USC00424467,KAMAS,US-UT,40.6438,-111.2822,1948,2025
USC00424508,KANAB,US-UT,37.02872,-112.53606,1899,2025
USC00424527,KANOSH,US-UT,38.7952,-112.4382,1907,2013
USC00424764,KOOSHAREM,US-UT,38.5086,-111.8841,1893,2009
USC00424927,LA POINT,US-UT,40.4,-109.8,1946,1961
USC00424946,LA SAL,US-UT,38.31667,-109.25,1901,1978
USC00424947,LA SAL 1 SW,US-UT,38.30125,-109.26622,1978,2025
USC00424968,LA VERKIN,US-UT,37.2009,-113.2685,1950,2025
USC00424856,LAKETOWN,US-UT,41.82517,-111.32064,1900,2025
USC00425065,LEVAN,US-UT,39.5608,-111.8652,1893,2025
USC00425082,LEWISTON,US-UT,41.96667,-111.83333,1924,1976
USC00425138,LITTLE SAHARA RECREATION AREA,US-UT,39.7268,-112.3069,1979,2025
USC00425148,LOA,US-UT,38.40616,-111.64235,1893,2025
USC00425194,LOGAN 5 SW EXPERIMENTAL FARM,US-UT,41.6661,-111.8913,1969,2025
USW00094128,LOGAN CACHE AIRPORT,US-UT,41.7865,-111.85188,1998,2025
USC00425182,LOGAN RADIO KVNU,US-UT,41.73497,-111.85637,1956,2025
USC00425190,LOGAN USU EXPERIMENTAL STATION,US-UT,41.76667,-111.81667,1950,1978
USC00425186,LOGAN UTAH ST U,US-UT,41.7456,-111.8033,1893,2025
USC00425219,LOWER AMERICAN FORK POWERHOUSE,US-UT,40.43333,-111.75,1914,1957
USC00425229,LOWER MILL CREEK POW,US-UT,40.7,-111.78333,1913,1953
USW00024125,LUCIN,US-UT,41.35,-113.9,1905,1990
USC00425247,LUND,US-UT,38.0,-113.43333,1900,1967
USC00425268,MAESER 9 NW,US-UT,40.5602,-109.6641,1983,2009
USC00425377,MANILA,US-UT,40.99,-109.7258,1910,2025
USC00425402,MANTI,US-UT,39.25826,-111.6307,1893,2025
USC00425477,MARYSVALE,US-UT,38.44923,-112.22398,1913,2023
USC00425582,MEXICAN HAT,US-UT,37.1497,-109.8675,1940,2019
USC00425607,MIDLAKE,US-UT,41.21667,-112.63333,1911,1981
USC00425610,MIDVALE,US-UT,40.6,-111.91667,1911,1971
USC00425654,MILFORD,US-UT,38.40168,-113.01624,1928,2025
USW00023176,MILFORD MUNICIPAL AIRPORT,US-UT,38.42251,-113.01089,1996,2025
USC00425723,MINERSVILLE,US-UT,38.2163,-112.9211,1897,2013
USC00425733,MOAB,US-UT,38.57447,-109.54583,1893,2024
USW00093075,MOAB CANYONLAND AIRPORT,US-UT,38.75006,-109.76267,1998,2025
USW00023177,MODENA,US-UT,37.79806,-113.92556,1948,2004
USC00425795,MONTEZUMA CREEK,US-UT,37.71667,-109.08333,1946,1956
USC00425805,MONTICELLO 2 E,US-UT,37.87361,-109.3075,1902,2011
USC00425812,MONUMENT VLY MISSION,US-UT,37.01667,-110.21667,1961,1989
USC00425815,MOON LAKE,US-UT,40.56173,-110.49252,1935,2025
USC00425826,MORGAN,US-UT,41.03654,-111.6712,1903,2025
USC00425837,MORONI,US-UT,39.5266,-111.5872,1908,2025
USC00425892,MOUNTAIN DELL DAM,US-UT,40.74853,-111.72323,1920,2025
USC00425958,MURDOCK POWERHOUSE,US-UT,40.6,-111.4,1949,1958
USC00425969,MYTON,US-UT,40.19404,-110.06087,1915,2025
USC00426053,NATURAL BRIDGES N.M.,US-UT,37.6094,-109.9772,1965,2025
USC00426076,NAVAJO MOUNTAIN,US-UT,37.01667,-110.8,1956,1975
USC00426123,NEOLA,US-UT,40.41773,-110.05115,1956,2025
USC00426135,NEPHI,US-UT,39.71203,-111.83198,1904,2025
USC00426181,NEW HARMONY,US-UT,37.4637,-113.2896,1911,2025
USC00426357,OAK CITY,US-UT,39.37089,-112.33159,1905,2025
USW00024101,OGDEN HILL AFB,US-UT,41.11667,-111.96667,1946,1970
USW00024126,OGDEN HINKLEY AIRPORT,US-UT,41.19406,-112.01682,1948,2025
USC00426404,OGDEN PIONEER PH,US-UT,41.2439,-111.9466,1902,2010
USC00426414,OGDEN SUGAR FACTORY,US-UT,41.23066,-112.02797,1924,2009
USC00426534,ORDERVILLE,US-UT,37.2722,-112.6388,1910,2014
USC00426538,OREM TREATMENT PLANT,US-UT,40.2766,-111.7369,1982,2010
USC00426551,ORRS RANCH,US-UT,40.3,-112.75,1925,1949
USC00426568,OURAY 4 NE,US-UT,40.1345,-109.6435,1941,2024
USC00426601,PANGUITCH,US-UT,37.82459,-112.4308,1904,2025
USC00426686,PARAGONAH,US-UT,37.88307,-112.77124,1893,2025
USC00426640,PARIA RANGER STATION,US-UT,37.10457,-111.90013,1999,2025
USC00426644,PARK CITY,US-UT,40.6557,-111.5054,1992,2025
USC00426648,PARK CITY G.C.,US-UT,40.6599,-111.5155,1896,1991
USC00426652,PARK CITY SUMMIT HOU,US-UT,40.63333,-111.53333,1969,1977
USC00426658,PARK VALLEY,US-UT,41.8,-113.35,1911,1990
USC00426708,PARTOUN,US-UT,39.6309,-113.8858,1905,2025
USC00426724,PAYSON,US-UT,40.03694,-111.74806,1904,1999
USC00426869,PINEVIEW DAM,US-UT,41.25767,-111.83772,1935,2025
USC00426897,PIUTE DAM,US-UT,38.31667,-112.18333,1911,1971
USC00426919,PLEASANT GROVE,US-UT,40.36786,-111.73447,1946,2025
USC00427026,PRICE BLM,US-UT,39.59912,-110.81888,1968,2017
USW00093141,PRICE CARBON CO AIRPORT,US-UT,39.60886,-110.75547,1998,2025
USC00427015,PRICE GAME FARM,US-UT,39.61667,-110.83333,1889,1968
USC00427061,PROVO AIRPORT,US-UT,40.21667,-111.71667,1948,2025
USC00427064,PROVO BYU,US-UT,40.2458,-111.6508,1916,2025
USC00427068,PROVO RADIO KAYK,US-UT,40.21667,-111.66667,1952,1977
USC00427165,RANDOLPH,US-UT,41.66077,-111.1869,1893,2025
USC00427260,RICHFIELD RADIO KSVC,US-UT,38.76165,-112.07772,1893,2025
USC00427271,RICHMOND,US-UT,41.9063,-111.81,1911,2025
USC00427318,RIVERDALE,US-UT,41.15,-112.0,1914,1991
USC00427395,ROOSEVELT RADIO,US-UT,40.28748,-109.95896,1948,2025
USC00427408,ROSETTE,US-UT,41.82019,-113.41428,1990,2025
USC00427557,SALINA,US-UT,38.9594,-111.8547,1923,2011
USC00427559,SALINA 24 E,US-UT,38.91289,-111.41647,1986,2025
USW00024175,SALT LAKE CITY,US-UT,40.76667,-111.88333,1928,1954
USW00024127,SALT LAKE CITY INTERNATIONAL AIRPORT,US-UT,40.77069,-111.96503,1941,2025
USC00427606,SALT LAKE TRIAD CENTER,US-UT,40.7708,-111.8963,1985,2020
USC00427578,SALTAIR SALT PLANT,US-UT,40.76667,-112.11667,1956,1991
USC00427686,SANTAQUIN CHLORINATOR,US-UT,39.9578,-111.7794,1914,2025
USC00427714,SCIPIO,US-UT,39.2454,-112.1066,1895,2025
USC00427720,SCOFIELD,US-UT,39.71667,-111.15,1893,1984
USC00427724,SCOFIELD DAM,US-UT,39.78554,-111.11922,1948,2025
USC00427744,SEVERE RANCH,US-UT,40.33333,-112.73333,1949,1951
USC00427747,SEVIER DRY LAKE,US-UT,38.73333,-113.21667,1987,1993
USC00427846,SILVER LAKE BRIGHTON,US-UT,40.6012,-111.58393,1915,2025
USC00427909,SNAKE CREEK POWERHOUSE,US-UT,40.5452,-111.5041,1913,2025
USC00427931,SNOWVILLE,US-UT,41.96667,-112.71667,1893,1991
USC00427959,SOLDIER SUMMIT,US-UT,39.9292,-111.0794,1893,2002
USC00428114,SPANISH FORK 1 S,US-UT,40.1,-111.66667,1950,1959
USC00428119,SPANISH FORK POWER HOUSE,US-UT,40.08003,-111.6046,1909,2025
USC00427516,ST. GEORGE,US-UT,37.119,-113.6068,1893,2025
USC00422319,STRWBERY RES E PRTAL,US-UT,40.16667,-111.18333,1905,1955
USC00428376,STRWBERY RES E PRTAL,US-UT,40.16667,-111.18333,1956,1977
USC00428474,SUNNYSIDE,US-UT,39.56667,-110.36667,1905,1988
USC00428631,TERMINAL,US-UT,40.75,-112.0,1940,1972
USC00428668,THIOKOL PROPULSION F S,US-UT,41.7197,-112.4264,1962,2009
USC00428705,THOMPSON WELCOME CENTER,US-UT,38.95233,-109.68662,1911,2025
USC00428733,TIMPANOGOS CAVE,US-UT,40.44213,-111.71339,1946,2020
USC00428771,TOOELE,US-UT,40.5352,-112.3218,1896,2025
USC00428817,TREMONTON,US-UT,41.7108,-112.1636,1913,2010
USC00428847,TROPIC,US-UT,37.62583,-112.08111,1893,1999
USC00428900,UINTALANDS,US-UT,40.95,-110.8,1977,1989
USC00428922,UNIVERSITY OF UTAH,US-UT,40.76667,-111.83333,1913,1990
USC00428973,UTAH LAKE LEHI,US-UT,40.3603,-111.8972,1904,2025
USC00429111,VERNAL,US-UT,40.44002,-109.53547,1894,2025
USW00094030,VERNAL MUNICIPAL AIRPORT,US-UT,40.44293,-109.51278,1998,2025
USC00429133,VERNON,US-UT,40.0986,-112.48064,1953,2025
USC00429152,WAH WAH RANCH,US-UT,38.483,-113.4263,1955,2008
USC00429165,WANSHIP DAM,US-UT,40.7908,-111.4077,1955,2025
USC00429346,WEBER BASIN PUMP PLANT 3,US-UT,41.1091,-111.9125,1962,2025
USW00024111,WENDOVER DARBY AFB,US-UT,40.73333,-114.03333,1948,1957
USW00024193,WENDOVER USAF AUXILIARY FIELD,US-UT,40.7206,-114.0358,1911,2025
USC00429514,WIDTSOE 3 NNE,US-UT,37.8747,-111.973,1912,2005
USC00429595,WOODRUFF,US-UT,41.51479,-111.15948,1897,2025
USC00429629,WOODSIDE,US-UT,39.26667,-110.35,1911,1958
USC00429717,ZION NATIONAL PARK,US-UT,37.2091,-112.9814,1904,2025
USC00440021,ABINGDON 3 S,US-VA,36.6687,-81.9646,1969,2025
USC00440097,ALEXANDRIA POTOMAC YARDS,US-VA,38.81667,-77.05,1893,1962
USC00440193,AMISSVILLE,US-VA,38.68333,-78.01667,1943,1982
USC00440243,APPOMATTOX,US-VA,37.3261,-78.8274,1937,2025
USC00440327,ASHLAND,US-VA,37.7552,-77.485,1893,2025
USW00093775,ASHLAND HANOVER CO MUNICIPAL AIRPORT,US-VA,37.70926,-77.43484,1996,2025
USC00440356,AUGUSTA SPRINGS 1 NE,US-VA,38.11667,-79.3,1939,1963
USC00440385,BACK BAY WILDLF REF,US-VA,36.662,-75.9115,1953,2007
USC00440551,BEDFORD,US-VA,37.33388,-79.50684,1893,2025
USC00440670,BERRYVILLE,US-VA,39.15,-77.98333,1931,1987
USC00444039,BIG ISLAND,US-VA,37.5443,-79.403,1960,2023
USC00440720,BIG MEADOWS,US-VA,38.5216,-78.4355,1935,2012
USC00440765,BLACKSBURG,US-VA,37.25,-80.41667,1893,1952
USC00440766,BLACKSBURG NATIONAL WEATHER SERVICE OFFICE,US-VA,37.2039,-80.4144,1952,2025
USW00013726,BLACKSTONE,US-VA,37.08333,-77.95,1945,1972
USC00440792,BLAND,US-VA,37.0997,-81.1161,1944,2011
USC00440860,BOSTON 4 SE,US-VA,38.5459,-78.0981,1998,2015
USC00440937,BOWLING GREEN,US-VA,38.05,-77.35,1950,1959
USC00440993,BREMO BLUFF,US-VA,37.7091,-78.2885,1939,2018
USC00441082,BROOKNEAL,US-VA,37.0679,-78.9517,1950,2025
USC00441121,BUCHANAN,US-VA,37.5247,-79.6816,1892,2013
USC00441136,BUCKINGHAM,US-VA,37.5083,-78.5333,1894,2025
USC00441159,BUENA VISTA,US-VA,37.7268,-79.3629,1937,2025
USC00441180,BUGGS ISLAND DAM,US-VA,36.6,-78.3,1948,1951
USC00441209,BURKES GARDEN,US-VA,37.0908,-81.33639,1896,2025
USC00441375,CAPRON,US-VA,36.73333,-77.25,1939,1954
USC00441471,CATAWBA HOSPITAL,US-VA,37.38333,-80.08333,1910,1977
USC00441570,CHANTILLY,US-VA,38.88333,-77.43333,1948,1954
USC00441585,CHARLOTTE COURT HOUSE,US-VA,37.0521,-78.6496,1946,2015
USC00441598,CHARLOTTESVILLE 1 W,US-VA,38.03333,-78.51667,1930,1971
USC00441593,CHARLOTTESVILLE 2 W,US-VA,38.0329,-78.5226,1893,2025
USW00093736,CHARLOTTESVILLE ALBEMARLE AIRPORT,US-VA,38.1374,-78.45513,1955,2025
USC00441606,CHASE CITY,US-VA,36.7775,-78.4756,1947,2025
USC00441614,CHATHAM,US-VA,36.82204,-79.4102,1922,2025
USW00013755,CHINCOTEAGUE NAS,US-VA,37.93333,-75.43333,1945,1959
USC00441692,CHRISTIANSBURG,US-VA,37.1278,-80.4033,1995,2025
USC00441746,CLARKSVILLE,US-VA,36.62139,-78.55111,1891,2025
USC00441801,CLIFTON FORGE 2 NW,US-VA,37.85,-79.83333,1896,1983
USC00441825,CLINTWOOD 1 W,US-VA,37.14556,-82.49078,1993,2025
USC00441929,COLUMBIA 2 SSE,US-VA,37.73333,-78.15,1893,1986
USC00441999,COPPER HILL,US-VA,37.08165,-80.13497,1940,2025
USC00442009,CORBIN,US-VA,38.2022,-77.3747,1959,2025
USC00442041,COVINGTON,US-VA,37.78861,-80.00528,1937,1999
USC00442044,COVINGTON FILTER PLANT,US-VA,37.81112,-79.98822,1960,2025
USC00442138,CROZET 2 N,US-VA,38.08333,-78.7,1941,1961
USC00442155,CULPEPER,US-VA,38.48333,-77.98333,1907,1990
USW00013760,DAHLGREN WEAPONS LAB,US-VA,38.33333,-77.03333,1920,1961
USC00442208,DALE ENTERPRISE,US-VA,38.4547,-78.9352,1893,2025
USC00442216,DAMASCUS,US-VA,36.63333,-81.8,1927,1974
USC00442237,DANTE,US-VA,36.98333,-82.28333,1917,1958
USC00442245,DANVILLE 2 SE,US-VA,36.56269,-79.36331,1891,2025
USW00013728,DANVILLE REGIONAL AIRPORT,US-VA,36.57286,-79.33496,1945,2025
USW00093728,DAVISON ARMY AIR FIELD,US-VA,38.71667,-77.18333,1957,1970
USC00442368,DIAMOND SPRINGS,US-VA,36.9,-76.2,1909,1980
USC00442635,EASTVILLE,US-VA,37.3876,-75.9744,1909,2015
USC00442729,ELKWOOD 6 SE,US-VA,38.45,-77.76667,1940,1983
USC00442782,EMORY,US-VA,36.76667,-81.83333,1913,1951
USC00442790,EMPORIA 1 WNW,US-VA,36.6983,-77.5597,1893,2025
USC00442922,FALLS CHURCH 2 SW,US-VA,38.85,-77.2,1949,1970
USC00442941,FARMVILLE,US-VA,37.28611,-78.40528,1897,2025
USC00443071,FLOYD 2 NE,US-VA,36.92778,-80.29083,1933,2006
USW00093735,FORT EUSTIS FELKER ARMY AIR FIELD,US-VA,37.13333,-76.6,1960,1970
USC00443192,FREDERICKSBURG NATIONAL PARK,US-VA,38.31667,-77.45,1893,1997
USC00443213,FREE UNION,US-VA,38.09079,-78.58937,1955,2025
USC00443229,FRONT ROYAL,US-VA,38.9038,-78.1821,1995,2025
USW00013731,FRONT ROYAL,US-VA,39.0,-78.23333,1948,1956
USC00443310,GATHRIGHT DAM,US-VA,37.9458,-79.9542,1980,2025
USC00443397,GLEN LYN,US-VA,37.3733,-80.8597,1914,2006
USC00443466,GORDONSVILLE 3 S,US-VA,38.08611,-78.1825,1961,2003
USC00443470,GOSHEN,US-VA,37.9839,-79.5008,1896,2009
USC00443640,GRUNDY,US-VA,37.28217,-82.08849,1942,2025
USC00443690,HALIFAX 1 N,US-VA,36.78333,-78.91667,1930,1966
USC00443991,HILLSVILLE,US-VA,36.80167,-80.77528,1940,2005
USC00444044,HOLLAND 1 E,US-VA,36.683,-76.7684,1933,2018
USC00444101,HOPEWELL,US-VA,37.2992,-77.2775,1916,2025
USC00444128,HOT SPRINGS,US-VA,37.99951,-79.83227,1893,2025
USC00444148,HUDDLESTON 4 SW,US-VA,37.12587,-79.5251,1950,2025
USC00444229,INDEPENDENCE,US-VA,36.6,-81.11667,1940,1957
USC00444414,JOHN H KERR DAM,US-VA,36.6002,-78.3011,1948,2025
USC00444568,KEYSVILLE 2 S,US-VA,37.0179,-78.48,1979,2021
USW00013702,LANGLEY AIR FORCE BASE,US-VA,37.08278,-76.36028,1918,2007
USC00444768,LAWRENCEVILLE 3 E,US-VA,36.7711,-77.7928,1919,2010
USC00444876,LEXINGTON,US-VA,37.7767,-79.4385,1889,2024
USC00445050,LOUISA,US-VA,38.03994,-78.00604,1916,2025
USC00445096,LURAY 5 E,US-VA,38.6661,-78.3727,1941,2025
USW00013733,LYNCHBURG REGIONAL AIRPORT,US-VA,37.32126,-79.20649,1944,2025
USC00445150,MADISON,US-VA,38.3683,-78.2503,1996,2016
USC00445204,MANASSAS,US-VA,38.73332,-77.49263,2004,2025
USC00445213,MANASSAS,US-VA,38.78333,-77.5,1895,1985
USC00445208,MANASSAS 4 S,US-VA,38.7,-77.43333,1930,1950
USC00445300,MARTINSVILLE FILTER PLANT,US-VA,36.70479,-79.86529,1930,2025
USC00445338,MATHEWS 4 SE,US-VA,37.40306,-76.26889,1950,2000
USC00445414,MC DOWELL,US-VA,38.33333,-79.5,1903,1980
USC00445453,MEADOWS OF DAN 5 SW,US-VA,36.6667,-80.4481,1950,2025
USC00445595,MILL GAP,US-VA,38.30641,-79.71994,1976,2025
USC00445685,MONTEBELLO 3 NE,US-VA,37.88139,-79.13167,1937,2000
USC00445698,MONTEREY,US-VA,38.41667,-79.58333,1894,1990
USC00445700,MONTICELLO,US-VA,38.01127,-78.44965,1982,2016
USC00445828,MOUNT LAKE BIOL STATION,US-VA,37.38333,-80.53333,1971,1998
USC00445851,MOUNT WEATHER,US-VA,39.0643,-77.8883,1915,2017
USC00445880,MUSTOE 1 SW,US-VA,38.31437,-79.65893,1994,2025
USC00445931,NASSAWADOX,US-VA,37.46667,-75.86667,1956,1976
USC00446004,NEW CANTON,US-VA,37.7,-78.3,1905,1976
USC00446046,NEWPORT 2 NNW,US-VA,37.29694,-80.49389,1945,2005
USW00093741,NEWPORT NEWS INTERNATIONAL AIRPORT,US-VA,37.13216,-76.49399,2000,2025
USW00093731,NORFOLK FLEET WF NAS,US-VA,36.95,-76.3,1958,1962
USW00013737,NORFOLK INTERNATIONAL AIRPORT,US-VA,36.90371,-76.19266,1946,2025
USW00013750,NORFOLK NAS,US-VA,36.93746,-76.28926,1945,2025
USC00446173,NORTH FORK LAKE,US-VA,37.1244,-82.6339,1969,2025
USC00446199,NORTH RIVER DAM,US-VA,38.36667,-79.26667,1930,1979
USW00013769,OCEANA NAS,US-VA,36.81667,-76.03333,1945,2025
USC00446362,ONLEY 1 S,US-VA,37.68333,-75.71667,1918,1955
USC00446475,PAINTER 2 W,US-VA,37.5844,-75.8217,1955,2025
USC00446533,PARTLOW 3 WNW,US-VA,38.05,-77.7,1952,1976
USC00446573,PEAKS OF OTTER,US-VA,37.46667,-79.6,1958,1976
USC00448022,PEARISBURG 4 SSE,US-VA,37.27866,-80.68884,1951,2025
USC00446593,PEDLAR DAM,US-VA,37.6694,-79.2774,1926,2025
USC00446626,PENNINGTON GAP,US-VA,36.7586,-83.0105,1931,2025
USC00446692,PHILPOTT DAM 2,US-VA,36.7764,-80.0272,1953,2006
USC00446712,PIEDMONT RESEARCH STATION,US-VA,38.22518,-78.11887,1946,2025
USC00446906,POWHATAN,US-VA,37.5145,-77.8859,1923,2012
USW00013868,PULASKI,US-VA,37.13333,-80.68333,1948,1959
USC00446955,PULASKI 2 E,US-VA,37.05581,-80.78415,1920,2025
USC00444909,PURCELLVILLE,US-VA,39.14216,-77.70939,1900,2025
USC00446979,QUANTICO 1 S,US-VA,38.5,-77.31667,1896,1976
USW00013773,QUANTICO MCAS,US-VA,38.50362,-77.30503,1945,2025
USC00446999,RADFORD 3 N,US-VA,37.2008,-80.5864,1968,2025
USC00447025,RANDOLPH 5 NNE,US-VA,36.98333,-78.7,1905,1983
USC00447174,RICHLANDS,US-VA,37.0924,-81.7935,1989,2025
USW00013780,RICHMOND CHIMBORAZO PARK,US-VA,37.53333,-77.41667,1897,1954
USW00013740,RICHMOND INTERNATIONAL AIRPORT,US-VA,37.51154,-77.32338,1939,2025
USC00447254,RIVERTON,US-VA,38.93333,-78.2,1892,1978
USC00447275,ROANOKE,US-VA,37.26667,-79.93333,1901,1965
USC00447278,ROANOKE 8 N,US-VA,37.3622,-79.95871,1998,2025
USW00013741,ROANOKE BLACKSBURG REGIONAL AIRPORT,US-VA,37.31719,-79.97369,1948,2025
USC00447312,ROCKFISH,US-VA,37.8,-78.75,1937,1990
USC00447330,ROCKY KNOB,US-VA,36.85,-80.36667,1940,1975
USC00447338,ROCKY MOUNT,US-VA,36.9769,-79.8961,1894,2025
USC00447501,SALTVILLE,US-VA,36.88333,-81.76667,1930,1962
USC00447506,SALTVILLE 1 N,US-VA,36.8894,-81.7711,1894,2025
USC00447514,SALUDA,US-VA,37.6,-76.6,1893,1951
USC00447904,SOMERSET,US-VA,38.24031,-78.2692,1945,2025
USC00447985,SPERRYVILLE,US-VA,38.6553,-78.2272,1995,2025
USC00448046,STAR TANNERY,US-VA,39.0858,-78.4441,1948,2012
USC00448062,STAUNTON WATER TREATMENT PLANT,US-VA,38.18131,-79.09032,1893,2025
USW00093734,STERLING,US-VA,38.98333,-77.46667,1962,1965
USC00448169,STUART,US-VA,36.63333,-80.26667,1913,1960
USC00448170,STUART,US-VA,36.6365,-80.2545,1960,2025
USC00448192,SUFFOLK LAKE KILBY,US-VA,36.7297,-76.6015,1945,2025
USC00448323,TANGIER ISLAND,US-VA,37.82833,-75.99333,1952,2001
USC00448448,TIMBERVILLE 3 E,US-VA,38.65,-78.71667,1931,1990
USC00448600,TYE RIVER 1 SE,US-VA,37.6363,-78.9336,1937,2016
USW00013742,URBANNA,US-VA,37.63333,-76.56667,1948,1973
USC00448737,VIENNA,US-VA,38.89205,-77.28913,1925,2025
USW00093773,WAKEFIELD MUNICIPAL AIRPORT,US-VA,36.98269,-77.00137,1997,2025
USC00448829,WALKERTON 2 NW,US-VA,37.7434,-77.04,1932,2025
USC00448837,WALLACETON LAKE DRUMMOND,US-VA,36.59503,-76.43903,1926,2025
USW00093739,WALLOPS ISLAND NASA TEST FACILITY,US-VA,37.93718,-75.46622,1966,2025
USC00448888,WARRENTON 3 SE,US-VA,38.6812,-77.7678,1897,2016
USC00448894,WARSAW 2 NW,US-VA,37.9881,-76.7769,1893,2025
USC00448902,WASHINGTON 3 SSW,US-VA,38.66667,-78.18333,1944,1995
USW00093738,WASHINGTON DULLES INTERNATIONAL AIRPORT,US-VA,38.93485,-77.44728,1960,2025
USW00013743,WASHINGTON REAGAN NATIONAL AIRPORT,US-VA,38.84721,-77.03454,1936,2025
USC00448915,WATERFORD,US-VA,39.18333,-77.6,1944,1961
USC00448938,WAVERLY HILLS,US-VA,38.88333,-77.11667,1945,1970
USC00448084,WEATHER FORECAST OFFICE STERLING,US-VA,38.9764,-77.4869,1977,2025
USC00449025,WEST POINT 2 NW,US-VA,37.5656,-76.8,1954,2025
USC00449151,WILLIAMSBURG 2 N,US-VA,37.3017,-76.7039,1948,2025
USC00449146,WILLIAMSBURG 2 NW,US-VA,37.28333,-76.75,1896,1950
USC00449181,WINCHESTER,US-VA,39.18793,-78.1516,1982,2020
USC00449186,WINCHESTER 7 SE,US-VA,39.10837,-78.15252,1912,2025
USC00449215,WISE 1 SE,US-VA,36.9725,-82.5579,1955,2025
USC00449263,WOODSTOCK 2 NE,US-VA,38.90302,-78.47904,1889,2025
USC00449301,WYTHEVILLE,US-VA,36.93645,-81.06186,1893,2025
VQC00670480,BETH UPPER NEW WORKS,US-VI,17.7184,-64.795,1972,2025
VQW00011640,CYRIL E. KING AIRPORT,US-VI,18.33626,-64.97994,1953,2025
VQW00011624,HENRY E. ROHLSEN AIRPORT,US-VI,17.69965,-64.81249,1951,2025
USC00430134,ALBANY,US-VT,44.7,-72.38333,1993,1999
USC00430277,BALL MOUNTAIN LAKE,US-VT,43.1002,-72.7836,1969,2016
USC00430337,BARRE,US-VT,44.2,-72.51667,1937,1960
USC00430499,BELLOWS FALLS,US-VT,43.13333,-72.45,1902,1997
USC00430563,BENNINGTON 2 NNW,US-VT,42.91667,-73.21667,1896,1969
USW00054781,BENNINGTON WILLIAM H. MORSE STATE AIRPORT,US-VT,42.8935,-73.24875,1998,2025
USC00430690,BLOOMFIELD,US-VT,44.78333,-71.58333,1906,1968
USW00014742,BURLINGTON INTERNATIONAL AIRPORT,US-VT,44.46825,-73.1499,1940,2025
USC00431213,CANAAN,US-VT,44.9965,-71.5356,1938,2011
USC00431243,CAVENDISH,US-VT,43.3847,-72.5988,1903,2014
USC00431360,CHELSEA,US-VT,43.98333,-72.45,1893,2000
USC00431433,CHITTENDEN,US-VT,43.7063,-72.9618,1904,2025
USC00431580,CORNWALL,US-VT,43.9573,-73.2106,1886,2025
USC00431786,DORSET 2 SE,US-VT,43.22417,-73.075,1940,1999
USC00432698,EDEN 2 S,US-VT,44.6722,-72.5572,1997,2012
USC00432769,ENOSBURG FALLS,US-VT,44.9094,-72.8082,1891,2017
USC00432773,ENOSBURG FALLS 2,US-VT,44.9096,-72.8137,1992,2025
USC00432843,ESSEX JUNCTION 1 N,US-VT,44.5079,-73.1152,1971,2014
USC00433341,GILMAN,US-VT,44.4112,-71.7186,1930,2025
USC00434120,ISLAND POND,US-VT,44.8128,-71.8902,1990,2025
USC00434189,JAY PEAK,US-VT,44.938,-72.5022,1988,2014
USC00434603,LEMINGTON,US-VT,44.9,-71.51667,1943,1958
USC00434985,MARSHFIELD,US-VT,44.36667,-72.33333,1936,1959
USC00435029,MAYS MILL,US-VT,42.75,-72.73333,1930,1975
USC00435044,MC INDOE FALLS,US-VT,44.26667,-72.06667,1932,1972
USC00435132,MIDDLESEX,US-VT,44.3,-72.68333,1936,1968
USW00094705,MONTPELIER EDWARD F. KNAPP STATE AIRPORT,US-VT,44.20503,-72.56545,1948,2025
USC00435376,MORRISVILLE 4 SSW,US-VT,44.5139,-72.6236,1962,2025
USW00054771,MORRISVILLE STOWE STATE AIRPORT,US-VT,44.53281,-72.61516,1996,2025
USC00435416,MOUNT MANSFIELD,US-VT,44.5248,-72.8154,1954,2025
USC00435542,NEWPORT,US-VT,44.949,-72.1912,1930,2023
USC00435733,NORTHFIELD,US-VT,44.1647,-72.6567,1887,2018
USC00435740,NORTHFIELD 3 SSE,US-VT,44.1,-72.61667,1974,1994
USC00436335,PERU,US-VT,43.26271,-72.90553,1940,2025
USC00436391,PLAINFIELD,US-VT,44.2763,-72.4154,1999,2025
USC00436500,POWNAL 1 NE,US-VT,42.79167,-73.22278,1975,2013
USC00436712,RANDOLPH,US-VT,43.93333,-72.66667,1952,1957
USC00436717,RANDOLPH CENTER,US-VT,43.95,-72.6,1941,1957
USC00436746,READING HILL,US-VT,43.51667,-72.56667,1948,1967
USC00436761,READSBORO 1 SE,US-VT,42.75,-72.93333,1930,1998
USC00436893,ROCHESTER,US-VT,43.8578,-72.8044,1928,2020
USC00436995,RUTLAND,US-VT,43.6253,-72.9781,1916,2025
USW00094737,RUTLAND STATE AIRPORT,US-VT,43.53333,-72.95,2011,2025
USC00437054,SAINT JOHNSBURY,US-VT,44.42,-72.0194,1894,2025
USC00437098,SALISBURY 2 N,US-VT,43.9256,-73.0992,1947,2015
USC00437142,SEARBURG POWER PLANT,US-VT,42.9,-73.0,1930,1965
USC00437152,SEARSBURG STATION,US-VT,42.86667,-72.91667,1930,1998
USC00437217,SHOREHAM,US-VT,43.86667,-73.25,1992,1999
USC00437401,SOMERSET,US-VT,42.96667,-72.95,1911,1968
USC00437607,SOUTH HERO,US-VT,44.62576,-73.30299,1969,2024
USC00437612,SOUTH LINCOLN,US-VT,44.0725,-72.9736,1981,2025
USC00437617,SOUTH LONDONDERRY,US-VT,43.18333,-72.81667,1930,1984
USC00437646,SOUTH NEWBURY,US-VT,44.0503,-72.0753,1936,2012
USC00437954,SPRINGFIELD 2 SE,US-VT,43.26667,-72.45,1940,1956
USW00054740,SPRINGFIELD HARTNESS STATE AIRPORT,US-VT,43.34211,-72.52131,1996,2025
USC00437026,ST ALBANS BAY,US-VT,44.8,-73.16667,1956,1977
USC00437025,ST ALBANS RADIO,US-VT,44.81667,-73.08333,1929,1956
USC00438160,SUNDERLAND 2,US-VT,43.0908,-73.1244,1990,2013
USC00438169,SUTTON,US-VT,44.6122,-72.0481,2007,2025
USC00438483,TUNBRIDGE,US-VT,43.91667,-72.48333,1941,1952
USC00438556,UNION VILLAGE DAM,US-VT,43.7917,-72.2578,1950,2025
USC00438600,VERNON,US-VT,42.77167,-72.515,1893,1998
USC00438637,WAITSFIELD 2 W,US-VT,44.18722,-72.87806,1985,2010
USC00438644,WAITSFIELD 2 WSW,US-VT,44.18333,-72.85,1955,1983
USC00438747,WARDSBORO,US-VT,43.05,-72.78333,1940,1973
USC00438750,WARDSBORO 2 SSE,US-VT,43.01667,-72.76667,1974,1978
USC00438805,WATERBURY 2 SSE,US-VT,44.36667,-72.76667,1941,1958
USC00438815,WATERBURY 2 SSE,US-VT,44.31667,-72.75,1958,1992
USC00439099,WEST BURKE,US-VT,44.64639,-71.98333,1930,1998
USC00439182,WEST DANVILLE,US-VT,44.4,-72.18333,1941,1955
USC00439588,WEST TOPSHAM,US-VT,44.0935,-72.3497,1940,2025
USC00439591,WEST WARDSBORO,US-VT,43.03306,-72.85,1985,2012
USC00439691,WHITE RIVER JUNCTION,US-VT,43.65,-72.31667,1902,1959
USC00439735,WHITINGHAM 1 W,US-VT,42.8,-72.91667,1930,1998
USC00439764,WILDER,US-VT,43.67028,-72.30806,1930,1960
USC00439984,WOODSTOCK,US-VT,43.6303,-72.5072,1892,2025
USC00439988,WORCESTER 2 W,US-VT,44.3747,-72.5822,2000,2025
USC00450008,ABERDEEN,US-WA,46.9658,-123.8291,1891,2022
USC00450013,ABERDEEN 20 NNE,US-WA,47.2613,-123.7147,1927,2004
USC00450094,ALDER DAM CAMP,US-WA,46.8,-122.31667,1917,1954
USC00450176,ANACORTES,US-WA,48.5119,-122.6136,1892,2016
USC00450184,ANATONE,US-WA,46.13333,-117.13333,1912,1981
USC00450217,APPLETON,US-WA,45.8091,-121.2812,1959,2006
USC00450242,ARIEL DAM,US-WA,45.95,-122.55,1930,1971
USC00450257,ARLINGTON,US-WA,48.2005,-122.128,1922,2020
USC00450456,BARING,US-WA,47.77222,-121.4825,1970,2022
USC00450482,BATTLE GROUND,US-WA,45.7716,-122.5286,1928,2025
USC00450564,BELLINGHAM 2 N,US-WA,48.78333,-122.48333,1915,1985
USC00450587,BELLINGHAM 3 SSW,US-WA,48.71696,-122.51429,1985,2024
USW00024217,BELLINGHAM INTERNATIONAL AIRPORT,US-WA,48.7991,-122.54069,1949,2025
USC00450628,BENTON CITY 2 NW,US-WA,46.28333,-119.5,1905,1964
USC00450668,BICKLETON,US-WA,45.9981,-120.3006,1927,2018
USC00450729,BLAINE,US-WA,48.99459,-122.76205,1893,2025
USC00450749,BLEWETT PASS,US-WA,47.35,-120.66667,1909,1949
USC00450770,BLUE GLACIER,US-WA,47.81667,-123.76667,1957,1963
USC00450826,BOTHELL,US-WA,47.76667,-122.21667,1931,1959
USC00450872,BREMERTON,US-WA,47.5688,-122.6827,1899,2025
USC00450917,BROOKLYN,US-WA,46.78333,-123.5,1927,1974
USC00450945,BUCKLEY 1 NE,US-WA,47.1694,-122.0036,1913,2012
USC00450969,BUMPING LAKE,US-WA,46.86667,-121.3,1910,1967
USC00451113,CARBONADO 8 SSE,US-WA,46.98333,-121.96667,1957,1962
USC00451160,CARSON FISH HATCHERY,US-WA,45.8677,-121.9733,1977,2025
USC00451207,CATHLAMET 9 NE,US-WA,46.31667,-123.26667,1927,1959
USC00451233,CEDAR LAKE,US-WA,47.4144,-121.7561,1898,2025
USC00451276,CENTRALIA,US-WA,46.72,-122.9527,1893,2022
USC00451350,CHELAN,US-WA,47.83426,-120.00021,1890,2025
USC00451362,CHENEY,US-WA,47.48333,-117.58333,1899,1955
USC00451381,CHESAW,US-WA,48.95,-119.05,1917,1958
USC00451385,CHESAW 4 NNW,US-WA,49.0,-119.06667,1959,1984
USC00451395,CHEWELAH,US-WA,48.27323,-117.74101,1925,2025
USC00451400,CHIEF JOSEPH DAM,US-WA,47.9967,-119.6482,1949,2020
USC00451414,CHIMACUM 4 S,US-WA,47.9522,-122.7908,1926,2025
USC00451426,CHIWAWA RIVER,US-WA,48.03333,-120.83333,1925,1957
USC00451465,CLALLAM BAY 1 NNE,US-WA,48.26667,-124.25,1927,1976
USC00451474,CLARKSTON HEIGHTS,US-WA,46.38333,-117.08333,1937,1959
USC00451504,CLE ELUM,US-WA,47.189,-120.913,1899,2025
USC00451484,CLEARBROOK,US-WA,48.9672,-122.3291,1903,2025
USC00451496,CLEARWATER,US-WA,47.5711,-124.2922,1895,2017
USC00451586,COLFAX,US-WA,46.88333,-117.35,1892,2013
USC00451630,COLVILLE,US-WA,48.56784,-117.93545,1899,2025
USC00451650,COLVILLE AIRPORT,US-WA,48.55,-117.88333,1937,1987
USC00451666,CONCONULLY,US-WA,48.5557,-119.7492,1894,2015
USC00451679,CONCRETE PPL FISH STATION,US-WA,48.5397,-121.7422,1905,2025
USC00451690,CONNELL 1 W,US-WA,46.66444,-118.88278,1960,2003
USC00451760,COUGAR 6 E,US-WA,46.0625,-122.2044,1953,2025
USC00451767,COULEE DAM 1 SW,US-WA,47.95449,-118.99968,1934,2025
USC00451783,COUPEVILLE 1 S,US-WA,48.2072,-122.6913,1895,2020
USC00451934,CUSHMAN DAM,US-WA,47.4238,-123.2197,1914,1973
USC00451972,DALLESPORT 9 N,US-WA,45.75,-121.15,1948,1980
USW00024219,DALLESPORT AIRPORT,US-WA,45.61901,-121.16571,1948,2025
USC00451992,DARRINGTON RANGER STATION,US-WA,48.26056,-121.60278,1911,2025
USC00452007,DAVENPORT,US-WA,47.66371,-118.16133,1893,2025
USC00452030,DAYTON 1 WSW,US-WA,46.3152,-118.0022,1893,2025
USC00452066,DEER PARK AIRPORT,US-WA,47.96667,-117.43333,1911,1977
USW00094119,DEER PARK AIRPORT,US-WA,47.97416,-117.42921,1998,2025
USC00452157,DIABLO DAM,US-WA,48.7141,-121.143,1914,2025
USC00452384,EASTON,US-WA,47.2422,-121.1869,1905,2025
USC00452493,ELECTRON HEADWORKS,US-WA,46.9,-122.03333,1943,1980
USW00024220,ELLENSBURG BOWERS FIELD,US-WA,47.03376,-120.53135,1940,2025
USC00452531,ELMA,US-WA,47.0091,-123.4008,1896,2025
USC00452540,ELTOPIA 7 WNW,US-WA,46.48333,-119.16667,1954,1973
USC00452542,ELTOPIA 8 WSW,US-WA,46.3992,-119.1561,1974,2007
USC00452548,ELWHA R S,US-WA,48.0163,-123.5905,1942,2018
USC00452563,ENTIAT FISH HATCHERY,US-WA,47.69831,-120.3229,1989,2025
USC00452609,EPHRATA,US-WA,47.31667,-119.56667,1903,1971
USW00024141,EPHRATA AIRPORT,US-WA,47.30777,-119.51551,1949,2025
USC00452675,EVERETT,US-WA,47.97528,-122.195,1894,2025
USW00024203,EVERETT PAINE AFB,US-WA,47.91667,-122.28333,1952,1968
USW00024222,EVERETT SNOHOMISH CO AIRPORT,US-WA,47.92322,-122.28308,1948,2025
USW00024114,FAIRCHILD AFB,US-WA,47.63333,-117.65,1949,1970
USC00452914,FORKS 1 E,US-WA,47.95583,-124.35389,1907,2025
USC00452952,FORT LEWIS GOLF COURSE,US-WA,47.088,-122.6675,2000,2010
USW00094276,FRIDAY HARBOR AIRPORT,US-WA,48.51998,-123.0264,1998,2025
USC00453160,GLACIER RANGER STATION,US-WA,48.8877,-121.9372,1914,1983
USC00453184,GLENWOOD NUMBER 2,US-WA,46.0089,-121.2634,1979,2012
USC00453222,GOLDENDALE,US-WA,45.8081,-120.8428,1905,2022
USC00453284,GRAPEVIEW 3 SW,US-WA,47.306667,-122.873611,1907,1995
USW00024201,GRAY ARMY AIR FIELD,US-WA,47.08333,-122.58333,1960,1970
USC00453357,GREENWATER,US-WA,47.13333,-121.63333,1939,1981
USC00453515,HARRINGTON,US-WA,47.4829,-118.25188,1961,2020
USC00453512,HARRINGTON 1 N,US-WA,47.48333,-118.25,1948,1956
USC00453513,HARRINGTON 2 S,US-WA,47.43333,-118.25,1956,1961
USC00453529,HARTLINE,US-WA,47.68914,-119.10635,1927,2020
USC00453546,HATTON 9 SE,US-WA,46.7225,-118.6524,1905,2025
USC00453728,HOLDEN,US-WA,48.2,-120.78333,1930,1957
USC00453730,HOLDEN VILLAGE,US-WA,48.1989,-120.7735,1962,2025
USW00094225,HOQUIAM BOWERMAN AIRPORT,US-WA,46.97288,-123.93074,1953,2025
USC00453883,ICE HARBOR DAM,US-WA,46.2447,-118.8786,1957,2025
USC00453903,INCHELIUM 2 NW,US-WA,48.31667,-118.21667,1940,1975
USC00453909,INDEX 1 SSE,US-WA,47.81667,-121.55,1894,1955
USC00453975,IRENE MOUNTAIN WAUCONDA,US-WA,48.81667,-118.9,1909,1988
USC00454077,KAHLOTUS 5 SSW,US-WA,46.58333,-118.6,1904,1996
USC00454085,KALAMA 5 ENE,US-WA,46.05,-122.75,1917,1967
USW00024223,KELSO SOUTHWEST REGIONAL AIRPORT,US-WA,46.11667,-122.89389,1948,1953
USC00454154,KENNEWICK,US-WA,46.2111,-119.1011,1894,2025
USC00454159,KENNEWICK 10 SW,US-WA,46.13333,-119.3,1949,1974
USC00454169,KENT,US-WA,47.41735,-122.2433,1912,2023
USC00454187,KEYPORT,US-WA,47.7,-122.61667,1915,1958
USW00024147,LA CROSSE,US-WA,46.81667,-117.88333,1948,1948
USC00454338,LACROSSE,US-WA,46.8167,-117.883,1908,2021
USC00454394,LAKE CLE ELUM,US-WA,47.25,-121.06667,1908,1977
USC00454406,LAKE KACHESS,US-WA,47.26667,-121.2,1908,1977
USC00454414,LAKE KEECHELUS,US-WA,47.31667,-121.33333,1907,1977
USC00454446,LAKE WENATCHEE,US-WA,47.83741,-120.79773,1894,2008
USC00454454,LAKE WHATCOM,US-WA,48.68333,-122.3,1944,1954
USC00454486,LANDSBURG,US-WA,47.3766,-121.9613,1903,2024
USC00454549,LAURIER,US-WA,49.0,-118.23333,1910,1986
USC00454572,LEAVENWORTH 3 S,US-WA,47.55862,-120.67493,1914,2025
USC00454601,LEMANASKY LAKE 3,US-WA,48.71667,-119.61667,1946,1955
USC00454679,LIND 3 NE,US-WA,47.00216,-118.5657,1931,2025
USC00454764,LONGMIRE RAINIER NPS,US-WA,46.74917,-121.81194,1978,2025
USC00456894,LONGMIRE RAINIER NPS,US-WA,46.75,-121.81667,1909,1978
USC00454769,LONGVIEW,US-WA,46.13722,-122.97806,1925,2025
USC00454935,MALOTT,US-WA,48.28333,-119.71667,1904,1957
USC00454971,MANSFIELD,US-WA,47.81667,-119.63333,1922,1986
USC00455028,MARIETTA 3 NNW,US-WA,48.83333,-122.6,1913,1958
USC00455133,MAZAMA,US-WA,48.6007,-120.4276,1950,2025
USC00455224,MCMILLIN RESERVOIR,US-WA,47.13556,-122.25611,1941,2025
USC00455231,MCNARY DAM,US-WA,45.94056,-119.29778,1954,2007
USC00455317,METALINE FALLS,US-WA,48.86667,-117.36667,1909,1965
USC00455326,METHOW 2 S,US-WA,48.1074,-120.0078,1970,2017
USC00455387,MILL CREEK DAM,US-WA,46.07587,-118.27284,1948,2025
USC00455425,MINERAL,US-WA,46.71667,-122.18333,1930,1979
USC00455525,MONROE,US-WA,47.845,-121.99556,1929,2025
USC00455613,MOSES LAKE 3 E,US-WA,47.11667,-119.2,1943,1979
USW00024110,MOSES LAKE GRANT CO AIRPORT,US-WA,47.19295,-119.31459,1949,2025
USC00455655,MOSSYROCK,US-WA,46.53333,-122.48333,1948,1949
USC00455659,MOUNT ADAMS RANGER STATION,US-WA,45.9997,-121.5403,1909,2025
USC00455663,MOUNT BAKER LODGE,US-WA,48.86667,-121.66667,1926,1952
USC00455673,MOUNT SPOKANE,US-WA,47.91667,-117.13333,1934,1951
USC00455674,MOUNT SPOKANE SUMMIT,US-WA,47.91667,-117.11667,1953,1972
USC00455678,MOUNT VERNON 3 WNW,US-WA,48.44028,-122.38667,1956,2005
USC00455688,MOXEE CITY 10 E,US-WA,46.5053,-120.1677,1946,2018
USC00455704,MUD MOUNTAIN DAM,US-WA,47.14139,-121.93556,1939,2025
USC00455774,NASELLE 2 ENE,US-WA,46.3725,-123.753,1929,2024
USC00455801,NEAH BAY 1 E,US-WA,48.36667,-124.61667,1929,1987
USC00455832,NESPELEM 2 S,US-WA,48.13333,-118.98333,1915,1991
USC00457690,NEWHALEM,US-WA,48.68333,-121.25,1909,1958
USC00455844,NEWPORT,US-WA,48.18433,-117.04768,1909,2025
USC00455946,NORTHPORT,US-WA,48.89937,-117.82899,1899,2025
USC00456011,OAKVILLE,US-WA,46.83333,-123.23333,1916,1997
USC00456039,ODESSA,US-WA,47.33294,-118.69616,1902,2023
USC00456096,OLGA 2 SE,US-WA,48.6116,-122.8063,1891,2016
USW00024227,OLYMPIA AIRPORT,US-WA,46.97371,-122.90493,1941,2025
USC00456109,OLYMPIA PRIEST PT PA,US-WA,47.06667,-122.88333,1877,1955
USC00456123,OMAK,US-WA,48.4609,-119.5168,1909,2014
USW00094197,OMAK,US-WA,48.46113,-119.52091,1998,2025
USC00456187,OROVILLE,US-WA,48.93333,-119.43333,1960,1970
USC00456188,OROVILLE 3 NW,US-WA,48.96667,-119.5,1909,1960
USC00456215,OTHELLO 6 ESE,US-WA,46.78861,-119.04611,1941,2002
USC00456262,PACKWOOD,US-WA,46.6091,-121.6744,1924,2019
USC00456295,PALMER 3 ESE,US-WA,47.30889,-121.85556,1924,2025
USW00024163,PASCO TRI CITIES AIRPORT,US-WA,46.2695,-119.11816,1945,2025
USC00456534,PLAIN,US-WA,47.75838,-120.65881,1937,2025
USC00456584,POINT GRENVILLE,US-WA,47.30572,-124.27633,1947,1979
USC00456610,POMEROY,US-WA,46.4672,-117.58832,1891,2020
USC00456624,PORT ANGELES,US-WA,48.1138,-123.4316,1933,2008
USW00094266,PORT ANGELES FAIRCHILD INTERNATIONAL AIRPORT,US-WA,48.12194,-123.50662,1998,2025
USW00024228,PORT ANGELES WEATHER BUREAU AIRPORT,US-WA,48.13944,-123.4025,1947,1953
USC00456678,PORT TOWNSEND,US-WA,48.1161,-122.7586,1891,2010
USC00456747,PRIEST RAPIDS DAM,US-WA,46.64625,-119.90622,1956,2025
USC00456763,PROSSER,US-WA,46.2,-119.76667,1912,1963
USC00456768,PROSSER,US-WA,46.2014,-119.758,1925,2025
USC00456789,PULLMAN 2 NW,US-WA,46.76016,-117.1861,1940,2025
USC00456784,PULLMAN EXPERIMENTAL STATION,US-WA,46.73333,-117.16667,1893,1954
USW00094129,PULLMAN MOSCOW REGIONAL AIRPORT,US-WA,46.74376,-117.11581,1998,2025
USC00456803,PUYALLUP 2 W EXPERIMENTAL STATION,US-WA,47.2,-122.33333,1914,1995
USC00456846,QUILCENE 2 SW,US-WA,47.8091,-122.9136,1920,2025
USW00094240,QUILLAYUTE AIRPORT,US-WA,47.93695,-124.55757,1966,2025
USC00456864,QUINAULT RANGER STATION,US-WA,47.4747,-123.8497,1906,1976
USC00456880,QUINCY,US-WA,47.22353,-119.8524,1941,2025
USC00456896,RAINER OHANAPECOSH,US-WA,46.73111,-121.57139,1926,2025
USC00456892,RAINIER CARBON R ENT,US-WA,46.9938,-121.9113,1906,1974
USC00456898,RAINIER PARADISE RANGER STATION,US-WA,46.78639,-121.74222,1916,2025
USC00456909,RANDLE 1 E,US-WA,46.533,-121.9327,1924,2018
USW00094248,RENTON MUNICIPAL AIRPORT,US-WA,47.49513,-122.21442,1998,2025
USC00456974,REPUBLIC,US-WA,48.64623,-118.73681,1899,2023
USC00457010,RICHARDSON 3 SE,US-WA,48.43333,-122.83333,1949,1958
USC00457015,RICHLAND,US-WA,46.3119,-119.2633,1944,2025
USC00457038,RIMROCK TIETON DAM,US-WA,46.65,-121.13333,1917,1977
USC00457059,RITZVILLE 1 SSE,US-WA,47.1175,-118.37146,1899,2025
USC00457180,ROSALIA,US-WA,47.23446,-117.36364,1893,2025
USC00457223,RUFF 3 SW,US-WA,47.13333,-119.05,1925,1956
USC00457319,SAPPHO 8 E,US-WA,48.06667,-124.11667,1936,1997
USC00457342,SATUS PASS 2 SSW,US-WA,45.9481,-120.6669,1968,2025
USC00457379,SCENIC,US-WA,47.7,-121.15,1908,1970
USW00024234,SEATTLE BOEING FIELD,US-WA,47.54554,-122.31475,1948,2025
USC00457463,SEATTLE MAPLE LEAF R,US-WA,47.7,-122.31667,1941,1960
USW00024244,SEATTLE NAS,US-WA,47.68333,-122.26667,1929,1970
USW00024281,SEATTLE PORTAGE BAY,US-WA,47.65,-122.3,1894,1998
USW00094290,SEATTLE SAND POINT WEATHER FORECAST OFFICE,US-WA,47.6872,-122.2553,1986,2025
USW00024233,SEATTLE TACOMA AIRPORT,US-WA,47.44467,-122.31442,1948,2025
USC00457478,SEATTLE UNIVERSITY OF WASH,US-WA,47.65,-122.28333,1909,1983
USC00457507,SEDRO WOOLLEY,US-WA,48.49611,-122.235,1896,2025
USC00457522,SELAH 2 NE,US-WA,46.6722,-120.4994,1998,2025
USC00457538,SEQUIM,US-WA,48.08333,-123.1,1916,1980
USC00457584,SHELTON,US-WA,47.2,-123.1,1931,1999
USW00094227,SHELTON AIRPORT,US-WA,47.23842,-123.14147,1998,2025
USC00457657,SILVERTON,US-WA,48.06667,-121.56667,1910,1951
USC00457696,SKAMANIA FISH HATCHERY,US-WA,45.622,-122.2178,1965,2025
USC00457708,SKYKOMISH,US-WA,47.7,-121.36667,1935,1955
USC00457773,SNOQUALMIE FALLS,US-WA,47.5413,-121.8361,1898,2022
USC00457781,SNOQUALMIE PASS,US-WA,47.4247,-121.4138,1910,1972
USC00457919,SPIRIT LAKE RANGER STATION,US-WA,46.26667,-122.15,1932,1956
USW00094176,SPOKANE FELTS FIELD,US-WA,47.68575,-117.32141,1998,2025
USW00024157,SPOKANE INTERNATIONAL AIRPORT,US-WA,47.62168,-117.52796,1889,2025
USC00457941,SPOKANE WEATHER FORECAST OFFICE,US-WA,47.6812,-117.62675,1996,2025
USC00457956,SPRAGUE,US-WA,47.3,-117.98333,1899,1982
USC00457987,SPRUCE,US-WA,47.8,-124.06667,1925,1980
USC00457267,ST. JOHN,US-WA,47.09324,-117.58789,1963,2020
USW00024237,STAMPEDE PASS,US-WA,47.2767,-121.3372,1944,2024
USC00458034,STARTUP 1 E,US-WA,47.86722,-121.7175,1924,2025
USC00458059,STEHEKIN 4 NW,US-WA,48.3509,-120.7264,1906,2025
USC00458089,STEVENS PASS,US-WA,47.7372,-121.0913,1939,1994
USW00024238,STEVENSON,US-WA,45.71667,-121.83333,1948,1952
USC00458115,STOCKDILL RANCH,US-WA,48.36667,-120.33333,1909,1963
USC00458207,SUNNYSIDE,US-WA,46.3236,-120.0103,1894,2013
USW00024239,TACOMA CITY HALL,US-WA,47.25,-122.43333,1933,1981
USW00024207,TACOMA MCCHORD AFB,US-WA,47.15,-122.48333,1946,1970
USW00094274,TACOMA NARROWS AIRPORT,US-WA,47.26744,-122.57623,1999,2025
USW00024240,TATOOSH ISLAND WEATHER BUREAU,US-WA,48.39361,-124.73694,1931,1966
USC00458348,TEKOA,US-WA,47.2274,-117.08367,1905,1980
USC00458442,TIETON INTAKE,US-WA,46.66667,-121.0,1934,1972
USW00024241,TOLEDO AIRPORT,US-WA,46.48333,-122.81667,1948,2007
USC00458508,TOLT SOUTH FORK RESERVOIR,US-WA,47.7,-121.6908,1962,2025
USC00458579,TRINIDAD 2 SSE,US-WA,47.21667,-120.0,1902,1961
USC00458718,UPPER BAKER RIVER,US-WA,48.66667,-121.71667,1960,1965
USC00458728,UPPER PINE CREEK,US-WA,48.65,-119.65,1960,1961
USC00458773,VANCOUVER 4 NNE,US-WA,45.6776,-122.6514,1856,2025
USW00094298,VANCOUVER PEARSON AIRPORT,US-WA,45.62102,-122.65421,1996,2025
USC00458802,VASHON ISLAND,US-WA,47.45,-122.5,1891,1955
USC00458926,WALLA WALLA 3 W,US-WA,46.05,-118.4,1931,1962
USW00024160,WALLA WALLA REGIONAL AIRPORT,US-WA,46.09456,-118.28572,1949,2025
USW00094103,WALLA WALLA WEATHER SERVICE OFFICE,US-WA,46.03333,-118.33333,1916,1995
USC00458959,WAPATO,US-WA,46.4353,-120.4203,1915,2013
USC00456753,WASHOUGAL 8 ENE,US-WA,45.58333,-122.16667,1933,1949
USC00458999,WASHOUGAL 8 ENE,US-WA,45.6,-122.18333,1950,1964
USC00459012,WATERVILLE,US-WA,47.6497,-120.0801,1893,2021
USC00459021,WAUNA 3 W,US-WA,47.3725,-122.7027,1938,2015
USC00459024,WAWAWAI 2 NW,US-WA,46.65,-117.4,1927,1965
USC00459058,WELLPINIT,US-WA,47.8964,-117.9933,1923,2007
USC00459074,WENATCHEE,US-WA,47.42895,-120.31002,1931,2025
USC00459079,WENATCHEE EXPERIMENTAL STATION,US-WA,47.43333,-120.35,1950,2013
USW00094239,WENATCHEE PANGBORN MEMORIAL AIRPORT,US-WA,47.39746,-120.20124,1959,2025
USW00024255,WHIDBEY ISLAND NAS,US-WA,48.35,-122.66667,1945,2020
USC00459191,WHITE SWAN RANGER STATION,US-WA,46.38333,-120.71667,1927,1981
USC00459200,WHITMAN MISSION,US-WA,46.0436,-118.4628,1962,2025
USC00459238,WILBUR,US-WA,47.76799,-118.72397,1892,2025
USC00459291,WILLAPA HARBOR,US-WA,46.68333,-123.75,1895,1979
USC00459327,WILSON CREEK,US-WA,47.41667,-119.11667,1948,1980
USC00459342,WIND RIVER,US-WA,45.8,-121.93333,1901,1977
USC00459376,WINTHROP 1 WSW,US-WA,48.47429,-120.18874,1906,2025
USW00024243,YAKIMA AIRPORT,US-WA,46.56398,-120.53488,1946,2025
USC00470124,ALMA DAM 4,US-WI,44.32684,-91.91933,1936,2025
USC00470175,AMERY,US-WI,45.301,-92.363,1922,2025
USC00470239,ANTIGO,US-WI,45.16043,-89.11304,1894,2025
USC00470265,APPLETON,US-WI,44.27703,-88.43772,1893,2025
USW00004825,APPLETON OUTAGAMIE CO AIRPORT,US-WI,44.26667,-88.51667,2011,2025
USC00473636,ARGONNE 1.5 NW,US-WI,45.67347,-88.90426,1999,2025
USC00470287,ARGYLE WWTP,US-WI,42.69948,-89.86938,2001,2025
USC00470307,ARLINGTON,US-WI,43.33333,-89.36667,1931,1971
USC00470308,ARLINGTON,US-WI,43.30417,-89.3453,1962,2025
USC00470347,ASHLAND 3 S,US-WI,46.5518,-90.9142,1998,2025
USC00470349,ASHLAND EXPERIMENTAL FARM,US-WI,46.583,-90.9678,1893,2025
USW00094929,ASHLAND KENNEDY MEMORIAL AIRPORT,US-WI,46.54676,-90.91845,1998,2025
USC00470382,AUGUSTA RANGER STATION,US-WI,44.68246,-91.13561,2003,2025
USC00470486,BALDWIN,US-WI,44.96435,-92.38771,1948,2025
USC00470516,BARABOO WWTP,US-WI,43.45827,-89.72691,1893,2025
USC00470603,BAYFIELD 6 N,US-WI,46.88333,-90.81667,1893,2005
USC00470604,BAYFIELD FISH HATCHERY,US-WI,46.7873,-90.8641,2015,2025
USC00470645,BEAVER DAM WWTP,US-WI,43.44274,-88.84517,1893,2025
USC00470696,BELOIT,US-WI,42.50383,-89.0311,1893,2025
USC00470735,BERLIN LOCK,US-WI,43.96667,-88.95,1894,1951
USC00470773,BIG FALLS HYDRO,US-WI,45.55556,-90.95902,1956,2025
USC00470786,BIG ST GERMAIN DAM,US-WI,45.91667,-89.53333,1910,1971
USC00470855,BLACK RIVER FALLS SEWAGE,US-WI,44.2903,-90.8538,1893,2025
USC00470882,BLAIR,US-WI,44.2905,-91.23,1925,2009
USC00470885,BLAIR 2 NW,US-WI,44.3125,-91.26528,2009,2012
USC00470904,BLOOMER,US-WI,45.09084,-91.48664,1944,2025
USW00094994,BOSCOBEL AIRPORT,US-WI,43.15614,-90.67757,1999,2025
USC00470991,BOWLER,US-WI,44.85583,-88.98889,1948,2003
USC00471039,BREAKWATER,US-WI,45.86667,-88.23333,1922,1996
USC00471064,BRILLION,US-WI,44.1613,-88.0802,1924,2025
USC00471078,BRODHEAD WWTP,US-WI,42.61819,-89.38662,1897,2025
USC00471139,BRULE ISLAND,US-WI,45.95,-88.21667,1922,1989
USC00471131,BRULE RANGER STATION,US-WI,46.5378,-91.5919,1928,2025
USC00471155,BUCKATABON,US-WI,46.03,-89.30861,1948,2011
USC00471205,BURLINGTON WWTP,US-WI,42.65081,-88.25433,1948,2025
USC00471213,BURNETT 3 S,US-WI,43.46667,-88.7,1903,1970
USC00471249,BUTTERNUT 3 SW,US-WI,45.9808,-90.5416,1997,2025
USC00471280,CASHTON,US-WI,43.7446,-90.7783,1949,2012
USC00471282,CASHTON 2 S,US-WI,43.71667,-90.76667,1956,1969
USC00471308,CEDAR FALLS HYDRO PLANT,US-WI,44.93562,-91.88857,1948,2025
USC00471416,CHARMANY FARM,US-WI,43.05959,-89.48185,1959,2025
USC00471568,CHILTON,US-WI,44.03279,-88.14683,1894,2025
USC00471578,CHIPPEWA FALLS,US-WI,44.9277,-91.4081,1889,2025
USW00014991,CHIPPEWA VALLEY REGIONAL AIRPORT,US-WI,44.86654,-91.48809,1949,2025
USC00471618,CLAM LAKE 10 SW,US-WI,46.0464,-91.0703,1998,2008
USC00471604,CLAM LAKE 4 W,US-WI,46.1694,-90.9808,2007,2025
USC00471676,CLINTONVILLE,US-WI,44.6227,-88.7483,1948,2025
USC00471708,CODDINGTON 1 E,US-WI,44.36667,-89.53333,1921,1984
USC00471840,COTTAGE GROVE,US-WI,43.0769,-89.1911,1910,2009
USC00471847,COUDERAY 7 W,US-WI,45.8003,-91.4594,1948,2025
USC00471880,CRANMOOR,US-WI,44.35,-90.0,1915,1993
USC00471897,CRIVITZ HIGH FALLS,US-WI,45.35807,-88.19222,1948,2025
USC00471913,CUBA CITY,US-WI,42.5998,-90.4241,1927,2025
USC00471923,CUMBERLAND,US-WI,45.53308,-92.02267,1931,2025
USC00471970,DALTON,US-WI,43.6561,-89.2027,1944,2007
USC00471978,DANBURY,US-WI,46.0087,-92.3735,1919,2011
USC00472001,DARLINGTON WWTP,US-WI,42.67831,-90.10607,1901,2025
USC00472165,DODGE,US-WI,44.133,-91.5511,1948,2014
USC00472173,DODGEVILLE WWTP,US-WI,42.96079,-90.116,1896,2025
USC00472240,DRUMMOND,US-WI,46.33333,-91.26667,1948,2005
USC00472279,DURAND,US-WI,44.6197,-91.9795,1935,2025
USC00472314,EAGLE RIVER,US-WI,45.9169,-89.2563,1939,2025
USC00472423,EAU CLAIRE,US-WI,44.81667,-91.5,1893,1960
USC00472447,EAU PLEINE RESERVOIR,US-WI,44.7722,-89.76745,1948,2025
USC00472507,EL DORADO 1 SSW,US-WI,43.8,-88.63333,1939,1981
USC00472556,ELLSWORTH 1 E,US-WI,44.7303,-92.4586,1908,2025
USC00472678,FAIRCHILD RANGER STATION,US-WI,44.6,-90.96667,1948,2002
USC00472814,FLAMBEAU RESERVOIR,US-WI,46.06667,-90.23333,1926,1981
USW00004840,FOND DU LAC CO AIRPORT,US-WI,43.76951,-88.49076,1996,2025
USC00472839,FOND DU LAC WWTP,US-WI,43.79535,-88.45325,1893,2025
USC00472844,FONTANA,US-WI,42.55,-88.58333,1959,1968
USC00472869,FORT ATKINSON WWTP,US-WI,42.9051,-88.85893,1941,2025
USC00472889,FOXBORO,US-WI,46.4856,-92.2875,1963,2018
USC00472934,FREDERIC,US-WI,45.65,-92.46667,1948,1971
USC00472973,FRIENDSHIP,US-WI,43.975,-89.8309,1930,2025
USC00472996,GALESVILLE 2 WSW,US-WI,44.07439,-91.3872,1938,2021
USC00473021,GAYS MILLS,US-WI,43.33333,-90.83333,1939,1956
USC00473022,GAYS MILLS,US-WI,43.3145,-90.8486,1981,2025
USC00473038,GENOA DAM 8,US-WI,43.5705,-91.2295,1936,2025
USC00473058,GERMANTOWN WASTEWATER UTILITY,US-WI,43.23889,-88.12215,1944,2025
USC00473174,GOODMAN SANITARY DISTRICT,US-WI,45.62139,-88.36028,1959,2010
USC00473186,GORDON,US-WI,46.245,-91.8047,1951,2025
USC00473214,GRAND RIVER LOCK,US-WI,43.76667,-89.3,1896,1954
USC00473242,GRANTSBURG,US-WI,45.78333,-92.68333,1893,1950
USW00014995,GRANTSBURG,US-WI,45.7728,-92.6886,1950,2025
USW00014898,GREEN BAY A S INTERNATIONAL AIRPORT,US-WI,44.47958,-88.1371,1886,2025
USC00473271,GREEN BAY BOTANICAL,US-WI,44.533,-88.098,1999,2025
USC00473405,HANCOCK EXPERIMENTAL FARM,US-WI,44.11869,-89.53587,1903,2025
USC00473453,HARTFORD WWTP,US-WI,43.33159,-88.41165,1893,2025
USC00473471,HATFIELD,US-WI,44.4169,-90.7314,1908,2009
USW00094973,HAYWARD MUNICIPAL AIRPORT,US-WI,46.03028,-91.44263,1996,2025
USC00473511,HAYWARD RANGER STATION,US-WI,46.0002,-91.5074,1893,2025
USC00473649,HILLSBORO,US-WI,43.65,-90.33333,1893,1958
USC00473654,HILLSBORO,US-WI,43.6541,-90.3339,1948,2010
USC00473650,HILLSBORO 2 SW,US-WI,43.6341,-90.3792,2013,2025
USC00473698,HOLCOMBE,US-WI,45.2237,-91.127,1929,2025
USC00473702,HOLY HILL 2 E,US-WI,43.2422,-88.2888,2007,2016
USC00473756,HORICON WWTP,US-WI,43.4388,-88.63133,1970,2025
USC00473800,HURLEY,US-WI,46.4625,-90.1955,1987,2025
USC00473979,JANESVILLE,US-WI,42.66667,-89.01667,1893,1987
USC00474080,JUMP RIVER 3 E,US-WI,45.3497,-90.7484,1948,2015
USW00004845,KENOSHA REGIONAL AIRPORT,US-WI,42.59529,-87.93832,1997,2025
USC00474174,KENOSHA WWTP,US-WI,42.56082,-87.81556,1944,2025
USC00474195,KEWAUNEE,US-WI,44.4628,-87.50491,1908,2025
USW00014920,LA CROSSE REGIONAL AIRPORT,US-WI,43.87922,-91.25301,1938,2025
USC00474367,LA CROSSE STATE UNIVERSITY,US-WI,43.81667,-91.23333,1955,1970
USC00474404,LA FARGE,US-WI,43.57341,-90.63203,1940,2025
USC00474383,LAC VIEUX DESERT,US-WI,46.1211,-89.0758,1908,2025
USC00474391,LADYSMITH 3 W,US-WI,45.46524,-91.12359,1901,2025
USC00474457,LAKE GENEVA WWTP,US-WI,42.60064,-88.42521,1945,2025
USC00474482,LAKE MILLS WWTP,US-WI,43.08029,-88.89661,1893,2025
USC00474523,LAKEWOOD 3 NE,US-WI,45.33333,-88.49806,1968,2008
USC00474546,LANCASTER 4 WSW,US-WI,42.8278,-90.7889,1893,2025
USC00474555,LAND O LAKES,US-WI,46.16667,-89.21667,1942,1954
USC00474582,LAONA 6 SW,US-WI,45.5119,-88.7594,1927,2015
USW00014921,LONE ROCK TRI CO AIRPORT,US-WI,43.21106,-90.18739,1948,2025
USC00474829,LONG LAKE DAM,US-WI,45.88833,-89.13889,1908,2001
USC00474894,LUCK,US-WI,45.5733,-92.4852,1971,2025
USC00474937,LYNXVILLE DAM 9,US-WI,43.2118,-91.0985,1936,2025
USC00474953,MADELINE ISLAND,US-WI,46.778,-90.7654,1944,2023
USW00014837,MADISON DANE CO REGIONAL AIRPORT,US-WI,43.14069,-89.34521,1939,2025
USW00094811,MADISON MUNICIPAL AIRPORT,US-WI,43.13333,-89.33333,1951,1952
USC00474966,MADISON WEATHER BUREAU CITY,US-WI,43.08333,-89.4,1869,1963
USC00475017,MANITOWOC,US-WI,44.08688,-87.65219,1893,2025
USW00094897,MANITOWOC,US-WI,44.13333,-87.66667,2011,2025
USC00475091,MARINETTE,US-WI,45.09828,-87.62358,1919,2025
USC00475120,MARSHFIELD EXPERIMENTAL FARM,US-WI,44.64113,-90.13332,1912,2025
USW00094985,MARSHFIELD MUNICIPAL AIRPORT,US-WI,44.6379,-90.18755,1996,2025
USC00475164,MATHER 3 NW,US-WI,44.1746,-90.3482,1903,2025
USC00475178,MAUSTON 1 SE,US-WI,43.7899,-90.0597,1905,2025
USC00475236,MEADOW VALLEY RANGER STATION,US-WI,44.23333,-90.23333,1893,1953
USC00475255,MEDFORD,US-WI,45.13075,-90.34396,1889,2025
USW00054911,MEDFORD TAYLOR CO AIRPORT,US-WI,45.10083,-90.30333,2013,2025
USC00475286,MELLEN 4 NE,US-WI,46.3689,-90.6417,1926,2018
USC00475298,MENASHA,US-WI,44.2,-88.46667,1896,1956
USC00475330,MENOMONIE,US-WI,44.86667,-91.91667,1893,1957
USC00475335,MENOMONIE,US-WI,44.87407,-91.93652,1948,2025
USC00475352,MERCER RANGER STATION,US-WI,46.1683,-90.0722,1940,2025
USC00475364,MERRILL,US-WI,45.17849,-89.66154,1905,2025
USW00014839,MILWAUKEE MITCHELL AIRPORT,US-WI,42.95489,-87.9045,1938,2025
USC00475477,MILWAUKEE N SIDE,US-WI,43.11667,-87.93333,1949,1976
USC00475516,MINOCQUA,US-WI,45.8865,-89.7322,1903,2025
USC00475563,MONDOVI,US-WI,44.5647,-91.6719,1908,2025
USC00475573,MONROE WWTP,US-WI,42.59905,-89.66707,1948,2025
USC00475581,MONTELLO WWTP,US-WI,43.7801,-89.31713,1954,2025
USC00475677,MOUNT HOREB 1 WSW,US-WI,43.0,-89.76667,1904,1962
USC00475474,MOUNT MARY COLLEGE,US-WI,43.07211,-88.02953,1946,2019
USC00475718,MUSCODA,US-WI,43.17722,-90.42722,1908,2000
USC00475786,NECEDAH 2 SE,US-WI,44.0261,-90.0813,1953,2012
USC00475808,NEILLSVILLE 3 ESE,US-WI,44.5378,-90.535,1893,2025
USC00475932,NEW LONDON,US-WI,44.3587,-88.71877,1896,2025
USC00475863,NEWALD 4 N,US-WI,45.78333,-88.7,1959,1997
USC00476122,NORTH PELICAN,US-WI,45.63583,-89.24167,1948,2004
USC00476200,OCONOMOWOC WWTP,US-WI,43.10027,-88.50352,1893,2025
USC00476208,OCONTO 4 W,US-WI,44.89186,-87.95491,1893,2025
USC00476280,ONTARIO 3 E,US-WI,43.7194,-90.5301,1975,2025
USC00476330,OSHKOSH,US-WI,44.02055,-88.55783,1893,2025
USW00094855,OSHKOSH WITTMAN REGIONAL AIRPORT,US-WI,43.9871,-88.55642,1996,2025
USC00476357,OWEN 1 E,US-WI,44.94613,-90.55178,1946,2025
USC00476398,PARK FALLS DNR HQ,US-WI,45.9336,-90.4506,1910,2025
USC00476413,PATTISON RANGER STAION,US-WI,46.5372,-92.1186,1998,2025
USC00476518,PHELPS,US-WI,46.0663,-89.0752,1910,2025
USC00476594,PINE RIVER 3 NE,US-WI,44.18333,-89.03333,1894,1982
USC00476622,PITTSVILLE,US-WI,44.43333,-90.13333,1938,1987
USC00476646,PLATTEVILLE,US-WI,42.7488,-90.4655,1936,2013
USC00476678,PLYMOUTH WWTP,US-WI,43.72998,-87.97146,1910,2025
USC00476764,PORT WASHINGTON,US-WI,43.3944,-87.8636,1893,2012
USC00476772,PORT WING,US-WI,46.7781,-91.3856,1947,2008
USC00476718,PORTAGE WWTP,US-WI,43.53056,-89.43697,1889,2025
USC00476827,PRAIRIE DU CHIEN,US-WI,43.0515,-91.1349,1893,2025
USW00004963,PRAIRIE DU CHIEN MUNICIPAL AIRPORT,US-WI,43.01917,-91.12361,2013,2025
USC00476838,PRAIRIE DU SAC 2 N,US-WI,43.31,-89.72833,1908,2008
USC00476859,PRENTICE NUMBER 2,US-WI,45.5447,-90.3017,1898,2016
USW00094818,RACINE BATTEN AIRPORT,US-WI,42.75856,-87.8178,1998,2025
USC00476922,RACINE WWTP,US-WI,42.70287,-87.78576,1896,2025
USC00476939,RAINBOW RSVR LK TOMAHAWK,US-WI,45.83403,-89.54712,1946,1996
USC00477015,READSTOWN,US-WI,43.4494,-90.765,1954,2025
USC00477052,REEDSBURG WWTP,US-WI,43.52287,-90.00017,1893,2025
USC00477092,REST LAKE,US-WI,46.1222,-89.8772,1913,2025
USC00477113,RHINELANDER,US-WI,45.59852,-89.45081,1893,2025
USW00004803,RHINELANDER ONEIDA CO AIRPORT,US-WI,45.63143,-89.4824,1998,2025
USC00477121,RIB FALLS,US-WI,44.96722,-89.89611,1948,2003
USC00477132,RICE LAKE,US-WI,45.41669,-91.77247,1948,2025
USC00477140,RICE RESERVOIR TOMAHAWK,US-WI,45.5397,-89.7477,1948,2025
USC00477158,RICHLAND CENTER,US-WI,43.3314,-90.3888,1908,2015
USC00477174,RIDGELAND 1 NNE,US-WI,45.21405,-91.88766,1948,2025
USC00477209,RIPON 5 NE,US-WI,43.8863,-88.7444,1946,2015
USC00477226,RIVER FALLS,US-WI,44.8544,-92.6122,1918,2025
USC00477349,ROSHOLT,US-WI,44.62715,-89.30603,1941,2025
USC00473332,SAXON 1 WSW,US-WI,46.4859,-90.4373,1952,2019
USC00477636,SEYMOUR,US-WI,44.50444,-88.33333,1983,2001
USC00477708,SHAWANO 2 SSW,US-WI,44.76306,-88.61838,1893,2025
USC00477725,SHEBOYGAN,US-WI,43.75,-87.71667,1899,2008
USW00004841,SHEBOYGAN CO MEMORIAL AIRPORT,US-WI,43.7748,-87.84903,1996,2025
USC00477792,SHOREWOOD,US-WI,43.1,-87.9,1959,1966
USC00477892,SOLON SPRINGS,US-WI,46.3576,-91.8318,1906,2015
USC00477997,SPARTA,US-WI,43.9365,-90.8163,1893,2024
USW00094940,SPARTA FORT MCCOY,US-WI,43.96667,-90.73333,2013,2025
USC00478027,SPOONER AG RESEARCH STATION,US-WI,45.8236,-91.8761,1894,2025
USC00477480,ST GERMAIN,US-WI,45.9155,-89.4894,1971,2025
USC00477464,ST. CROIX FALLS,US-WI,45.4117,-92.6466,1950,2025
USC00478110,STANLEY WWTP,US-WI,44.9529,-90.927,1903,2014
USC00478164,STEUBEN 4 SE,US-WI,43.1343,-90.8372,1971,2025
USC00478171,STEVENS POINT,US-WI,44.5115,-89.5853,1893,2025
USC00478190,STOCKBRIDGE MUNSEE RESERVATION,US-WI,44.86989,-88.90443,2003,2025
USC00478229,STOUGHTON WWTP,US-WI,42.9111,-89.21309,1931,2025
USC00478241,STRATFORD 1 NW,US-WI,44.8175,-90.08987,1948,2025
USC00478267,STURGEON BAY EXPERIMENTAL FARM,US-WI,44.8799,-87.33578,1905,2025
USC00478288,SUGAR CAMP,US-WI,45.8647,-89.3819,1910,2003
USC00478349,SUPERIOR,US-WI,46.727,-92.072,1909,2025
USC00478528,TOMAHAWK SPIRIT RESE,US-WI,45.43333,-89.75,1902,1977
USC00478561,TOWNSEND,US-WI,45.33333,-88.58333,1910,1968
USC00478589,TREMPEALEAU DAM 6,US-WI,43.9994,-91.4378,1936,2025
USC00478672,TWO RIVERS,US-WI,44.143,-87.5677,1950,2025
USC00478723,UNION GROVE WWTP,US-WI,42.69049,-88.03363,1941,2025
USC00478750,UPSON,US-WI,46.3678,-90.4122,1998,2025
USC00478827,VIROQUA,US-WI,43.5595,-90.876,1893,2025
USW00094930,VOLK FIELD ANG,US-WI,43.93333,-90.26667,1961,1970
USC00478905,WASHINGTON IS,US-WI,45.3582,-86.891,1944,2025
USC00478919,WATERTOWN WWTP,US-WI,43.17424,-88.73633,1893,2025
USC00478937,WAUKESHA WWTP,US-WI,42.99852,-88.25253,1893,2025
USC00478951,WAUPACA,US-WI,44.35475,-89.05951,1895,2025
USW00014897,WAUSAU ASOS,US-WI,44.927497,-89.625279,1941,2025
USC00478971,WAUSAU RECORD HERALD,US-WI,44.95,-89.61667,1895,1960
USC00478978,WAUSAUKEE,US-WI,45.3802,-87.9566,1897,2025
USC00475469,WEST ALLIS,US-WI,43.03333,-87.96667,1948,1951
USC00479046,WEST ALLIS,US-WI,42.99806,-88.02407,1951,2025
USC00479050,WEST BEND,US-WI,43.36806,-88.08583,1895,2003
USC00479119,WEST SALEM,US-WI,43.9,-91.08333,1945,1954
USC00479062,WESTBY 3 ENE,US-WI,43.6749,-90.8077,1956,2019
USC00479144,WEYERHAEUSER 1 N,US-WI,45.4426,-91.4181,1906,2007
USC00479145,WEYERHAEUSER 2,US-WI,45.4283,-91.4204,2011,2013
USC00479176,WHITE LAKE 1 SE,US-WI,45.1452,-88.7416,1931,2025
USC00479190,WHITEWATER WWTP,US-WI,42.85077,-88.72486,1941,2025
USC00479226,WILLIAMS BAY,US-WI,42.58333,-88.53333,1925,1958
USC00479236,WILLOW RESERVOIR,US-WI,45.70871,-89.8483,1934,2025
USC00479304,WINTER,US-WI,45.7992,-90.9947,1915,2021
USC00479319,WISCONSIN DELLS WWTP,US-WI,43.60725,-89.76344,1922,2025
USC00479335,WISCONSIN RAPIDS,US-WI,44.388,-89.8055,1903,2013
USW00004826,WISCONSIN RAPIDS ALEXANDER FIELD,US-WI,44.35904,-89.83695,1996,2025
USC00460102,ALDERSON,US-WV,37.72716,-80.65837,1944,2025
USC00460249,ARBOVALE 2,US-WV,38.43333,-79.81667,1908,1974
USC00460355,ATHENS,US-WV,37.4225,-81.02556,1940,2003
USC00460509,BARTOW 1 S,US-WV,38.53137,-79.77141,1944,2025
USC00460527,BAYARD,US-WV,39.27273,-79.36847,1902,2025
USW00003872,BECKLEY RALEIGH CO AIRPORT,US-WV,37.78359,-81.12283,1963,2025
USC00460580,BECKLEY VA HOSPITAL,US-WV,37.76475,-81.19405,1893,2025
USC00460633,BELINGTON,US-WV,39.023,-79.933,1938,2011
USC00460687,BENS RUN 1 SSE,US-WV,39.46667,-81.1,1900,1985
USC00460679,BENSON,US-WV,39.15,-80.55,1923,1964
USC00460710,BERKELEY SPRINGS,US-WV,39.61667,-78.21667,1904,1975
USC00460843,BIRCH RIVER 4 SW,US-WV,38.45694,-80.79306,2003,2005
USC00460844,BIRCH RIVER 6 SSW,US-WV,38.4,-80.8,1949,1964
USC00460918,BLUEFIELD 2 NW,US-WV,37.26667,-81.26667,1891,1960
USW00003859,BLUEFIELD MERCER CO AIRPORT,US-WV,37.2978,-81.20358,1959,2025
USC00460939,BLUESTONE LAKE,US-WV,37.64199,-80.88278,1943,2025
USC00461083,BRANDONVILLE,US-WV,39.66667,-79.61667,1909,1989
USC00461173,BROWNSVILLE,US-WV,39.0,-80.48333,1923,1954
USC00461204,BRUSHY RUN,US-WV,38.83333,-79.25,1938,1984
USC00461215,BUCKEYE,US-WV,38.18731,-80.13359,1952,2023
USC00461220,BUCKHANNON,US-WV,38.98033,-80.22009,1888,2025
USC00461319,CABWAYLINGO STATE FO,US-WV,37.98333,-82.35,1904,1961
USC00461324,CACAPON ST PARK NUMBER 2,US-WV,39.50932,-78.29739,1973,2025
USC00461330,CAIRO,US-WV,39.20472,-81.15722,1981,2005
USC00461328,CAIRO 3 S,US-WV,39.16667,-81.16667,1899,1981
USC00461363,CAMDEN ON GAULEY 2 SW,US-WV,38.3567,-80.6294,1915,2012
USC00461393,CANAAN VALLEY,US-WV,39.05,-79.41667,1944,1996
USC00461397,CANAAN VALLEY NUMBER 2,US-WV,39.0483,-79.4406,1993,2025
USC00461575,CHARLESTON 1,US-WV,38.35,-81.65,1892,1974
USC00461579,CHARLESTON WEATHER FORECAST OFFICE,US-WV,38.35382,-81.71011,1996,2025
USW00013866,CHARLESTON WEST VIRGINIA INTERNATIONAL YEAGER AIRPORT,US-WV,38.3795,-81.59112,1947,2025
USC00461591,CHEAT BRIDGE,US-WV,38.61056,-79.87722,1912,1997
USC00461677,CLARKSBURG 1,US-WV,39.26818,-80.35222,1922,2025
USW00003802,CLARKSBURG BENEDUM AIRPORT,US-WV,39.30218,-80.22392,1939,2025
USC00461696,CLAY,US-WV,38.4598,-81.0849,1897,2010
USC00461723,CLENDENIN,US-WV,38.49333,-81.34833,1951,2007
USC00461900,COOPERS ROCK STATE FOREST,US-WV,39.67722,-79.77194,1978,2012
USC00461959,CORTON,US-WV,38.48639,-81.27111,1963,1996
USC00462013,CRANBERRY GLADES,US-WV,38.18333,-80.26667,1943,1959
USC00462054,CRESTON,US-WV,38.96278,-81.27278,1894,2004
USC00462151,DAILEY 1 SE,US-WV,38.7825,-79.8911,1938,2008
USC00462709,ELKHORN,US-WV,37.3872,-81.4052,1892,2008
USW00013729,ELKINS RANDOLPH CO AIRPORT,US-WV,38.8899,-79.85544,1926,2025
USC00462920,FAIRMONT,US-WV,39.4583,-80.1353,1892,2025
USC00463072,FLAT TOP,US-WV,37.5894,-81.0925,1931,1999
USC00463215,FRANKLIN 2 NE,US-WV,38.6756,-79.3092,1906,2009
USC00463353,GARY,US-WV,37.36667,-81.55,1917,1989
USC00463361,GASSAWAY,US-WV,38.6649,-80.7672,1918,2025
USC00463464,GLADY 1 N,US-WV,38.8072,-79.7172,1973,2015
USC00463544,GLENVILLE,US-WV,38.93399,-80.83176,1888,2025
USC00463630,GRAFTON 1 NE,US-WV,39.35,-80.0,1867,1963
USC00463648,GRANTSVILLE 1 ESE,US-WV,38.90998,-81.08487,1941,2023
USC00463846,HAMLIN,US-WV,38.2794,-82.1114,1899,2014
USC00463932,HARPERS FERRY NATIONAL PK,US-WV,39.31667,-77.73333,1958,1975
USC00463974,HASTINGS,US-WV,39.55,-80.66667,1933,1975
USC00464128,HICO,US-WV,38.1225,-81.00806,1956,1997
USC00464200,HOGSETT R.C. BYRD DAM,US-WV,38.68416,-82.18384,1915,2025
USC00464281,HORNER,US-WV,38.98333,-80.36667,1923,1967
USC00464378,HUNTINGTON 1,US-WV,38.41667,-82.36667,1891,1957
USW00003860,HUNTINGTON TRI STATE AIRPORT,US-WV,38.36531,-82.5548,1961,2025
USC00464408,IAEGER 1 SW,US-WV,37.4502,-81.8236,1941,2012
USC00464559,JANE LEW,US-WV,39.11667,-80.41667,1923,1976
USC00464619,JESSE RUN,US-WV,39.1,-80.33333,1946,1954
USC00464763,KEARNEYSVILLE,US-WV,39.38333,-77.88333,1930,1995
USC00464840,KEYSER 2 SSW,US-WV,39.42127,-79.00513,1996,2025
USC00464956,KOPPERSTON,US-WV,37.73333,-81.58333,1963,1994
USC00464971,KUMBRABOW,US-WV,38.63125,-80.08545,1939,2023
USC00465002,LAKE LYNN,US-WV,39.7204,-79.8561,1928,2021
USC00465224,LEWISBURG 3 N,US-WV,37.8566,-80.4042,1851,2025
USC00465314,LITTLE SKIN CREEK,US-WV,38.96667,-80.41667,1945,1954
USC00465353,LOGAN,US-WV,37.8663,-81.98441,1901,2025
USC00465365,LONDON LOCKS,US-WV,38.19345,-81.37007,1934,2025
USC00465563,MADISON 3 NNW,US-WV,38.10263,-81.84643,1894,2025
USC00465600,MAN,US-WV,37.74467,-81.88732,1941,2025
USC00465621,MANNINGTON 1 N,US-WV,39.55,-80.35,1901,1979
USC00465626,MANNINGTON 8 WNW,US-WV,39.5436,-80.4647,1946,2019
USC00465672,MARLINTON,US-WV,38.2175,-80.0914,1893,2016
USW00013734,MARTINSBURG EASTERN WEST VIRGINIA REGIONAL AIRPORT,US-WV,39.40375,-77.97501,1926,2025
USC00465739,MATHIAS,US-WV,38.87222,-78.86167,1936,2001
USC00465963,MIDDLEBOURNE 3 ESE,US-WV,39.46998,-80.85708,1927,2025
USC00466163,MOOREFIELD 1 SSE,US-WV,39.0461,-78.9664,1892,2017
USC00466168,MOOREFIELD MC NEILL,US-WV,39.2,-78.85,1949,1964
USC00466207,MORGANTOWN 1,US-WV,39.63333,-79.95,1872,1952
USC00466212,MORGANTOWN LOCK AND DAM,US-WV,39.6203,-79.9698,1921,2025
USW00013736,MORGANTOWN MUNICIPAL AIRPORT,US-WV,39.64981,-79.92064,1872,2025
USC00466248,MOUNDSVILLE,US-WV,39.9055,-80.7549,1963,2025
USC00466325,MULLENS 3 E,US-WV,37.57844,-81.32724,1940,2025
USC00466442,NEW CUMBERLAND L D,US-WV,40.5261,-80.6275,1892,2025
USC00466467,NEW MARTINSVILLE 4 N,US-WV,39.68333,-80.85,1892,1975
USC00466591,OAK HILL,US-WV,37.9715,-81.1507,1941,2012
USW00013867,PARKERSBURG,US-WV,39.28115,-81.55694,1926,2025
USW00003804,PARKERSBURG MID OHIO VALLEY REGIONAL AIRPORT,US-WV,39.33948,-81.44379,1948,2025
USC00466867,PARSONS 3 SE,US-WV,39.0736,-79.634,1899,2021
USC00466912,PEA RIDGE PSD,US-WV,38.41969,-82.29879,2001,2025
USC00466952,PETERSBURG,US-WV,38.99706,-79.1342,1994,2025
USW00013738,PETERSBURG,US-WV,39.0,-79.11667,1939,1971
USC00466982,PHILIPPI,US-WV,39.1461,-80.0411,1896,2010
USC00466991,PICKENS 1,US-WV,38.66667,-80.21667,1902,1986
USC00467004,PIEDMONT,US-WV,39.48333,-79.03333,1914,1966
USC00467018,PIKE ISLAND LOCK AND DAM,US-WV,40.1478,-80.7014,1981,2025
USC00467105,POINT PLEASANT,US-WV,38.85,-82.13333,1890,1954
USC00467207,PRINCETON,US-WV,37.3854,-81.08233,1900,2025
USC00465875,QUINWOOD,US-WV,38.05856,-80.69893,1989,2025
USC00467306,RAINELLE,US-WV,37.96667,-80.78333,1930,1955
USC00467503,RICHWOOD,US-WV,38.23333,-80.55,1951,1977
USC00467513,RICHWOOD 1 SSE,US-WV,38.2062,-80.5205,1986,2012
USC00467552,RIPLEY,US-WV,38.81727,-81.71178,1941,2025
USC00467649,ROCK CAVE 2 NE,US-WV,38.8561,-80.3074,1953,2025
USC00467730,ROMNEY 1 SW,US-WV,39.33898,-78.77106,1870,2025
USC00467785,ROWLESBURG 1,US-WV,39.3419,-79.6697,1884,2018
USC00467852,SAINT ALBANS,US-WV,38.3833,-81.8339,2007,2025
USC00467883,SALEM,US-WV,39.28333,-80.56667,1875,1959
USC00468051,SENECA STATE FOREST,US-WV,38.33333,-79.925,1938,2000
USC00468308,SNOWSHOE,US-WV,38.40137,-79.99521,1975,2025
USC00468351,SOUTHSIDE 3 NNW,US-WV,38.7506,-81.9808,1998,2011
USC00468384,SPENCER,US-WV,38.80088,-81.35846,1892,2025
USC00468536,STONY RIVER DAM,US-WV,39.13333,-79.3,1919,1972
USC00468589,SUGAR GROVE 4 NNE,US-WV,38.57,-79.2758,1996,2013
USC00468580,SUGARCAMP RUN,US-WV,38.83333,-80.41667,1946,1954
USC00468614,SUMMERSVILLE LAKE,US-WV,38.22015,-80.89378,1967,2025
USC00468662,SUTTON LAKE,US-WV,38.66026,-80.6964,1917,2025
USC00468777,TERRA ALTA NUMBER 1,US-WV,39.4467,-79.5469,1948,2020
USC00468807,THOMAS,US-WV,39.15,-79.5,1929,1995
USC00469011,UNION 3 SSE,US-WV,37.5436,-80.5336,1894,2012
USC00469072,VALLEY CHAPEL,US-WV,39.1,-80.4,1923,1954
USC00469086,VALLEY HEAD,US-WV,38.5453,-80.0369,1938,2013
USC00469104,VANDALIA,US-WV,38.93333,-80.4,1923,1980
USC00469168,VIENNA BRISCOE,US-WV,39.35,-81.53333,1941,1959
USC00469281,WARDENSVILLE R M FARM,US-WV,39.10592,-78.58089,1917,2016
USC00469323,WAYNE 2,US-WV,38.226,-82.4431,1963,2014
USC00469333,WEBSTER SPRINGS,US-WV,38.4738,-80.4086,1902,2012
USC00469345,WEIRTON,US-WV,40.4,-80.6,1949,1976
USC00469368,WELLSBURG WATER TREATMENT P,US-WV,40.27528,-80.61194,1878,2004
USC00469458,WEST UNION 2,US-WV,39.29056,-80.76871,1971,2025
USC00469436,WESTON,US-WV,39.044,-80.4725,1890,2012
USW00014894,WHEELING OHIO CO AIRPORT,US-WV,40.16994,-80.64406,1948,2025
USC00469522,WHITE SULPHUR SPRINGS,US-WV,37.78839,-80.30835,1888,2025
USC00469605,WILLIAMSON,US-WV,37.66667,-82.28333,1900,1993
USC00469610,WILLIAMSON,US-WV,37.67802,-82.28909,1951,2025
USC00469683,WINFIELD LOCKS,US-WV,38.5277,-81.91535,1938,2025
USC00480027,AFTON,US-WY,42.73303,-110.92168,1957,2025
USC00480080,ALBIN,US-WY,41.4,-104.1016,1948,2009
USC00480091,ALCOVA 17 NW,US-WY,42.73333,-107.01667,1961,1987
USC00480124,ALPINE 1 SE,US-WY,43.18333,-111.05,1960,1966
USC00480140,ALTA 1 NNW,US-WY,43.7727,-111.03386,1909,2025
USC00480200,ALVA 5 ESE,US-WY,44.65222,-104.34917,1948,2001
USC00480228,ANCHOR DAM,US-WY,43.66667,-108.83333,1961,1979
USC00489305,ANTELOPE CREEK RANCH,US-WY,43.45,-105.5,1940,1959
USC00480270,ARCHER,US-WY,41.15167,-104.6575,1911,2005
USC00480380,ARVADA 3 N,US-WY,44.7,-106.1,1936,1977
USC00480443,ATLANTIC CITY ORE MINE,US-WY,42.53333,-108.76667,1963,1984
USC00480484,BAGGS,US-WY,41.03842,-107.65786,1979,2025
USC00480498,BAIROIL,US-WY,42.25,-107.55,1948,1952
USC00480540,BASIN,US-WY,44.37985,-108.03495,1898,2025
USC00480550,BATES CREEK,US-WY,42.55,-106.33333,1952,1969
USC00480552,BATES CREEK NUMBER 2,US-WY,42.62336,-106.35659,1969,2025
USC00480585,BECHLER RIVER RANGER STATION,US-WY,44.14944,-111.0475,1911,2025
USC00480605,BEDFORD 2 SE,US-WY,42.86667,-110.9,1899,1967
USC00480603,BEDFORD 3 SE,US-WY,42.87311,-110.90691,1975,2025
USC00480680,BIG HORN,US-WY,44.6828,-107.0089,1949,2025
USC00480695,BIG PINEY,US-WY,42.5414,-110.1252,1948,2025
USW00024164,BIG PINEY MARBLETON AIRPORT,US-WY,42.57802,-110.10976,1998,2025
USC00480737,BILL 18 NNW,US-WY,43.46667,-105.43333,1961,1962
USC00480740,BILLY CREEK,US-WY,44.1241,-106.7319,1962,2013
USC00480761,BITTER CREEK 4 NE,US-WY,41.58959,-108.50939,1962,2025
USC00480865,BONDURANT,US-WY,43.2095,-110.40323,1948,2025
USC00480915,BORDER 3 N,US-WY,42.21278,-111.04556,1902,1993
USC00480951,BOULDER REARING STATION,US-WY,42.71554,-109.68956,1989,2025
USC00481000,BOYSEN DAM,US-WY,43.40536,-108.16338,1948,2025
USC00481032,BRIGHT 7 NE,US-WY,43.35,-104.26667,1948,1957
USC00481165,BUFFALO,US-WY,44.34702,-106.69315,1899,2023
USC00481160,BUFFALO 5 W,US-WY,44.36667,-106.8,1940,1964
USC00481175,BUFFALO BILL DAM,US-WY,44.50747,-109.16745,1905,2025
USW00094054,BUFFALO JOHNSON CO AIRPORT,US-WY,44.38121,-106.7195,1998,2025
USC00481139,BUFORD 5 SE,US-WY,41.0705,-105.2519,2011,2012
USC00481220,BURGESS JUNCTION,US-WY,44.7741,-107.5216,1960,2025
USC00481284,BURRIS,US-WY,43.36556,-109.27545,1951,2020
USC00481547,CARPENTER 3 N,US-WY,41.0844,-104.3788,1948,2006
USC00481565,CASPER 2 E,US-WY,42.85,-106.26667,1900,1981
USW00024089,CASPER NATRONA CO AIRPORT,US-WY,42.89778,-106.47361,1940,2025
USC00481610,CENTENNIAL 1 NE,US-WY,41.3136,-106.1291,1899,2007
USC00481680,CHEYENNE HORT F STATION,US-WY,41.18333,-104.88333,1935,1957
USW00024018,CHEYENNE WSFO AIRPORT,US-WY,41.15788,-104.80814,1915,2025
USC00481730,CHUGWATER,US-WY,41.75901,-104.82286,1900,2025
USC00481736,CHURCH BUTTES GAS PLANT,US-WY,41.39748,-110.08837,1891,2025
USC00481775,CLARK 3 NE,US-WY,44.93651,-109.13736,1961,2025
USC00481770,CLARK 4 SW,US-WY,44.9,-109.23333,1905,1958
USC00481816,CLEARMONT 5 SW,US-WY,44.578,-106.4472,1881,2025
USC00481840,CODY,US-WY,44.5021,-109.1112,1915,2025
USC00481850,CODY 12 SE,US-WY,44.4138,-108.90055,1949,2025
USC00481905,COLONY,US-WY,44.8694,-104.1552,1915,2025
USW00094057,CONVERSE CO AIRPORT ASOS,US-WY,42.79599,-105.38046,1999,2025
USC00482054,CORA,US-WY,42.9588,-109.9958,1979,2013
USC00482135,CRANDALL CREEK,US-WY,44.8675,-109.6436,1913,2015
USC00482375,DARWIN RANCH,US-WY,43.41269,-110.16331,1974,2025
USC00482399,DAYTON,US-WY,44.8767,-107.2631,1951,2025
USC00482410,DEAD HORSE CREEK,US-WY,44.18333,-105.9,1962,1992
USC00482415,DEAVER,US-WY,44.8924,-108.59299,1916,2025
USC00482465,DEVILS TOWER,US-WY,44.58333,-104.71667,1932,1958
USC00482466,DEVILS TOWER NUMBER 2,US-WY,44.5833,-104.7147,1959,2025
USC00482580,DILLINGER,US-WY,44.099,-105.1175,1941,2025
USC00482595,DIVERSION DAM,US-WY,43.228,-108.94917,1920,2024
USC00482610,DIXON,US-WY,41.03333,-107.53333,1922,1978
USC00482680,DOUBLE FOUR RANCH,US-WY,42.1794,-105.4016,1942,2005
USW00024019,DOUGLAS,US-WY,42.75,-105.38333,1948,1995
USC00482685,DOUGLAS 1 SE,US-WY,42.7467,-105.3603,1909,2016
USC00482715,DUBOIS,US-WY,43.53976,-109.65522,1905,2025
USC00482725,DULL CENTER 1 SE,US-WY,43.4117,-104.9614,1926,2022
USC00482845,EAST GATE Y NATIONAL PARK,US-WY,44.5,-110.0,1907,1952
USC00482881,ECHETA 2 NW,US-WY,44.48278,-105.89917,1908,2006
USC00482995,ELK MOUNTAIN,US-WY,41.6877,-106.4136,1948,2016
USC00483031,EMBLEM,US-WY,44.4971,-108.39057,1911,2025
USC00483045,ENCAMPMENT 10 ESE,US-WY,41.18333,-106.61667,1948,1998
USC00483100,EVANSTON 1 E,US-WY,41.26248,-110.9455,1890,2025
USW00004111,EVANSTON UINTA CO BURNS FIELD,US-WY,41.27269,-111.03056,1999,2025
USC00483170,FARSON 2 NNE,US-WY,42.13976,-109.43088,1915,2025
USW00024118,FORT BRIDGER AIRPORT,US-WY,41.4,-110.41667,1940,1966
USC00483490,FORT LARAMIE 11 NNW,US-WY,42.38333,-104.53333,1927,1979
USC00483570,FORT WASHAKIE 1 SE,US-WY,42.98333,-108.86667,1929,1979
USC00483582,FOSSIL BUTTE,US-WY,41.83683,-110.77056,1990,2025
USC00483614,FOUR CORNERS 5 NW,US-WY,44.13333,-104.21667,1947,1950
USC00483616,FOUR CORNERS 5 S,US-WY,44.01667,-104.16667,1948,1957
USC00483630,FOXPARK,US-WY,41.08333,-106.15,1911,1979
USC00483801,GAS HILLS 4 E,US-WY,42.8394,-107.5133,1962,2007
USC00483865,GILLETTE 18 SW,US-WY,44.08333,-105.71667,1949,1985
USC00483855,GILLETTE 3 SE,US-WY,44.2666,-105.4489,1902,2025
USW00094023,GILLETTE CAMPBELL CO AIRPORT,US-WY,44.33983,-105.54159,1998,2025
USC00483936,GLENDO 6 NE,US-WY,42.5283,-104.9152,2005,2019
USC00483950,GLENROCK 5 ESE,US-WY,42.8266,-105.7877,1941,2008
USC00484036,GRASS CREEK,US-WY,43.95,-108.65,1949,1990
USC00484050,GRASSY LAKE DAM,US-WY,44.13333,-110.83333,1942,1952
USC00484065,GREEN RIVER,US-WY,41.51671,-109.47017,1897,2025
USC00484080,GREYBULL,US-WY,44.48934,-108.05359,1951,2019
USW00024048,GREYBULL SOUTH BIG HORN CO AIRPORT,US-WY,44.51734,-108.0752,1998,2025
USC00484095,GROVER 2 S,US-WY,42.75,-110.91667,1903,1957
USC00484125,GUERNSEY DAM,US-WY,42.3,-104.76667,1944,1962
USC00484225,HAMPSHIRE 3 SW,US-WY,43.55,-104.73333,1921,1955
USC00484315,HAT CREEK 15 NNE,US-WY,43.13333,-104.23333,1948,1957
USC00484411,HEART MOUNTAIN,US-WY,44.7052,-108.9558,1942,2008
USC00484440,HECLA,US-WY,41.15,-105.18333,1898,1979
USC00484442,HECLA 1 E,US-WY,41.15,-105.1667,1979,2025
USC00484700,HORSE CREEK 2 NW,US-WY,41.45,-105.23333,1955,1978
USC00484760,HULETT,US-WY,44.6855,-104.6027,1941,2018
USC00484770,HUNTERS STATION,US-WY,44.36667,-106.95,1906,1952
USC00484910,JACKSON,US-WY,43.48629,-110.76153,1905,2025
USW00024166,JACKSON HOLE AIRPORT,US-WY,43.6,-110.73333,2011,2025
USC00484920,JAY EM,US-WY,42.46667,-104.36667,1949,1975
USC00484925,JEFFREY CITY,US-WY,42.49368,-107.82708,1964,2025
USC00484970,JIREH,US-WY,42.78333,-104.7,1910,1952
USC00485055,KAYCEE,US-WY,43.71434,-106.63765,1900,2025
USC00485085,KEELINE 3 W,US-WY,42.76667,-104.78333,1953,1987
USC00485088,KEELINE 7 SW,US-WY,42.5155,-104.8719,1987,2005
USC00485105,KEMMERER 2 N,US-WY,41.81814,-110.53328,1902,2025
USC00485115,KENDALL,US-WY,43.16667,-109.98333,1904,1976
USC00485137,KEYHOLE DAM,US-WY,44.38333,-104.76667,1949,1958
USC00485252,LA BARGE,US-WY,42.2644,-110.195,1958,2012
USC00485260,LA GRANGE,US-WY,41.6377,-104.1669,1948,2010
USC00485345,LAKE YELLOWSTONE,US-WY,44.56211,-110.3986,1904,2025
USC00485355,LAMAR RANGER STATION,US-WY,44.89553,-110.23416,1881,2025
USC00485377,LANCE CREEK 18 N,US-WY,43.3,-104.66667,1948,1985
USC00485372,LANCE CREEK 3 WNW,US-WY,43.05,-104.7,1962,1984
USW00024021,LANDER AIRPORT,US-WY,42.81536,-108.72604,1948,2025
USC00485410,LARAMIE 2,US-WY,41.31667,-105.58333,1892,1961
USC00485435,LARAMIE 2 NW,US-WY,41.33994,-105.6085,1966,2025
USW00024022,LARAMIE AIRPORT,US-WY,41.3165,-105.67288,1948,2025
USC00485465,LAWVER,US-WY,43.86667,-105.23333,1948,1957
USC00485467,LAWVER 10 SW,US-WY,43.76667,-105.38333,1948,1978
USC00485525,LEO 6 SW,US-WY,42.1952,-106.8555,1930,2025
USC00485612,LINGLE 2 WSW,US-WY,42.12983,-104.38994,1952,2025
USC00485720,LOOKOUT 14 NE,US-WY,41.83333,-105.63333,1933,1965
USC00485734,LOST CABIN,US-WY,43.28333,-107.63333,1961,1982
USC00485770,LOVELL,US-WY,44.83772,-108.404,1897,2025
USC00485780,LOWER CRAZY WOMAN CR,US-WY,44.5,-106.18333,1943,1956
USC00485170,LUSK 18 ENE,US-WY,42.83333,-104.11667,1948,1964
USC00485830,LUSK 2 SW,US-WY,42.7505,-104.4811,1893,2007
USC00485833,LUSK 25 NE,US-WY,42.9366,-104.0669,2003,2023
USC00486000,MARSHALL 7 SW,US-WY,42.21667,-105.93333,1948,1959
USC00486081,MCFADDEN,US-WY,41.65,-106.13333,1949,1958
USC00486120,MEDICINE BOW,US-WY,41.89939,-106.20556,1881,2025
USC00486175,METZ RANCH,US-WY,44.21667,-106.75,1948,1962
USC00486185,MIDDLE FORK,US-WY,42.75,-108.8,1948,1955
USC00486195,MIDWEST,US-WY,43.41316,-106.27727,1939,2025
USW00024088,MOORCROFT,US-WY,44.2647,-104.9523,1903,2025
USC00486428,MOOSE,US-WY,43.65358,-110.71681,1958,2025
USC00486430,MOOSE 3 NW,US-WY,43.7,-110.73333,1935,1958
USC00486440,MORAN 5 WNW,US-WY,43.85664,-110.58876,1911,2025
USC00486450,MORRISEY,US-WY,43.51667,-104.33333,1948,1978
USC00486470,MORTON 1 NW,US-WY,43.21667,-108.78333,1949,1968
USC00486595,MUDDY GAP,US-WY,42.3627,-107.4444,1949,2008
USC00486660,NEWCASTLE,US-WY,43.8497,-104.1886,1906,2025
USC00486662,NEWCASTLE 14 W,US-WY,43.83333,-104.48333,1948,1958
USC00486664,NEWCASTLE 15 SSE,US-WY,43.66667,-104.13333,1948,1958
USC00486680,NINE MILE CREEK,US-WY,43.81667,-106.48333,1921,1960
USC00486845,OLD FAITHFUL,US-WY,44.45684,-110.83269,1904,2025
USC00486941,OSAGE 10 NNE,US-WY,44.13333,-104.38333,1950,1958
USC00486952,OSHOTO,US-WY,44.58333,-104.93333,1926,1958
USC00486960,OSHOTO 15 NW,US-WY,44.78333,-105.08333,1969,1981
USC00487031,PAHASKA,US-WY,44.50269,-109.96418,2000,2025
USC00487079,PARKMAN 5 WNW,US-WY,44.98333,-107.43333,1949,1983
USC00487105,PATHFINDER DAM,US-WY,42.47165,-106.85268,1905,2025
USC00487115,PAVILLION,US-WY,43.24595,-108.69417,1919,2025
USC00487200,PHILLIPS,US-WY,41.62496,-104.49439,1948,2018
USC00487235,PINE BLUFFS,US-WY,41.18333,-104.06667,1919,1988
USC00487260,PINEDALE,US-WY,42.87489,-109.86233,1948,2025
USC00487330,POLE MOUNTAIN,US-WY,41.2,-105.38333,1950,1958
USC00487376,POWDER RIVER NUMBER 2,US-WY,43.035,-106.98833,1964,2009
USC00487375,POWDER RIVER SCHOOL,US-WY,43.03518,-106.98947,1948,2025
USC00487380,POWELL,US-WY,44.75,-108.76667,1907,1981
USC00487388,POWELL FIELD STATION,US-WY,44.77638,-108.75904,1981,2025
USC00487420,QUAKING ASPEN CREEK,US-WY,43.98333,-109.08333,1922,1950
USC00487530,RAWLINS,US-WY,41.78333,-107.25,1948,1954
USW00024057,RAWLINS AIRPORT,US-WY,41.80644,-107.19518,1951,2025
USC00487540,RECLUSE 3 NNE,US-WY,44.78333,-105.68333,1948,1966
USC00487555,REDBIRD,US-WY,43.24266,-104.28641,1948,2025
USC00487683,RENO,US-WY,43.68333,-105.51667,1963,1983
USC00487760,RIVERTON,US-WY,43.03068,-108.37432,1907,2025
USW00024061,RIVERTON REGIONAL AIRPORT,US-WY,43.06217,-108.44705,1996,2025
USC00487765,RIVERTON USBR,US-WY,43.03333,-108.36667,1949,1952
USC00487810,ROCHELLE 7 ENE,US-WY,43.64487,-104.8414,1927,2025
USC00487840,ROCK SPRINGS,US-WY,41.58333,-109.21667,1898,1979
USW00024027,ROCK SPRINGS AIRPORT,US-WY,41.59465,-109.0529,1948,2025
USC00487847,ROCK SPRINGS FIRE DEPARTMENT,US-WY,41.57779,-109.23955,2003,2025
USC00487885,ROCKYPOINT 7 NNE,US-WY,44.9916,-105.0472,1911,2010
USC00487895,ROSS,US-WY,43.45,-105.86667,1938,1961
USC00487955,SAGE 4 NNW,US-WY,41.86667,-111.0,1923,2001
USC00487980,SAND DRAW,US-WY,42.76667,-108.18333,1948,1977
USC00487990,SARATOGA,US-WY,41.45278,-106.80528,1948,2007
USC00488070,SEMINOE DAM,US-WY,42.15716,-106.915,1948,2011
USC00488095,SHAWNEE,US-WY,42.75,-105.0,1948,1955
USC00488124,SHELL,US-WY,44.53514,-107.7774,1958,2025
USW00024029,SHERIDAN AIRPORT,US-WY,44.76031,-106.97413,1948,2025
USC00488160,SHERIDAN FIELD STATION,US-WY,44.8405,-106.8383,1920,2025
USC00488192,SHIRLEY BASIN,US-WY,42.3703,-106.10497,1978,2025
USC00488209,SHOSHONI,US-WY,43.23716,-108.10964,1931,2025
USC00488315,SNAKE RIVER,US-WY,44.13632,-110.66631,1905,2025
USC00488385,SOUTH PASS CITY,US-WY,42.46667,-108.8,1900,2014
USC00488475,SPENCER 10 NE,US-WY,43.43333,-104.16667,1917,1974
USC00488626,STORY,US-WY,44.5767,-106.9062,1950,2025
USC00488647,STRONER 2 NW,US-WY,44.78333,-105.08333,1959,1969
USC00488705,SUNDANCE,US-WY,44.4121,-104.3567,1893,2021
USC00488748,SUNSHINE 3 SW,US-WY,43.98333,-109.08333,1950,1963
USC00488808,SYBILLE RESEARCH UNIT,US-WY,41.76432,-105.37498,1964,2025
USC00488845,TENNYSON,US-WY,41.35,-104.38333,1941,1981
USC00488852,TENSLEEP 4 NE,US-WY,44.06479,-107.38198,1964,2025
USC00488875,THERMOPOLIS,US-WY,43.64832,-108.20367,1899,2025
USC00488880,THERMOPOLIS 2,US-WY,43.65,-108.21667,1965,1990
USC00488888,THERMOPOLIS 25 WNW,US-WY,43.723,-108.6963,1951,2012
USC00488884,THERMOPOLIS 9 NE,US-WY,43.75327,-108.14303,1991,2025
USC00488995,TORRINGTON EXPERIMENTAL FARM,US-WY,42.0802,-104.2236,1922,2007
USW00094053,TORRINGTON MUNICIPAL AIRPORT,US-WY,42.06131,-104.15846,1998,2025
USC00489025,TOWER FALLS,US-WY,44.91653,-110.42033,1948,2025
USC00489205,UPTON,US-WY,44.0928,-104.6114,1908,2025
USC00489206,UPTON 12 S,US-WY,43.91667,-104.63333,1949,1957
USC00489207,UPTON 13 SW,US-WY,43.92694,-104.74556,1948,2001
USC00489459,WAMSUTTER,US-WY,41.67166,-107.97841,1897,2025
USC00489580,WESTON 1 E,US-WY,44.64021,-105.30095,1951,2025
USC00489604,WHALEN DAM USBR,US-WY,42.2494,-104.628,1949,2025
USC00489615,WHEATLAND 4 N,US-WY,42.11011,-104.94912,1893,2023
USC00489770,WORLAND,US-WY,44.01134,-107.96838,1907,2025
USW00024062,WORLAND MUNICIPAL AIRPORT,US-WY,43.96538,-107.95016,1960,2025
USW00094173,YELLOWSTONE LAKE,US-WY,44.544778,-110.422064,1998,2025
USC00489902,YELLOWSTONE NATIONAL PARK EAST ENT,US-WY,44.48874,-110.0038,2000,2025
USC00489905,YELLOWSTONE PARK MAMMOTH,US-WY,44.97668,-110.6964,1894,2025
USC00489925,YODER 2 WSW,US-WY,41.913,-104.388,1921,2011
